path,room_id,is_synthetic
/content/dataset/real/room_1.jpeg,1,0
/content/dataset/synthetic/room_1/syn_00.png,1,1
/content/dataset/synthetic/room_1/syn_01.png,1,1
/content/dataset/synthetic/room_1/syn_02.png,1,1
/content/dataset/synthetic/room_1/syn_03.png,1,1
/content/dataset/synthetic/room_1/syn_04.png,1,1
/content/dataset/synthetic/room_1/syn_05.png,1,1
/content/dataset/synthetic/room_1/syn_06.png,1,1
/content/dataset/synthetic/room_1/syn_07.png,1,1
/content/dataset/synthetic/room_1/syn_08.png,1,1
/content/dataset/synthetic/room_1/syn_09.png,1,1
/content/dataset/real/room_10.jpg,10,0
/content/dataset/synthetic/room_10/syn_00.png,10,1
/content/dataset/synthetic/room_10/syn_01.png,10,1
/content/dataset/synthetic/room_10/syn_02.png,10,1
/content/dataset/synthetic/room_10/syn_03.png,10,1
/content/dataset/synthetic/room_10/syn_04.png,10,1
/content/dataset/synthetic/room_10/syn_05.png,10,1
/content/dataset/synthetic/room_10/syn_06.png,10,1
/content/dataset/synthetic/room_10/syn_07.png,10,1
/content/dataset/synthetic/room_10/syn_08.png,10,1
/content/dataset/synthetic/room_10/syn_09.png,10,1
/content/dataset/real/room_100.jpg,100,0
/content/dataset/synthetic/room_100/syn_00.png,100,1
/content/dataset/synthetic/room_100/syn_01.png,100,1
/content/dataset/synthetic/room_100/syn_02.png,100,1
/content/dataset/synthetic/room_100/syn_03.png,100,1
/content/dataset/synthetic/room_100/syn_04.png,100,1
/content/dataset/synthetic/room_100/syn_05.png,100,1
/content/dataset/synthetic/room_100/syn_06.png,100,1
/content/dataset/synthetic/room_100/syn_07.png,100,1
/content/dataset/synthetic/room_100/syn_08.png,100,1
/content/dataset/synthetic/room_100/syn_09.png,100,1
/content/dataset/real/room_101.jpeg,101,0
/content/dataset/synthetic/room_101/syn_00.png,101,1
/content/dataset/synthetic/room_101/syn_01.png,101,1
/content/dataset/synthetic/room_101/syn_02.png,101,1
/content/dataset/synthetic/room_101/syn_03.png,101,1
/content/dataset/synthetic/room_101/syn_04.png,101,1
/content/dataset/synthetic/room_101/syn_05.png,101,1
/content/dataset/synthetic/room_101/syn_06.png,101,1
/content/dataset/synthetic/room_101/syn_07.png,101,1
/content/dataset/synthetic/room_101/syn_08.png,101,1
/content/dataset/synthetic/room_101/syn_09.png,101,1
/content/dataset/real/room_102.jpg,102,0
/content/dataset/synthetic/room_102/syn_00.png,102,1
/content/dataset/synthetic/room_102/syn_01.png,102,1
/content/dataset/synthetic/room_102/syn_02.png,102,1
/content/dataset/synthetic/room_102/syn_03.png,102,1
/content/dataset/synthetic/room_102/syn_04.png,102,1
/content/dataset/synthetic/room_102/syn_05.png,102,1
/content/dataset/synthetic/room_102/syn_06.png,102,1
/content/dataset/synthetic/room_102/syn_07.png,102,1
/content/dataset/synthetic/room_102/syn_08.png,102,1
/content/dataset/synthetic/room_102/syn_09.png,102,1
/content/dataset/real/room_103.jpeg,103,0
/content/dataset/synthetic/room_103/syn_00.png,103,1
/content/dataset/synthetic/room_103/syn_01.png,103,1
/content/dataset/synthetic/room_103/syn_02.png,103,1
/content/dataset/synthetic/room_103/syn_03.png,103,1
/content/dataset/synthetic/room_103/syn_04.png,103,1
/content/dataset/synthetic/room_103/syn_05.png,103,1
/content/dataset/synthetic/room_103/syn_06.png,103,1
/content/dataset/synthetic/room_103/syn_07.png,103,1
/content/dataset/synthetic/room_103/syn_08.png,103,1
/content/dataset/synthetic/room_103/syn_09.png,103,1
/content/dataset/real/room_104.jpg,104,0
/content/dataset/synthetic/room_104/syn_00.png,104,1
/content/dataset/synthetic/room_104/syn_01.png,104,1
/content/dataset/synthetic/room_104/syn_02.png,104,1
/content/dataset/synthetic/room_104/syn_03.png,104,1
/content/dataset/synthetic/room_104/syn_04.png,104,1
/content/dataset/synthetic/room_104/syn_05.png,104,1
/content/dataset/synthetic/room_104/syn_06.png,104,1
/content/dataset/synthetic/room_104/syn_07.png,104,1
/content/dataset/synthetic/room_104/syn_08.png,104,1
/content/dataset/synthetic/room_104/syn_09.png,104,1
/content/dataset/real/room_105.jpeg,105,0
/content/dataset/synthetic/room_105/syn_00.png,105,1
/content/dataset/synthetic/room_105/syn_01.png,105,1
/content/dataset/synthetic/room_105/syn_02.png,105,1
/content/dataset/synthetic/room_105/syn_03.png,105,1
/content/dataset/synthetic/room_105/syn_04.png,105,1
/content/dataset/synthetic/room_105/syn_05.png,105,1
/content/dataset/synthetic/room_105/syn_06.png,105,1
/content/dataset/synthetic/room_105/syn_07.png,105,1
/content/dataset/synthetic/room_105/syn_08.png,105,1
/content/dataset/synthetic/room_105/syn_09.png,105,1
/content/dataset/real/room_106.jpg,106,0
/content/dataset/synthetic/room_106/syn_00.png,106,1
/content/dataset/synthetic/room_106/syn_01.png,106,1
/content/dataset/synthetic/room_106/syn_02.png,106,1
/content/dataset/synthetic/room_106/syn_03.png,106,1
/content/dataset/synthetic/room_106/syn_04.png,106,1
/content/dataset/synthetic/room_106/syn_05.png,106,1
/content/dataset/synthetic/room_106/syn_06.png,106,1
/content/dataset/synthetic/room_106/syn_07.png,106,1
/content/dataset/synthetic/room_106/syn_08.png,106,1
/content/dataset/synthetic/room_106/syn_09.png,106,1
/content/dataset/real/room_107.jpeg,107,0
/content/dataset/synthetic/room_107/syn_00.png,107,1
/content/dataset/synthetic/room_107/syn_01.png,107,1
/content/dataset/synthetic/room_107/syn_02.png,107,1
/content/dataset/synthetic/room_107/syn_03.png,107,1
/content/dataset/synthetic/room_107/syn_04.png,107,1
/content/dataset/synthetic/room_107/syn_05.png,107,1
/content/dataset/synthetic/room_107/syn_06.png,107,1
/content/dataset/synthetic/room_107/syn_07.png,107,1
/content/dataset/synthetic/room_107/syn_08.png,107,1
/content/dataset/synthetic/room_107/syn_09.png,107,1
/content/dataset/real/room_108.jpg,108,0
/content/dataset/synthetic/room_108/syn_00.png,108,1
/content/dataset/synthetic/room_108/syn_01.png,108,1
/content/dataset/synthetic/room_108/syn_02.png,108,1
/content/dataset/synthetic/room_108/syn_03.png,108,1
/content/dataset/synthetic/room_108/syn_04.png,108,1
/content/dataset/synthetic/room_108/syn_05.png,108,1
/content/dataset/synthetic/room_108/syn_06.png,108,1
/content/dataset/synthetic/room_108/syn_07.png,108,1
/content/dataset/synthetic/room_108/syn_08.png,108,1
/content/dataset/synthetic/room_108/syn_09.png,108,1
/content/dataset/real/room_109.jpeg,109,0
/content/dataset/synthetic/room_109/syn_00.png,109,1
/content/dataset/synthetic/room_109/syn_01.png,109,1
/content/dataset/synthetic/room_109/syn_02.png,109,1
/content/dataset/synthetic/room_109/syn_03.png,109,1
/content/dataset/synthetic/room_109/syn_04.png,109,1
/content/dataset/synthetic/room_109/syn_05.png,109,1
/content/dataset/synthetic/room_109/syn_06.png,109,1
/content/dataset/synthetic/room_109/syn_07.png,109,1
/content/dataset/synthetic/room_109/syn_08.png,109,1
/content/dataset/synthetic/room_109/syn_09.png,109,1
/content/dataset/real/room_11.jpeg,11,0
/content/dataset/synthetic/room_11/syn_00.png,11,1
/content/dataset/synthetic/room_11/syn_01.png,11,1
/content/dataset/synthetic/room_11/syn_02.png,11,1
/content/dataset/synthetic/room_11/syn_03.png,11,1
/content/dataset/synthetic/room_11/syn_04.png,11,1
/content/dataset/synthetic/room_11/syn_05.png,11,1
/content/dataset/synthetic/room_11/syn_06.png,11,1
/content/dataset/synthetic/room_11/syn_07.png,11,1
/content/dataset/synthetic/room_11/syn_08.png,11,1
/content/dataset/synthetic/room_11/syn_09.png,11,1
/content/dataset/real/room_110.jpg,110,0
/content/dataset/synthetic/room_110/syn_00.png,110,1
/content/dataset/synthetic/room_110/syn_01.png,110,1
/content/dataset/synthetic/room_110/syn_02.png,110,1
/content/dataset/synthetic/room_110/syn_03.png,110,1
/content/dataset/synthetic/room_110/syn_04.png,110,1
/content/dataset/synthetic/room_110/syn_05.png,110,1
/content/dataset/synthetic/room_110/syn_06.png,110,1
/content/dataset/synthetic/room_110/syn_07.png,110,1
/content/dataset/synthetic/room_110/syn_08.png,110,1
/content/dataset/synthetic/room_110/syn_09.png,110,1
/content/dataset/real/room_111.jpeg,111,0
/content/dataset/synthetic/room_111/syn_00.png,111,1
/content/dataset/synthetic/room_111/syn_01.png,111,1
/content/dataset/synthetic/room_111/syn_02.png,111,1
/content/dataset/synthetic/room_111/syn_03.png,111,1
/content/dataset/synthetic/room_111/syn_04.png,111,1
/content/dataset/synthetic/room_111/syn_05.png,111,1
/content/dataset/synthetic/room_111/syn_06.png,111,1
/content/dataset/synthetic/room_111/syn_07.png,111,1
/content/dataset/synthetic/room_111/syn_08.png,111,1
/content/dataset/synthetic/room_111/syn_09.png,111,1
/content/dataset/real/room_112.jpg,112,0
/content/dataset/synthetic/room_112/syn_00.png,112,1
/content/dataset/synthetic/room_112/syn_01.png,112,1
/content/dataset/synthetic/room_112/syn_02.png,112,1
/content/dataset/synthetic/room_112/syn_03.png,112,1
/content/dataset/synthetic/room_112/syn_04.png,112,1
/content/dataset/synthetic/room_112/syn_05.png,112,1
/content/dataset/synthetic/room_112/syn_06.png,112,1
/content/dataset/synthetic/room_112/syn_07.png,112,1
/content/dataset/synthetic/room_112/syn_08.png,112,1
/content/dataset/synthetic/room_112/syn_09.png,112,1
/content/dataset/real/room_113.jpeg,113,0
/content/dataset/synthetic/room_113/syn_00.png,113,1
/content/dataset/synthetic/room_113/syn_01.png,113,1
/content/dataset/synthetic/room_113/syn_02.png,113,1
/content/dataset/synthetic/room_113/syn_03.png,113,1
/content/dataset/synthetic/room_113/syn_04.png,113,1
/content/dataset/synthetic/room_113/syn_05.png,113,1
/content/dataset/synthetic/room_113/syn_06.png,113,1
/content/dataset/synthetic/room_113/syn_07.png,113,1
/content/dataset/synthetic/room_113/syn_08.png,113,1
/content/dataset/synthetic/room_113/syn_09.png,113,1
/content/dataset/real/room_114.jpg,114,0
/content/dataset/synthetic/room_114/syn_00.png,114,1
/content/dataset/synthetic/room_114/syn_01.png,114,1
/content/dataset/synthetic/room_114/syn_02.png,114,1
/content/dataset/synthetic/room_114/syn_03.png,114,1
/content/dataset/synthetic/room_114/syn_04.png,114,1
/content/dataset/synthetic/room_114/syn_05.png,114,1
/content/dataset/synthetic/room_114/syn_06.png,114,1
/content/dataset/synthetic/room_114/syn_07.png,114,1
/content/dataset/synthetic/room_114/syn_08.png,114,1
/content/dataset/synthetic/room_114/syn_09.png,114,1
/content/dataset/real/room_115.jpeg,115,0
/content/dataset/synthetic/room_115/syn_00.png,115,1
/content/dataset/synthetic/room_115/syn_01.png,115,1
/content/dataset/synthetic/room_115/syn_02.png,115,1
/content/dataset/synthetic/room_115/syn_03.png,115,1
/content/dataset/synthetic/room_115/syn_04.png,115,1
/content/dataset/synthetic/room_115/syn_05.png,115,1
/content/dataset/synthetic/room_115/syn_06.png,115,1
/content/dataset/synthetic/room_115/syn_07.png,115,1
/content/dataset/synthetic/room_115/syn_08.png,115,1
/content/dataset/synthetic/room_115/syn_09.png,115,1
/content/dataset/real/room_116.jpg,116,0
/content/dataset/synthetic/room_116/syn_00.png,116,1
/content/dataset/synthetic/room_116/syn_01.png,116,1
/content/dataset/synthetic/room_116/syn_02.png,116,1
/content/dataset/synthetic/room_116/syn_03.png,116,1
/content/dataset/synthetic/room_116/syn_04.png,116,1
/content/dataset/synthetic/room_116/syn_05.png,116,1
/content/dataset/synthetic/room_116/syn_06.png,116,1
/content/dataset/synthetic/room_116/syn_07.png,116,1
/content/dataset/synthetic/room_116/syn_08.png,116,1
/content/dataset/synthetic/room_116/syn_09.png,116,1
/content/dataset/real/room_117.jpeg,117,0
/content/dataset/synthetic/room_117/syn_00.png,117,1
/content/dataset/synthetic/room_117/syn_01.png,117,1
/content/dataset/synthetic/room_117/syn_02.png,117,1
/content/dataset/synthetic/room_117/syn_03.png,117,1
/content/dataset/synthetic/room_117/syn_04.png,117,1
/content/dataset/synthetic/room_117/syn_05.png,117,1
/content/dataset/synthetic/room_117/syn_06.png,117,1
/content/dataset/synthetic/room_117/syn_07.png,117,1
/content/dataset/synthetic/room_117/syn_08.png,117,1
/content/dataset/synthetic/room_117/syn_09.png,117,1
/content/dataset/real/room_118.jpg,118,0
/content/dataset/synthetic/room_118/syn_00.png,118,1
/content/dataset/synthetic/room_118/syn_01.png,118,1
/content/dataset/synthetic/room_118/syn_02.png,118,1
/content/dataset/synthetic/room_118/syn_03.png,118,1
/content/dataset/synthetic/room_118/syn_04.png,118,1
/content/dataset/synthetic/room_118/syn_05.png,118,1
/content/dataset/synthetic/room_118/syn_06.png,118,1
/content/dataset/synthetic/room_118/syn_07.png,118,1
/content/dataset/synthetic/room_118/syn_08.png,118,1
/content/dataset/synthetic/room_118/syn_09.png,118,1
/content/dataset/real/room_119.jpeg,119,0
/content/dataset/synthetic/room_119/syn_00.png,119,1
/content/dataset/synthetic/room_119/syn_01.png,119,1
/content/dataset/synthetic/room_119/syn_02.png,119,1
/content/dataset/synthetic/room_119/syn_03.png,119,1
/content/dataset/synthetic/room_119/syn_04.png,119,1
/content/dataset/synthetic/room_119/syn_05.png,119,1
/content/dataset/synthetic/room_119/syn_06.png,119,1
/content/dataset/synthetic/room_119/syn_07.png,119,1
/content/dataset/synthetic/room_119/syn_08.png,119,1
/content/dataset/synthetic/room_119/syn_09.png,119,1
/content/dataset/real/room_12.jpg,12,0
/content/dataset/synthetic/room_12/syn_00.png,12,1
/content/dataset/synthetic/room_12/syn_01.png,12,1
/content/dataset/synthetic/room_12/syn_02.png,12,1
/content/dataset/synthetic/room_12/syn_03.png,12,1
/content/dataset/synthetic/room_12/syn_04.png,12,1
/content/dataset/synthetic/room_12/syn_05.png,12,1
/content/dataset/synthetic/room_12/syn_06.png,12,1
/content/dataset/synthetic/room_12/syn_07.png,12,1
/content/dataset/synthetic/room_12/syn_08.png,12,1
/content/dataset/synthetic/room_12/syn_09.png,12,1
/content/dataset/real/room_120.jpg,120,0
/content/dataset/synthetic/room_120/syn_00.png,120,1
/content/dataset/synthetic/room_120/syn_01.png,120,1
/content/dataset/synthetic/room_120/syn_02.png,120,1
/content/dataset/synthetic/room_120/syn_03.png,120,1
/content/dataset/synthetic/room_120/syn_04.png,120,1
/content/dataset/synthetic/room_120/syn_05.png,120,1
/content/dataset/synthetic/room_120/syn_06.png,120,1
/content/dataset/synthetic/room_120/syn_07.png,120,1
/content/dataset/synthetic/room_120/syn_08.png,120,1
/content/dataset/synthetic/room_120/syn_09.png,120,1
/content/dataset/real/room_121.jpeg,121,0
/content/dataset/synthetic/room_121/syn_00.png,121,1
/content/dataset/synthetic/room_121/syn_01.png,121,1
/content/dataset/synthetic/room_121/syn_02.png,121,1
/content/dataset/synthetic/room_121/syn_03.png,121,1
/content/dataset/synthetic/room_121/syn_04.png,121,1
/content/dataset/synthetic/room_121/syn_05.png,121,1
/content/dataset/synthetic/room_121/syn_06.png,121,1
/content/dataset/synthetic/room_121/syn_07.png,121,1
/content/dataset/synthetic/room_121/syn_08.png,121,1
/content/dataset/synthetic/room_121/syn_09.png,121,1
/content/dataset/real/room_122.jpg,122,0
/content/dataset/synthetic/room_122/syn_00.png,122,1
/content/dataset/synthetic/room_122/syn_01.png,122,1
/content/dataset/synthetic/room_122/syn_02.png,122,1
/content/dataset/synthetic/room_122/syn_03.png,122,1
/content/dataset/synthetic/room_122/syn_04.png,122,1
/content/dataset/synthetic/room_122/syn_05.png,122,1
/content/dataset/synthetic/room_122/syn_06.png,122,1
/content/dataset/synthetic/room_122/syn_07.png,122,1
/content/dataset/synthetic/room_122/syn_08.png,122,1
/content/dataset/synthetic/room_122/syn_09.png,122,1
/content/dataset/real/room_123.jpeg,123,0
/content/dataset/synthetic/room_123/syn_00.png,123,1
/content/dataset/synthetic/room_123/syn_01.png,123,1
/content/dataset/synthetic/room_123/syn_02.png,123,1
/content/dataset/synthetic/room_123/syn_03.png,123,1
/content/dataset/synthetic/room_123/syn_04.png,123,1
/content/dataset/synthetic/room_123/syn_05.png,123,1
/content/dataset/synthetic/room_123/syn_06.png,123,1
/content/dataset/synthetic/room_123/syn_07.png,123,1
/content/dataset/synthetic/room_123/syn_08.png,123,1
/content/dataset/synthetic/room_123/syn_09.png,123,1
/content/dataset/real/room_124.jpg,124,0
/content/dataset/synthetic/room_124/syn_00.png,124,1
/content/dataset/synthetic/room_124/syn_01.png,124,1
/content/dataset/synthetic/room_124/syn_02.png,124,1
/content/dataset/synthetic/room_124/syn_03.png,124,1
/content/dataset/synthetic/room_124/syn_04.png,124,1
/content/dataset/synthetic/room_124/syn_05.png,124,1
/content/dataset/synthetic/room_124/syn_06.png,124,1
/content/dataset/synthetic/room_124/syn_07.png,124,1
/content/dataset/synthetic/room_124/syn_08.png,124,1
/content/dataset/synthetic/room_124/syn_09.png,124,1
/content/dataset/real/room_125.jpeg,125,0
/content/dataset/synthetic/room_125/syn_00.png,125,1
/content/dataset/synthetic/room_125/syn_01.png,125,1
/content/dataset/synthetic/room_125/syn_02.png,125,1
/content/dataset/synthetic/room_125/syn_03.png,125,1
/content/dataset/synthetic/room_125/syn_04.png,125,1
/content/dataset/synthetic/room_125/syn_05.png,125,1
/content/dataset/synthetic/room_125/syn_06.png,125,1
/content/dataset/synthetic/room_125/syn_07.png,125,1
/content/dataset/synthetic/room_125/syn_08.png,125,1
/content/dataset/synthetic/room_125/syn_09.png,125,1
/content/dataset/real/room_126.jpg,126,0
/content/dataset/synthetic/room_126/syn_00.png,126,1
/content/dataset/synthetic/room_126/syn_01.png,126,1
/content/dataset/synthetic/room_126/syn_02.png,126,1
/content/dataset/synthetic/room_126/syn_03.png,126,1
/content/dataset/synthetic/room_126/syn_04.png,126,1
/content/dataset/synthetic/room_126/syn_05.png,126,1
/content/dataset/synthetic/room_126/syn_06.png,126,1
/content/dataset/synthetic/room_126/syn_07.png,126,1
/content/dataset/synthetic/room_126/syn_08.png,126,1
/content/dataset/synthetic/room_126/syn_09.png,126,1
/content/dataset/real/room_127.jpeg,127,0
/content/dataset/synthetic/room_127/syn_00.png,127,1
/content/dataset/synthetic/room_127/syn_01.png,127,1
/content/dataset/synthetic/room_127/syn_02.png,127,1
/content/dataset/synthetic/room_127/syn_03.png,127,1
/content/dataset/synthetic/room_127/syn_04.png,127,1
/content/dataset/synthetic/room_127/syn_05.png,127,1
/content/dataset/synthetic/room_127/syn_06.png,127,1
/content/dataset/synthetic/room_127/syn_07.png,127,1
/content/dataset/synthetic/room_127/syn_08.png,127,1
/content/dataset/synthetic/room_127/syn_09.png,127,1
/content/dataset/real/room_128.jpg,128,0
/content/dataset/synthetic/room_128/syn_00.png,128,1
/content/dataset/synthetic/room_128/syn_01.png,128,1
/content/dataset/synthetic/room_128/syn_02.png,128,1
/content/dataset/synthetic/room_128/syn_03.png,128,1
/content/dataset/synthetic/room_128/syn_04.png,128,1
/content/dataset/synthetic/room_128/syn_05.png,128,1
/content/dataset/synthetic/room_128/syn_06.png,128,1
/content/dataset/synthetic/room_128/syn_07.png,128,1
/content/dataset/synthetic/room_128/syn_08.png,128,1
/content/dataset/synthetic/room_128/syn_09.png,128,1
/content/dataset/real/room_129.jpeg,129,0
/content/dataset/synthetic/room_129/syn_00.png,129,1
/content/dataset/synthetic/room_129/syn_01.png,129,1
/content/dataset/synthetic/room_129/syn_02.png,129,1
/content/dataset/synthetic/room_129/syn_03.png,129,1
/content/dataset/synthetic/room_129/syn_04.png,129,1
/content/dataset/synthetic/room_129/syn_05.png,129,1
/content/dataset/synthetic/room_129/syn_06.png,129,1
/content/dataset/synthetic/room_129/syn_07.png,129,1
/content/dataset/synthetic/room_129/syn_08.png,129,1
/content/dataset/synthetic/room_129/syn_09.png,129,1
/content/dataset/real/room_13.jpeg,13,0
/content/dataset/synthetic/room_13/syn_00.png,13,1
/content/dataset/synthetic/room_13/syn_01.png,13,1
/content/dataset/synthetic/room_13/syn_02.png,13,1
/content/dataset/synthetic/room_13/syn_03.png,13,1
/content/dataset/synthetic/room_13/syn_04.png,13,1
/content/dataset/synthetic/room_13/syn_05.png,13,1
/content/dataset/synthetic/room_13/syn_06.png,13,1
/content/dataset/synthetic/room_13/syn_07.png,13,1
/content/dataset/synthetic/room_13/syn_08.png,13,1
/content/dataset/synthetic/room_13/syn_09.png,13,1
/content/dataset/real/room_130.jpg,130,0
/content/dataset/synthetic/room_130/syn_00.png,130,1
/content/dataset/synthetic/room_130/syn_01.png,130,1
/content/dataset/synthetic/room_130/syn_02.png,130,1
/content/dataset/synthetic/room_130/syn_03.png,130,1
/content/dataset/synthetic/room_130/syn_04.png,130,1
/content/dataset/synthetic/room_130/syn_05.png,130,1
/content/dataset/synthetic/room_130/syn_06.png,130,1
/content/dataset/synthetic/room_130/syn_07.png,130,1
/content/dataset/synthetic/room_130/syn_08.png,130,1
/content/dataset/synthetic/room_130/syn_09.png,130,1
/content/dataset/real/room_131.jpeg,131,0
/content/dataset/synthetic/room_131/syn_00.png,131,1
/content/dataset/synthetic/room_131/syn_01.png,131,1
/content/dataset/synthetic/room_131/syn_02.png,131,1
/content/dataset/synthetic/room_131/syn_03.png,131,1
/content/dataset/synthetic/room_131/syn_04.png,131,1
/content/dataset/synthetic/room_131/syn_05.png,131,1
/content/dataset/synthetic/room_131/syn_06.png,131,1
/content/dataset/synthetic/room_131/syn_07.png,131,1
/content/dataset/synthetic/room_131/syn_08.png,131,1
/content/dataset/synthetic/room_131/syn_09.png,131,1
/content/dataset/real/room_132.jpg,132,0
/content/dataset/synthetic/room_132/syn_00.png,132,1
/content/dataset/synthetic/room_132/syn_01.png,132,1
/content/dataset/synthetic/room_132/syn_02.png,132,1
/content/dataset/synthetic/room_132/syn_03.png,132,1
/content/dataset/synthetic/room_132/syn_04.png,132,1
/content/dataset/synthetic/room_132/syn_05.png,132,1
/content/dataset/synthetic/room_132/syn_06.png,132,1
/content/dataset/synthetic/room_132/syn_07.png,132,1
/content/dataset/synthetic/room_132/syn_08.png,132,1
/content/dataset/synthetic/room_132/syn_09.png,132,1
/content/dataset/real/room_133.jpeg,133,0
/content/dataset/synthetic/room_133/syn_00.png,133,1
/content/dataset/synthetic/room_133/syn_01.png,133,1
/content/dataset/synthetic/room_133/syn_02.png,133,1
/content/dataset/synthetic/room_133/syn_03.png,133,1
/content/dataset/synthetic/room_133/syn_04.png,133,1
/content/dataset/synthetic/room_133/syn_05.png,133,1
/content/dataset/synthetic/room_133/syn_06.png,133,1
/content/dataset/synthetic/room_133/syn_07.png,133,1
/content/dataset/synthetic/room_133/syn_08.png,133,1
/content/dataset/synthetic/room_133/syn_09.png,133,1
/content/dataset/real/room_134.jpg,134,0
/content/dataset/synthetic/room_134/syn_00.png,134,1
/content/dataset/synthetic/room_134/syn_01.png,134,1
/content/dataset/synthetic/room_134/syn_02.png,134,1
/content/dataset/synthetic/room_134/syn_03.png,134,1
/content/dataset/synthetic/room_134/syn_04.png,134,1
/content/dataset/synthetic/room_134/syn_05.png,134,1
/content/dataset/synthetic/room_134/syn_06.png,134,1
/content/dataset/synthetic/room_134/syn_07.png,134,1
/content/dataset/synthetic/room_134/syn_08.png,134,1
/content/dataset/synthetic/room_134/syn_09.png,134,1
/content/dataset/real/room_135.jpeg,135,0
/content/dataset/synthetic/room_135/syn_00.png,135,1
/content/dataset/synthetic/room_135/syn_01.png,135,1
/content/dataset/synthetic/room_135/syn_02.png,135,1
/content/dataset/synthetic/room_135/syn_03.png,135,1
/content/dataset/synthetic/room_135/syn_04.png,135,1
/content/dataset/synthetic/room_135/syn_05.png,135,1
/content/dataset/synthetic/room_135/syn_06.png,135,1
/content/dataset/synthetic/room_135/syn_07.png,135,1
/content/dataset/synthetic/room_135/syn_08.png,135,1
/content/dataset/synthetic/room_135/syn_09.png,135,1
/content/dataset/real/room_136.jpg,136,0
/content/dataset/synthetic/room_136/syn_00.png,136,1
/content/dataset/synthetic/room_136/syn_01.png,136,1
/content/dataset/synthetic/room_136/syn_02.png,136,1
/content/dataset/synthetic/room_136/syn_03.png,136,1
/content/dataset/synthetic/room_136/syn_04.png,136,1
/content/dataset/synthetic/room_136/syn_05.png,136,1
/content/dataset/synthetic/room_136/syn_06.png,136,1
/content/dataset/synthetic/room_136/syn_07.png,136,1
/content/dataset/synthetic/room_136/syn_08.png,136,1
/content/dataset/synthetic/room_136/syn_09.png,136,1
/content/dataset/real/room_137.jpeg,137,0
/content/dataset/synthetic/room_137/syn_00.png,137,1
/content/dataset/synthetic/room_137/syn_01.png,137,1
/content/dataset/synthetic/room_137/syn_02.png,137,1
/content/dataset/synthetic/room_137/syn_03.png,137,1
/content/dataset/synthetic/room_137/syn_04.png,137,1
/content/dataset/synthetic/room_137/syn_05.png,137,1
/content/dataset/synthetic/room_137/syn_06.png,137,1
/content/dataset/synthetic/room_137/syn_07.png,137,1
/content/dataset/synthetic/room_137/syn_08.png,137,1
/content/dataset/synthetic/room_137/syn_09.png,137,1
/content/dataset/real/room_138.jpg,138,0
/content/dataset/synthetic/room_138/syn_00.png,138,1
/content/dataset/synthetic/room_138/syn_01.png,138,1
/content/dataset/synthetic/room_138/syn_02.png,138,1
/content/dataset/synthetic/room_138/syn_03.png,138,1
/content/dataset/synthetic/room_138/syn_04.png,138,1
/content/dataset/synthetic/room_138/syn_05.png,138,1
/content/dataset/synthetic/room_138/syn_06.png,138,1
/content/dataset/synthetic/room_138/syn_07.png,138,1
/content/dataset/synthetic/room_138/syn_08.png,138,1
/content/dataset/synthetic/room_138/syn_09.png,138,1
/content/dataset/real/room_139.jpeg,139,0
/content/dataset/synthetic/room_139/syn_00.png,139,1
/content/dataset/synthetic/room_139/syn_01.png,139,1
/content/dataset/synthetic/room_139/syn_02.png,139,1
/content/dataset/synthetic/room_139/syn_03.png,139,1
/content/dataset/synthetic/room_139/syn_04.png,139,1
/content/dataset/synthetic/room_139/syn_05.png,139,1
/content/dataset/synthetic/room_139/syn_06.png,139,1
/content/dataset/synthetic/room_139/syn_07.png,139,1
/content/dataset/synthetic/room_139/syn_08.png,139,1
/content/dataset/synthetic/room_139/syn_09.png,139,1
/content/dataset/real/room_14.jpg,14,0
/content/dataset/synthetic/room_14/syn_00.png,14,1
/content/dataset/synthetic/room_14/syn_01.png,14,1
/content/dataset/synthetic/room_14/syn_02.png,14,1
/content/dataset/synthetic/room_14/syn_03.png,14,1
/content/dataset/synthetic/room_14/syn_04.png,14,1
/content/dataset/synthetic/room_14/syn_05.png,14,1
/content/dataset/synthetic/room_14/syn_06.png,14,1
/content/dataset/synthetic/room_14/syn_07.png,14,1
/content/dataset/synthetic/room_14/syn_08.png,14,1
/content/dataset/synthetic/room_14/syn_09.png,14,1
/content/dataset/real/room_140.jpg,140,0
/content/dataset/synthetic/room_140/syn_00.png,140,1
/content/dataset/synthetic/room_140/syn_01.png,140,1
/content/dataset/synthetic/room_140/syn_02.png,140,1
/content/dataset/synthetic/room_140/syn_03.png,140,1
/content/dataset/synthetic/room_140/syn_04.png,140,1
/content/dataset/synthetic/room_140/syn_05.png,140,1
/content/dataset/synthetic/room_140/syn_06.png,140,1
/content/dataset/synthetic/room_140/syn_07.png,140,1
/content/dataset/synthetic/room_140/syn_08.png,140,1
/content/dataset/synthetic/room_140/syn_09.png,140,1
/content/dataset/real/room_141.jpeg,141,0
/content/dataset/synthetic/room_141/syn_00.png,141,1
/content/dataset/synthetic/room_141/syn_01.png,141,1
/content/dataset/synthetic/room_141/syn_02.png,141,1
/content/dataset/synthetic/room_141/syn_03.png,141,1
/content/dataset/synthetic/room_141/syn_04.png,141,1
/content/dataset/synthetic/room_141/syn_05.png,141,1
/content/dataset/synthetic/room_141/syn_06.png,141,1
/content/dataset/synthetic/room_141/syn_07.png,141,1
/content/dataset/synthetic/room_141/syn_08.png,141,1
/content/dataset/synthetic/room_141/syn_09.png,141,1
/content/dataset/real/room_142.jpg,142,0
/content/dataset/synthetic/room_142/syn_00.png,142,1
/content/dataset/synthetic/room_142/syn_01.png,142,1
/content/dataset/synthetic/room_142/syn_02.png,142,1
/content/dataset/synthetic/room_142/syn_03.png,142,1
/content/dataset/synthetic/room_142/syn_04.png,142,1
/content/dataset/synthetic/room_142/syn_05.png,142,1
/content/dataset/synthetic/room_142/syn_06.png,142,1
/content/dataset/synthetic/room_142/syn_07.png,142,1
/content/dataset/synthetic/room_142/syn_08.png,142,1
/content/dataset/synthetic/room_142/syn_09.png,142,1
/content/dataset/real/room_143.jpeg,143,0
/content/dataset/synthetic/room_143/syn_00.png,143,1
/content/dataset/synthetic/room_143/syn_01.png,143,1
/content/dataset/synthetic/room_143/syn_02.png,143,1
/content/dataset/synthetic/room_143/syn_03.png,143,1
/content/dataset/synthetic/room_143/syn_04.png,143,1
/content/dataset/synthetic/room_143/syn_05.png,143,1
/content/dataset/synthetic/room_143/syn_06.png,143,1
/content/dataset/synthetic/room_143/syn_07.png,143,1
/content/dataset/synthetic/room_143/syn_08.png,143,1
/content/dataset/synthetic/room_143/syn_09.png,143,1
/content/dataset/real/room_144.jpg,144,0
/content/dataset/synthetic/room_144/syn_00.png,144,1
/content/dataset/synthetic/room_144/syn_01.png,144,1
/content/dataset/synthetic/room_144/syn_02.png,144,1
/content/dataset/synthetic/room_144/syn_03.png,144,1
/content/dataset/synthetic/room_144/syn_04.png,144,1
/content/dataset/synthetic/room_144/syn_05.png,144,1
/content/dataset/synthetic/room_144/syn_06.png,144,1
/content/dataset/synthetic/room_144/syn_07.png,144,1
/content/dataset/synthetic/room_144/syn_08.png,144,1
/content/dataset/synthetic/room_144/syn_09.png,144,1
/content/dataset/real/room_145.jpeg,145,0
/content/dataset/synthetic/room_145/syn_00.png,145,1
/content/dataset/synthetic/room_145/syn_01.png,145,1
/content/dataset/synthetic/room_145/syn_02.png,145,1
/content/dataset/synthetic/room_145/syn_03.png,145,1
/content/dataset/synthetic/room_145/syn_04.png,145,1
/content/dataset/synthetic/room_145/syn_05.png,145,1
/content/dataset/synthetic/room_145/syn_06.png,145,1
/content/dataset/synthetic/room_145/syn_07.png,145,1
/content/dataset/synthetic/room_145/syn_08.png,145,1
/content/dataset/synthetic/room_145/syn_09.png,145,1
/content/dataset/real/room_146.jpg,146,0
/content/dataset/synthetic/room_146/syn_00.png,146,1
/content/dataset/synthetic/room_146/syn_01.png,146,1
/content/dataset/synthetic/room_146/syn_02.png,146,1
/content/dataset/synthetic/room_146/syn_03.png,146,1
/content/dataset/synthetic/room_146/syn_04.png,146,1
/content/dataset/synthetic/room_146/syn_05.png,146,1
/content/dataset/synthetic/room_146/syn_06.png,146,1
/content/dataset/synthetic/room_146/syn_07.png,146,1
/content/dataset/synthetic/room_146/syn_08.png,146,1
/content/dataset/synthetic/room_146/syn_09.png,146,1
/content/dataset/real/room_147.jpeg,147,0
/content/dataset/synthetic/room_147/syn_00.png,147,1
/content/dataset/synthetic/room_147/syn_01.png,147,1
/content/dataset/synthetic/room_147/syn_02.png,147,1
/content/dataset/synthetic/room_147/syn_03.png,147,1
/content/dataset/synthetic/room_147/syn_04.png,147,1
/content/dataset/synthetic/room_147/syn_05.png,147,1
/content/dataset/synthetic/room_147/syn_06.png,147,1
/content/dataset/synthetic/room_147/syn_07.png,147,1
/content/dataset/synthetic/room_147/syn_08.png,147,1
/content/dataset/synthetic/room_147/syn_09.png,147,1
/content/dataset/real/room_148.jpg,148,0
/content/dataset/synthetic/room_148/syn_00.png,148,1
/content/dataset/synthetic/room_148/syn_01.png,148,1
/content/dataset/synthetic/room_148/syn_02.png,148,1
/content/dataset/synthetic/room_148/syn_03.png,148,1
/content/dataset/synthetic/room_148/syn_04.png,148,1
/content/dataset/synthetic/room_148/syn_05.png,148,1
/content/dataset/synthetic/room_148/syn_06.png,148,1
/content/dataset/synthetic/room_148/syn_07.png,148,1
/content/dataset/synthetic/room_148/syn_08.png,148,1
/content/dataset/synthetic/room_148/syn_09.png,148,1
/content/dataset/real/room_149.jpeg,149,0
/content/dataset/synthetic/room_149/syn_00.png,149,1
/content/dataset/synthetic/room_149/syn_01.png,149,1
/content/dataset/synthetic/room_149/syn_02.png,149,1
/content/dataset/synthetic/room_149/syn_03.png,149,1
/content/dataset/synthetic/room_149/syn_04.png,149,1
/content/dataset/synthetic/room_149/syn_05.png,149,1
/content/dataset/synthetic/room_149/syn_06.png,149,1
/content/dataset/synthetic/room_149/syn_07.png,149,1
/content/dataset/synthetic/room_149/syn_08.png,149,1
/content/dataset/synthetic/room_149/syn_09.png,149,1
/content/dataset/real/room_15.jpeg,15,0
/content/dataset/synthetic/room_15/syn_00.png,15,1
/content/dataset/synthetic/room_15/syn_01.png,15,1
/content/dataset/synthetic/room_15/syn_02.png,15,1
/content/dataset/synthetic/room_15/syn_03.png,15,1
/content/dataset/synthetic/room_15/syn_04.png,15,1
/content/dataset/synthetic/room_15/syn_05.png,15,1
/content/dataset/synthetic/room_15/syn_06.png,15,1
/content/dataset/synthetic/room_15/syn_07.png,15,1
/content/dataset/synthetic/room_15/syn_08.png,15,1
/content/dataset/synthetic/room_15/syn_09.png,15,1
/content/dataset/real/room_150.jpg,150,0
/content/dataset/synthetic/room_150/syn_00.png,150,1
/content/dataset/synthetic/room_150/syn_01.png,150,1
/content/dataset/synthetic/room_150/syn_02.png,150,1
/content/dataset/synthetic/room_150/syn_03.png,150,1
/content/dataset/synthetic/room_150/syn_04.png,150,1
/content/dataset/synthetic/room_150/syn_05.png,150,1
/content/dataset/synthetic/room_150/syn_06.png,150,1
/content/dataset/synthetic/room_150/syn_07.png,150,1
/content/dataset/synthetic/room_150/syn_08.png,150,1
/content/dataset/synthetic/room_150/syn_09.png,150,1
/content/dataset/real/room_151.jpeg,151,0
/content/dataset/synthetic/room_151/syn_00.png,151,1
/content/dataset/synthetic/room_151/syn_01.png,151,1
/content/dataset/synthetic/room_151/syn_02.png,151,1
/content/dataset/synthetic/room_151/syn_03.png,151,1
/content/dataset/synthetic/room_151/syn_04.png,151,1
/content/dataset/synthetic/room_151/syn_05.png,151,1
/content/dataset/synthetic/room_151/syn_06.png,151,1
/content/dataset/synthetic/room_151/syn_07.png,151,1
/content/dataset/synthetic/room_151/syn_08.png,151,1
/content/dataset/synthetic/room_151/syn_09.png,151,1
/content/dataset/real/room_152.jpg,152,0
/content/dataset/synthetic/room_152/syn_00.png,152,1
/content/dataset/synthetic/room_152/syn_01.png,152,1
/content/dataset/synthetic/room_152/syn_02.png,152,1
/content/dataset/synthetic/room_152/syn_03.png,152,1
/content/dataset/synthetic/room_152/syn_04.png,152,1
/content/dataset/synthetic/room_152/syn_05.png,152,1
/content/dataset/synthetic/room_152/syn_06.png,152,1
/content/dataset/synthetic/room_152/syn_07.png,152,1
/content/dataset/synthetic/room_152/syn_08.png,152,1
/content/dataset/synthetic/room_152/syn_09.png,152,1
/content/dataset/real/room_153.jpeg,153,0
/content/dataset/synthetic/room_153/syn_00.png,153,1
/content/dataset/synthetic/room_153/syn_01.png,153,1
/content/dataset/synthetic/room_153/syn_02.png,153,1
/content/dataset/synthetic/room_153/syn_03.png,153,1
/content/dataset/synthetic/room_153/syn_04.png,153,1
/content/dataset/synthetic/room_153/syn_05.png,153,1
/content/dataset/synthetic/room_153/syn_06.png,153,1
/content/dataset/synthetic/room_153/syn_07.png,153,1
/content/dataset/synthetic/room_153/syn_08.png,153,1
/content/dataset/synthetic/room_153/syn_09.png,153,1
/content/dataset/real/room_154.jpg,154,0
/content/dataset/synthetic/room_154/syn_00.png,154,1
/content/dataset/synthetic/room_154/syn_01.png,154,1
/content/dataset/synthetic/room_154/syn_02.png,154,1
/content/dataset/synthetic/room_154/syn_03.png,154,1
/content/dataset/synthetic/room_154/syn_04.png,154,1
/content/dataset/synthetic/room_154/syn_05.png,154,1
/content/dataset/synthetic/room_154/syn_06.png,154,1
/content/dataset/synthetic/room_154/syn_07.png,154,1
/content/dataset/synthetic/room_154/syn_08.png,154,1
/content/dataset/synthetic/room_154/syn_09.png,154,1
/content/dataset/real/room_155.jpeg,155,0
/content/dataset/synthetic/room_155/syn_00.png,155,1
/content/dataset/synthetic/room_155/syn_01.png,155,1
/content/dataset/synthetic/room_155/syn_02.png,155,1
/content/dataset/synthetic/room_155/syn_03.png,155,1
/content/dataset/synthetic/room_155/syn_04.png,155,1
/content/dataset/synthetic/room_155/syn_05.png,155,1
/content/dataset/synthetic/room_155/syn_06.png,155,1
/content/dataset/synthetic/room_155/syn_07.png,155,1
/content/dataset/synthetic/room_155/syn_08.png,155,1
/content/dataset/synthetic/room_155/syn_09.png,155,1
/content/dataset/real/room_156.jpg,156,0
/content/dataset/synthetic/room_156/syn_00.png,156,1
/content/dataset/synthetic/room_156/syn_01.png,156,1
/content/dataset/synthetic/room_156/syn_02.png,156,1
/content/dataset/synthetic/room_156/syn_03.png,156,1
/content/dataset/synthetic/room_156/syn_04.png,156,1
/content/dataset/synthetic/room_156/syn_05.png,156,1
/content/dataset/synthetic/room_156/syn_06.png,156,1
/content/dataset/synthetic/room_156/syn_07.png,156,1
/content/dataset/synthetic/room_156/syn_08.png,156,1
/content/dataset/synthetic/room_156/syn_09.png,156,1
/content/dataset/real/room_157.jpeg,157,0
/content/dataset/synthetic/room_157/syn_00.png,157,1
/content/dataset/synthetic/room_157/syn_01.png,157,1
/content/dataset/synthetic/room_157/syn_02.png,157,1
/content/dataset/synthetic/room_157/syn_03.png,157,1
/content/dataset/synthetic/room_157/syn_04.png,157,1
/content/dataset/synthetic/room_157/syn_05.png,157,1
/content/dataset/synthetic/room_157/syn_06.png,157,1
/content/dataset/synthetic/room_157/syn_07.png,157,1
/content/dataset/synthetic/room_157/syn_08.png,157,1
/content/dataset/synthetic/room_157/syn_09.png,157,1
/content/dataset/real/room_158.jpg,158,0
/content/dataset/synthetic/room_158/syn_00.png,158,1
/content/dataset/synthetic/room_158/syn_01.png,158,1
/content/dataset/synthetic/room_158/syn_02.png,158,1
/content/dataset/synthetic/room_158/syn_03.png,158,1
/content/dataset/synthetic/room_158/syn_04.png,158,1
/content/dataset/synthetic/room_158/syn_05.png,158,1
/content/dataset/synthetic/room_158/syn_06.png,158,1
/content/dataset/synthetic/room_158/syn_07.png,158,1
/content/dataset/synthetic/room_158/syn_08.png,158,1
/content/dataset/synthetic/room_158/syn_09.png,158,1
/content/dataset/real/room_159.jpeg,159,0
/content/dataset/synthetic/room_159/syn_00.png,159,1
/content/dataset/synthetic/room_159/syn_01.png,159,1
/content/dataset/synthetic/room_159/syn_02.png,159,1
/content/dataset/synthetic/room_159/syn_03.png,159,1
/content/dataset/synthetic/room_159/syn_04.png,159,1
/content/dataset/synthetic/room_159/syn_05.png,159,1
/content/dataset/synthetic/room_159/syn_06.png,159,1
/content/dataset/synthetic/room_159/syn_07.png,159,1
/content/dataset/synthetic/room_159/syn_08.png,159,1
/content/dataset/synthetic/room_159/syn_09.png,159,1
/content/dataset/real/room_16.jpg,16,0
/content/dataset/synthetic/room_16/syn_00.png,16,1
/content/dataset/synthetic/room_16/syn_01.png,16,1
/content/dataset/synthetic/room_16/syn_02.png,16,1
/content/dataset/synthetic/room_16/syn_03.png,16,1
/content/dataset/synthetic/room_16/syn_04.png,16,1
/content/dataset/synthetic/room_16/syn_05.png,16,1
/content/dataset/synthetic/room_16/syn_06.png,16,1
/content/dataset/synthetic/room_16/syn_07.png,16,1
/content/dataset/synthetic/room_16/syn_08.png,16,1
/content/dataset/synthetic/room_16/syn_09.png,16,1
/content/dataset/real/room_160.jpg,160,0
/content/dataset/synthetic/room_160/syn_00.png,160,1
/content/dataset/synthetic/room_160/syn_01.png,160,1
/content/dataset/synthetic/room_160/syn_02.png,160,1
/content/dataset/synthetic/room_160/syn_03.png,160,1
/content/dataset/synthetic/room_160/syn_04.png,160,1
/content/dataset/synthetic/room_160/syn_05.png,160,1
/content/dataset/synthetic/room_160/syn_06.png,160,1
/content/dataset/synthetic/room_160/syn_07.png,160,1
/content/dataset/synthetic/room_160/syn_08.png,160,1
/content/dataset/synthetic/room_160/syn_09.png,160,1
/content/dataset/real/room_161.jpeg,161,0
/content/dataset/synthetic/room_161/syn_00.png,161,1
/content/dataset/synthetic/room_161/syn_01.png,161,1
/content/dataset/synthetic/room_161/syn_02.png,161,1
/content/dataset/synthetic/room_161/syn_03.png,161,1
/content/dataset/synthetic/room_161/syn_04.png,161,1
/content/dataset/synthetic/room_161/syn_05.png,161,1
/content/dataset/synthetic/room_161/syn_06.png,161,1
/content/dataset/synthetic/room_161/syn_07.png,161,1
/content/dataset/synthetic/room_161/syn_08.png,161,1
/content/dataset/synthetic/room_161/syn_09.png,161,1
/content/dataset/real/room_162.jpg,162,0
/content/dataset/synthetic/room_162/syn_00.png,162,1
/content/dataset/synthetic/room_162/syn_01.png,162,1
/content/dataset/synthetic/room_162/syn_02.png,162,1
/content/dataset/synthetic/room_162/syn_03.png,162,1
/content/dataset/synthetic/room_162/syn_04.png,162,1
/content/dataset/synthetic/room_162/syn_05.png,162,1
/content/dataset/synthetic/room_162/syn_06.png,162,1
/content/dataset/synthetic/room_162/syn_07.png,162,1
/content/dataset/synthetic/room_162/syn_08.png,162,1
/content/dataset/synthetic/room_162/syn_09.png,162,1
/content/dataset/real/room_163.jpeg,163,0
/content/dataset/synthetic/room_163/syn_00.png,163,1
/content/dataset/synthetic/room_163/syn_01.png,163,1
/content/dataset/synthetic/room_163/syn_02.png,163,1
/content/dataset/synthetic/room_163/syn_03.png,163,1
/content/dataset/synthetic/room_163/syn_04.png,163,1
/content/dataset/synthetic/room_163/syn_05.png,163,1
/content/dataset/synthetic/room_163/syn_06.png,163,1
/content/dataset/synthetic/room_163/syn_07.png,163,1
/content/dataset/synthetic/room_163/syn_08.png,163,1
/content/dataset/synthetic/room_163/syn_09.png,163,1
/content/dataset/real/room_164.jpg,164,0
/content/dataset/synthetic/room_164/syn_00.png,164,1
/content/dataset/synthetic/room_164/syn_01.png,164,1
/content/dataset/synthetic/room_164/syn_02.png,164,1
/content/dataset/synthetic/room_164/syn_03.png,164,1
/content/dataset/synthetic/room_164/syn_04.png,164,1
/content/dataset/synthetic/room_164/syn_05.png,164,1
/content/dataset/synthetic/room_164/syn_06.png,164,1
/content/dataset/synthetic/room_164/syn_07.png,164,1
/content/dataset/synthetic/room_164/syn_08.png,164,1
/content/dataset/synthetic/room_164/syn_09.png,164,1
/content/dataset/real/room_165.jpeg,165,0
/content/dataset/synthetic/room_165/syn_00.png,165,1
/content/dataset/synthetic/room_165/syn_01.png,165,1
/content/dataset/synthetic/room_165/syn_02.png,165,1
/content/dataset/synthetic/room_165/syn_03.png,165,1
/content/dataset/synthetic/room_165/syn_04.png,165,1
/content/dataset/synthetic/room_165/syn_05.png,165,1
/content/dataset/synthetic/room_165/syn_06.png,165,1
/content/dataset/synthetic/room_165/syn_07.png,165,1
/content/dataset/synthetic/room_165/syn_08.png,165,1
/content/dataset/synthetic/room_165/syn_09.png,165,1
/content/dataset/real/room_166.jpg,166,0
/content/dataset/synthetic/room_166/syn_00.png,166,1
/content/dataset/synthetic/room_166/syn_01.png,166,1
/content/dataset/synthetic/room_166/syn_02.png,166,1
/content/dataset/synthetic/room_166/syn_03.png,166,1
/content/dataset/synthetic/room_166/syn_04.png,166,1
/content/dataset/synthetic/room_166/syn_05.png,166,1
/content/dataset/synthetic/room_166/syn_06.png,166,1
/content/dataset/synthetic/room_166/syn_07.png,166,1
/content/dataset/synthetic/room_166/syn_08.png,166,1
/content/dataset/synthetic/room_166/syn_09.png,166,1
/content/dataset/real/room_167.jpeg,167,0
/content/dataset/synthetic/room_167/syn_00.png,167,1
/content/dataset/synthetic/room_167/syn_01.png,167,1
/content/dataset/synthetic/room_167/syn_02.png,167,1
/content/dataset/synthetic/room_167/syn_03.png,167,1
/content/dataset/synthetic/room_167/syn_04.png,167,1
/content/dataset/synthetic/room_167/syn_05.png,167,1
/content/dataset/synthetic/room_167/syn_06.png,167,1
/content/dataset/synthetic/room_167/syn_07.png,167,1
/content/dataset/synthetic/room_167/syn_08.png,167,1
/content/dataset/synthetic/room_167/syn_09.png,167,1
/content/dataset/real/room_168.jpg,168,0
/content/dataset/synthetic/room_168/syn_00.png,168,1
/content/dataset/synthetic/room_168/syn_01.png,168,1
/content/dataset/synthetic/room_168/syn_02.png,168,1
/content/dataset/synthetic/room_168/syn_03.png,168,1
/content/dataset/synthetic/room_168/syn_04.png,168,1
/content/dataset/synthetic/room_168/syn_05.png,168,1
/content/dataset/synthetic/room_168/syn_06.png,168,1
/content/dataset/synthetic/room_168/syn_07.png,168,1
/content/dataset/synthetic/room_168/syn_08.png,168,1
/content/dataset/synthetic/room_168/syn_09.png,168,1
/content/dataset/real/room_169.jpeg,169,0
/content/dataset/synthetic/room_169/syn_00.png,169,1
/content/dataset/synthetic/room_169/syn_01.png,169,1
/content/dataset/synthetic/room_169/syn_02.png,169,1
/content/dataset/synthetic/room_169/syn_03.png,169,1
/content/dataset/synthetic/room_169/syn_04.png,169,1
/content/dataset/synthetic/room_169/syn_05.png,169,1
/content/dataset/synthetic/room_169/syn_06.png,169,1
/content/dataset/synthetic/room_169/syn_07.png,169,1
/content/dataset/synthetic/room_169/syn_08.png,169,1
/content/dataset/synthetic/room_169/syn_09.png,169,1
/content/dataset/real/room_17.jpeg,17,0
/content/dataset/synthetic/room_17/syn_00.png,17,1
/content/dataset/synthetic/room_17/syn_01.png,17,1
/content/dataset/synthetic/room_17/syn_02.png,17,1
/content/dataset/synthetic/room_17/syn_03.png,17,1
/content/dataset/synthetic/room_17/syn_04.png,17,1
/content/dataset/synthetic/room_17/syn_05.png,17,1
/content/dataset/synthetic/room_17/syn_06.png,17,1
/content/dataset/synthetic/room_17/syn_07.png,17,1
/content/dataset/synthetic/room_17/syn_08.png,17,1
/content/dataset/synthetic/room_17/syn_09.png,17,1
/content/dataset/real/room_170.jpg,170,0
/content/dataset/synthetic/room_170/syn_00.png,170,1
/content/dataset/synthetic/room_170/syn_01.png,170,1
/content/dataset/synthetic/room_170/syn_02.png,170,1
/content/dataset/synthetic/room_170/syn_03.png,170,1
/content/dataset/synthetic/room_170/syn_04.png,170,1
/content/dataset/synthetic/room_170/syn_05.png,170,1
/content/dataset/synthetic/room_170/syn_06.png,170,1
/content/dataset/synthetic/room_170/syn_07.png,170,1
/content/dataset/synthetic/room_170/syn_08.png,170,1
/content/dataset/synthetic/room_170/syn_09.png,170,1
/content/dataset/real/room_171.jpeg,171,0
/content/dataset/synthetic/room_171/syn_00.png,171,1
/content/dataset/synthetic/room_171/syn_01.png,171,1
/content/dataset/synthetic/room_171/syn_02.png,171,1
/content/dataset/synthetic/room_171/syn_03.png,171,1
/content/dataset/synthetic/room_171/syn_04.png,171,1
/content/dataset/synthetic/room_171/syn_05.png,171,1
/content/dataset/synthetic/room_171/syn_06.png,171,1
/content/dataset/synthetic/room_171/syn_07.png,171,1
/content/dataset/synthetic/room_171/syn_08.png,171,1
/content/dataset/synthetic/room_171/syn_09.png,171,1
/content/dataset/real/room_172.jpg,172,0
/content/dataset/synthetic/room_172/syn_00.png,172,1
/content/dataset/synthetic/room_172/syn_01.png,172,1
/content/dataset/synthetic/room_172/syn_02.png,172,1
/content/dataset/synthetic/room_172/syn_03.png,172,1
/content/dataset/synthetic/room_172/syn_04.png,172,1
/content/dataset/synthetic/room_172/syn_05.png,172,1
/content/dataset/synthetic/room_172/syn_06.png,172,1
/content/dataset/synthetic/room_172/syn_07.png,172,1
/content/dataset/synthetic/room_172/syn_08.png,172,1
/content/dataset/synthetic/room_172/syn_09.png,172,1
/content/dataset/real/room_173.jpeg,173,0
/content/dataset/synthetic/room_173/syn_00.png,173,1
/content/dataset/synthetic/room_173/syn_01.png,173,1
/content/dataset/synthetic/room_173/syn_02.png,173,1
/content/dataset/synthetic/room_173/syn_03.png,173,1
/content/dataset/synthetic/room_173/syn_04.png,173,1
/content/dataset/synthetic/room_173/syn_05.png,173,1
/content/dataset/synthetic/room_173/syn_06.png,173,1
/content/dataset/synthetic/room_173/syn_07.png,173,1
/content/dataset/synthetic/room_173/syn_08.png,173,1
/content/dataset/synthetic/room_173/syn_09.png,173,1
/content/dataset/real/room_174.jpg,174,0
/content/dataset/synthetic/room_174/syn_00.png,174,1
/content/dataset/synthetic/room_174/syn_01.png,174,1
/content/dataset/synthetic/room_174/syn_02.png,174,1
/content/dataset/synthetic/room_174/syn_03.png,174,1
/content/dataset/synthetic/room_174/syn_04.png,174,1
/content/dataset/synthetic/room_174/syn_05.png,174,1
/content/dataset/synthetic/room_174/syn_06.png,174,1
/content/dataset/synthetic/room_174/syn_07.png,174,1
/content/dataset/synthetic/room_174/syn_08.png,174,1
/content/dataset/synthetic/room_174/syn_09.png,174,1
/content/dataset/real/room_175.jpeg,175,0
/content/dataset/synthetic/room_175/syn_00.png,175,1
/content/dataset/synthetic/room_175/syn_01.png,175,1
/content/dataset/synthetic/room_175/syn_02.png,175,1
/content/dataset/synthetic/room_175/syn_03.png,175,1
/content/dataset/synthetic/room_175/syn_04.png,175,1
/content/dataset/synthetic/room_175/syn_05.png,175,1
/content/dataset/synthetic/room_175/syn_06.png,175,1
/content/dataset/synthetic/room_175/syn_07.png,175,1
/content/dataset/synthetic/room_175/syn_08.png,175,1
/content/dataset/synthetic/room_175/syn_09.png,175,1
/content/dataset/real/room_176.jpg,176,0
/content/dataset/synthetic/room_176/syn_00.png,176,1
/content/dataset/synthetic/room_176/syn_01.png,176,1
/content/dataset/synthetic/room_176/syn_02.png,176,1
/content/dataset/synthetic/room_176/syn_03.png,176,1
/content/dataset/synthetic/room_176/syn_04.png,176,1
/content/dataset/synthetic/room_176/syn_05.png,176,1
/content/dataset/synthetic/room_176/syn_06.png,176,1
/content/dataset/synthetic/room_176/syn_07.png,176,1
/content/dataset/synthetic/room_176/syn_08.png,176,1
/content/dataset/synthetic/room_176/syn_09.png,176,1
/content/dataset/real/room_177.jpeg,177,0
/content/dataset/synthetic/room_177/syn_00.png,177,1
/content/dataset/synthetic/room_177/syn_01.png,177,1
/content/dataset/synthetic/room_177/syn_02.png,177,1
/content/dataset/synthetic/room_177/syn_03.png,177,1
/content/dataset/synthetic/room_177/syn_04.png,177,1
/content/dataset/synthetic/room_177/syn_05.png,177,1
/content/dataset/synthetic/room_177/syn_06.png,177,1
/content/dataset/synthetic/room_177/syn_07.png,177,1
/content/dataset/synthetic/room_177/syn_08.png,177,1
/content/dataset/synthetic/room_177/syn_09.png,177,1
/content/dataset/real/room_178.jpg,178,0
/content/dataset/synthetic/room_178/syn_00.png,178,1
/content/dataset/synthetic/room_178/syn_01.png,178,1
/content/dataset/synthetic/room_178/syn_02.png,178,1
/content/dataset/synthetic/room_178/syn_03.png,178,1
/content/dataset/synthetic/room_178/syn_04.png,178,1
/content/dataset/synthetic/room_178/syn_05.png,178,1
/content/dataset/synthetic/room_178/syn_06.png,178,1
/content/dataset/synthetic/room_178/syn_07.png,178,1
/content/dataset/synthetic/room_178/syn_08.png,178,1
/content/dataset/synthetic/room_178/syn_09.png,178,1
/content/dataset/real/room_179.jpeg,179,0
/content/dataset/synthetic/room_179/syn_00.png,179,1
/content/dataset/synthetic/room_179/syn_01.png,179,1
/content/dataset/synthetic/room_179/syn_02.png,179,1
/content/dataset/synthetic/room_179/syn_03.png,179,1
/content/dataset/synthetic/room_179/syn_04.png,179,1
/content/dataset/synthetic/room_179/syn_05.png,179,1
/content/dataset/synthetic/room_179/syn_06.png,179,1
/content/dataset/synthetic/room_179/syn_07.png,179,1
/content/dataset/synthetic/room_179/syn_08.png,179,1
/content/dataset/synthetic/room_179/syn_09.png,179,1
/content/dataset/real/room_18.jpg,18,0
/content/dataset/synthetic/room_18/syn_00.png,18,1
/content/dataset/synthetic/room_18/syn_01.png,18,1
/content/dataset/synthetic/room_18/syn_02.png,18,1
/content/dataset/synthetic/room_18/syn_03.png,18,1
/content/dataset/synthetic/room_18/syn_04.png,18,1
/content/dataset/synthetic/room_18/syn_05.png,18,1
/content/dataset/synthetic/room_18/syn_06.png,18,1
/content/dataset/synthetic/room_18/syn_07.png,18,1
/content/dataset/synthetic/room_18/syn_08.png,18,1
/content/dataset/synthetic/room_18/syn_09.png,18,1
/content/dataset/real/room_180.jpg,180,0
/content/dataset/synthetic/room_180/syn_00.png,180,1
/content/dataset/synthetic/room_180/syn_01.png,180,1
/content/dataset/synthetic/room_180/syn_02.png,180,1
/content/dataset/synthetic/room_180/syn_03.png,180,1
/content/dataset/synthetic/room_180/syn_04.png,180,1
/content/dataset/synthetic/room_180/syn_05.png,180,1
/content/dataset/synthetic/room_180/syn_06.png,180,1
/content/dataset/synthetic/room_180/syn_07.png,180,1
/content/dataset/synthetic/room_180/syn_08.png,180,1
/content/dataset/synthetic/room_180/syn_09.png,180,1
/content/dataset/real/room_181.jpeg,181,0
/content/dataset/synthetic/room_181/syn_00.png,181,1
/content/dataset/synthetic/room_181/syn_01.png,181,1
/content/dataset/synthetic/room_181/syn_02.png,181,1
/content/dataset/synthetic/room_181/syn_03.png,181,1
/content/dataset/synthetic/room_181/syn_04.png,181,1
/content/dataset/synthetic/room_181/syn_05.png,181,1
/content/dataset/synthetic/room_181/syn_06.png,181,1
/content/dataset/synthetic/room_181/syn_07.png,181,1
/content/dataset/synthetic/room_181/syn_08.png,181,1
/content/dataset/synthetic/room_181/syn_09.png,181,1
/content/dataset/real/room_182.jpg,182,0
/content/dataset/synthetic/room_182/syn_00.png,182,1
/content/dataset/synthetic/room_182/syn_01.png,182,1
/content/dataset/synthetic/room_182/syn_02.png,182,1
/content/dataset/synthetic/room_182/syn_03.png,182,1
/content/dataset/synthetic/room_182/syn_04.png,182,1
/content/dataset/synthetic/room_182/syn_05.png,182,1
/content/dataset/synthetic/room_182/syn_06.png,182,1
/content/dataset/synthetic/room_182/syn_07.png,182,1
/content/dataset/synthetic/room_182/syn_08.png,182,1
/content/dataset/synthetic/room_182/syn_09.png,182,1
/content/dataset/real/room_183.jpeg,183,0
/content/dataset/synthetic/room_183/syn_00.png,183,1
/content/dataset/synthetic/room_183/syn_01.png,183,1
/content/dataset/synthetic/room_183/syn_02.png,183,1
/content/dataset/synthetic/room_183/syn_03.png,183,1
/content/dataset/synthetic/room_183/syn_04.png,183,1
/content/dataset/synthetic/room_183/syn_05.png,183,1
/content/dataset/synthetic/room_183/syn_06.png,183,1
/content/dataset/synthetic/room_183/syn_07.png,183,1
/content/dataset/synthetic/room_183/syn_08.png,183,1
/content/dataset/synthetic/room_183/syn_09.png,183,1
/content/dataset/real/room_184.jpg,184,0
/content/dataset/synthetic/room_184/syn_00.png,184,1
/content/dataset/synthetic/room_184/syn_01.png,184,1
/content/dataset/synthetic/room_184/syn_02.png,184,1
/content/dataset/synthetic/room_184/syn_03.png,184,1
/content/dataset/synthetic/room_184/syn_04.png,184,1
/content/dataset/synthetic/room_184/syn_05.png,184,1
/content/dataset/synthetic/room_184/syn_06.png,184,1
/content/dataset/synthetic/room_184/syn_07.png,184,1
/content/dataset/synthetic/room_184/syn_08.png,184,1
/content/dataset/synthetic/room_184/syn_09.png,184,1
/content/dataset/real/room_185.jpeg,185,0
/content/dataset/synthetic/room_185/syn_00.png,185,1
/content/dataset/synthetic/room_185/syn_01.png,185,1
/content/dataset/synthetic/room_185/syn_02.png,185,1
/content/dataset/synthetic/room_185/syn_03.png,185,1
/content/dataset/synthetic/room_185/syn_04.png,185,1
/content/dataset/synthetic/room_185/syn_05.png,185,1
/content/dataset/synthetic/room_185/syn_06.png,185,1
/content/dataset/synthetic/room_185/syn_07.png,185,1
/content/dataset/synthetic/room_185/syn_08.png,185,1
/content/dataset/synthetic/room_185/syn_09.png,185,1
/content/dataset/real/room_186.jpg,186,0
/content/dataset/synthetic/room_186/syn_00.png,186,1
/content/dataset/synthetic/room_186/syn_01.png,186,1
/content/dataset/synthetic/room_186/syn_02.png,186,1
/content/dataset/synthetic/room_186/syn_03.png,186,1
/content/dataset/synthetic/room_186/syn_04.png,186,1
/content/dataset/synthetic/room_186/syn_05.png,186,1
/content/dataset/synthetic/room_186/syn_06.png,186,1
/content/dataset/synthetic/room_186/syn_07.png,186,1
/content/dataset/synthetic/room_186/syn_08.png,186,1
/content/dataset/synthetic/room_186/syn_09.png,186,1
/content/dataset/real/room_187.jpeg,187,0
/content/dataset/synthetic/room_187/syn_00.png,187,1
/content/dataset/synthetic/room_187/syn_01.png,187,1
/content/dataset/synthetic/room_187/syn_02.png,187,1
/content/dataset/synthetic/room_187/syn_03.png,187,1
/content/dataset/synthetic/room_187/syn_04.png,187,1
/content/dataset/synthetic/room_187/syn_05.png,187,1
/content/dataset/synthetic/room_187/syn_06.png,187,1
/content/dataset/synthetic/room_187/syn_07.png,187,1
/content/dataset/synthetic/room_187/syn_08.png,187,1
/content/dataset/synthetic/room_187/syn_09.png,187,1
/content/dataset/real/room_188.jpg,188,0
/content/dataset/synthetic/room_188/syn_00.png,188,1
/content/dataset/synthetic/room_188/syn_01.png,188,1
/content/dataset/synthetic/room_188/syn_02.png,188,1
/content/dataset/synthetic/room_188/syn_03.png,188,1
/content/dataset/synthetic/room_188/syn_04.png,188,1
/content/dataset/synthetic/room_188/syn_05.png,188,1
/content/dataset/synthetic/room_188/syn_06.png,188,1
/content/dataset/synthetic/room_188/syn_07.png,188,1
/content/dataset/synthetic/room_188/syn_08.png,188,1
/content/dataset/synthetic/room_188/syn_09.png,188,1
/content/dataset/real/room_189.jpeg,189,0
/content/dataset/synthetic/room_189/syn_00.png,189,1
/content/dataset/synthetic/room_189/syn_01.png,189,1
/content/dataset/synthetic/room_189/syn_02.png,189,1
/content/dataset/synthetic/room_189/syn_03.png,189,1
/content/dataset/synthetic/room_189/syn_04.png,189,1
/content/dataset/synthetic/room_189/syn_05.png,189,1
/content/dataset/synthetic/room_189/syn_06.png,189,1
/content/dataset/synthetic/room_189/syn_07.png,189,1
/content/dataset/synthetic/room_189/syn_08.png,189,1
/content/dataset/synthetic/room_189/syn_09.png,189,1
/content/dataset/real/room_19.jpeg,19,0
/content/dataset/synthetic/room_19/syn_00.png,19,1
/content/dataset/synthetic/room_19/syn_01.png,19,1
/content/dataset/synthetic/room_19/syn_02.png,19,1
/content/dataset/synthetic/room_19/syn_03.png,19,1
/content/dataset/synthetic/room_19/syn_04.png,19,1
/content/dataset/synthetic/room_19/syn_05.png,19,1
/content/dataset/synthetic/room_19/syn_06.png,19,1
/content/dataset/synthetic/room_19/syn_07.png,19,1
/content/dataset/synthetic/room_19/syn_08.png,19,1
/content/dataset/synthetic/room_19/syn_09.png,19,1
/content/dataset/real/room_190.jpg,190,0
/content/dataset/synthetic/room_190/syn_00.png,190,1
/content/dataset/synthetic/room_190/syn_01.png,190,1
/content/dataset/synthetic/room_190/syn_02.png,190,1
/content/dataset/synthetic/room_190/syn_03.png,190,1
/content/dataset/synthetic/room_190/syn_04.png,190,1
/content/dataset/synthetic/room_190/syn_05.png,190,1
/content/dataset/synthetic/room_190/syn_06.png,190,1
/content/dataset/synthetic/room_190/syn_07.png,190,1
/content/dataset/synthetic/room_190/syn_08.png,190,1
/content/dataset/synthetic/room_190/syn_09.png,190,1
/content/dataset/real/room_191.jpeg,191,0
/content/dataset/synthetic/room_191/syn_00.png,191,1
/content/dataset/synthetic/room_191/syn_01.png,191,1
/content/dataset/synthetic/room_191/syn_02.png,191,1
/content/dataset/synthetic/room_191/syn_03.png,191,1
/content/dataset/synthetic/room_191/syn_04.png,191,1
/content/dataset/synthetic/room_191/syn_05.png,191,1
/content/dataset/synthetic/room_191/syn_06.png,191,1
/content/dataset/synthetic/room_191/syn_07.png,191,1
/content/dataset/synthetic/room_191/syn_08.png,191,1
/content/dataset/synthetic/room_191/syn_09.png,191,1
/content/dataset/real/room_192.jpg,192,0
/content/dataset/synthetic/room_192/syn_00.png,192,1
/content/dataset/synthetic/room_192/syn_01.png,192,1
/content/dataset/synthetic/room_192/syn_02.png,192,1
/content/dataset/synthetic/room_192/syn_03.png,192,1
/content/dataset/synthetic/room_192/syn_04.png,192,1
/content/dataset/synthetic/room_192/syn_05.png,192,1
/content/dataset/synthetic/room_192/syn_06.png,192,1
/content/dataset/synthetic/room_192/syn_07.png,192,1
/content/dataset/synthetic/room_192/syn_08.png,192,1
/content/dataset/synthetic/room_192/syn_09.png,192,1
/content/dataset/real/room_193.jpeg,193,0
/content/dataset/synthetic/room_193/syn_00.png,193,1
/content/dataset/synthetic/room_193/syn_01.png,193,1
/content/dataset/synthetic/room_193/syn_02.png,193,1
/content/dataset/synthetic/room_193/syn_03.png,193,1
/content/dataset/synthetic/room_193/syn_04.png,193,1
/content/dataset/synthetic/room_193/syn_05.png,193,1
/content/dataset/synthetic/room_193/syn_06.png,193,1
/content/dataset/synthetic/room_193/syn_07.png,193,1
/content/dataset/synthetic/room_193/syn_08.png,193,1
/content/dataset/synthetic/room_193/syn_09.png,193,1
/content/dataset/real/room_194.jpg,194,0
/content/dataset/synthetic/room_194/syn_00.png,194,1
/content/dataset/synthetic/room_194/syn_01.png,194,1
/content/dataset/synthetic/room_194/syn_02.png,194,1
/content/dataset/synthetic/room_194/syn_03.png,194,1
/content/dataset/synthetic/room_194/syn_04.png,194,1
/content/dataset/synthetic/room_194/syn_05.png,194,1
/content/dataset/synthetic/room_194/syn_06.png,194,1
/content/dataset/synthetic/room_194/syn_07.png,194,1
/content/dataset/synthetic/room_194/syn_08.png,194,1
/content/dataset/synthetic/room_194/syn_09.png,194,1
/content/dataset/real/room_195.jpeg,195,0
/content/dataset/synthetic/room_195/syn_00.png,195,1
/content/dataset/synthetic/room_195/syn_01.png,195,1
/content/dataset/synthetic/room_195/syn_02.png,195,1
/content/dataset/synthetic/room_195/syn_03.png,195,1
/content/dataset/synthetic/room_195/syn_04.png,195,1
/content/dataset/synthetic/room_195/syn_05.png,195,1
/content/dataset/synthetic/room_195/syn_06.png,195,1
/content/dataset/synthetic/room_195/syn_07.png,195,1
/content/dataset/synthetic/room_195/syn_08.png,195,1
/content/dataset/synthetic/room_195/syn_09.png,195,1
/content/dataset/real/room_196.jpg,196,0
/content/dataset/synthetic/room_196/syn_00.png,196,1
/content/dataset/synthetic/room_196/syn_01.png,196,1
/content/dataset/synthetic/room_196/syn_02.png,196,1
/content/dataset/synthetic/room_196/syn_03.png,196,1
/content/dataset/synthetic/room_196/syn_04.png,196,1
/content/dataset/synthetic/room_196/syn_05.png,196,1
/content/dataset/synthetic/room_196/syn_06.png,196,1
/content/dataset/synthetic/room_196/syn_07.png,196,1
/content/dataset/synthetic/room_196/syn_08.png,196,1
/content/dataset/synthetic/room_196/syn_09.png,196,1
/content/dataset/real/room_197.jpeg,197,0
/content/dataset/synthetic/room_197/syn_00.png,197,1
/content/dataset/synthetic/room_197/syn_01.png,197,1
/content/dataset/synthetic/room_197/syn_02.png,197,1
/content/dataset/synthetic/room_197/syn_03.png,197,1
/content/dataset/synthetic/room_197/syn_04.png,197,1
/content/dataset/synthetic/room_197/syn_05.png,197,1
/content/dataset/synthetic/room_197/syn_06.png,197,1
/content/dataset/synthetic/room_197/syn_07.png,197,1
/content/dataset/synthetic/room_197/syn_08.png,197,1
/content/dataset/synthetic/room_197/syn_09.png,197,1
/content/dataset/real/room_198.jpg,198,0
/content/dataset/synthetic/room_198/syn_00.png,198,1
/content/dataset/synthetic/room_198/syn_01.png,198,1
/content/dataset/synthetic/room_198/syn_02.png,198,1
/content/dataset/synthetic/room_198/syn_03.png,198,1
/content/dataset/synthetic/room_198/syn_04.png,198,1
/content/dataset/synthetic/room_198/syn_05.png,198,1
/content/dataset/synthetic/room_198/syn_06.png,198,1
/content/dataset/synthetic/room_198/syn_07.png,198,1
/content/dataset/synthetic/room_198/syn_08.png,198,1
/content/dataset/synthetic/room_198/syn_09.png,198,1
/content/dataset/real/room_199.jpeg,199,0
/content/dataset/synthetic/room_199/syn_00.png,199,1
/content/dataset/synthetic/room_199/syn_01.png,199,1
/content/dataset/synthetic/room_199/syn_02.png,199,1
/content/dataset/synthetic/room_199/syn_03.png,199,1
/content/dataset/synthetic/room_199/syn_04.png,199,1
/content/dataset/synthetic/room_199/syn_05.png,199,1
/content/dataset/synthetic/room_199/syn_06.png,199,1
/content/dataset/synthetic/room_199/syn_07.png,199,1
/content/dataset/synthetic/room_199/syn_08.png,199,1
/content/dataset/synthetic/room_199/syn_09.png,199,1
/content/dataset/real/room_2.jpg,2,0
/content/dataset/synthetic/room_2/syn_00.png,2,1
/content/dataset/synthetic/room_2/syn_01.png,2,1
/content/dataset/synthetic/room_2/syn_02.png,2,1
/content/dataset/synthetic/room_2/syn_03.png,2,1
/content/dataset/synthetic/room_2/syn_04.png,2,1
/content/dataset/synthetic/room_2/syn_05.png,2,1
/content/dataset/synthetic/room_2/syn_06.png,2,1
/content/dataset/synthetic/room_2/syn_07.png,2,1
/content/dataset/synthetic/room_2/syn_08.png,2,1
/content/dataset/synthetic/room_2/syn_09.png,2,1
/content/dataset/real/room_20.jpg,20,0
/content/dataset/synthetic/room_20/syn_00.png,20,1
/content/dataset/synthetic/room_20/syn_01.png,20,1
/content/dataset/synthetic/room_20/syn_02.png,20,1
/content/dataset/synthetic/room_20/syn_03.png,20,1
/content/dataset/synthetic/room_20/syn_04.png,20,1
/content/dataset/synthetic/room_20/syn_05.png,20,1
/content/dataset/synthetic/room_20/syn_06.png,20,1
/content/dataset/synthetic/room_20/syn_07.png,20,1
/content/dataset/synthetic/room_20/syn_08.png,20,1
/content/dataset/synthetic/room_20/syn_09.png,20,1
/content/dataset/real/room_200.jpg,200,0
/content/dataset/synthetic/room_200/syn_00.png,200,1
/content/dataset/synthetic/room_200/syn_01.png,200,1
/content/dataset/synthetic/room_200/syn_02.png,200,1
/content/dataset/synthetic/room_200/syn_03.png,200,1
/content/dataset/synthetic/room_200/syn_04.png,200,1
/content/dataset/synthetic/room_200/syn_05.png,200,1
/content/dataset/synthetic/room_200/syn_06.png,200,1
/content/dataset/synthetic/room_200/syn_07.png,200,1
/content/dataset/synthetic/room_200/syn_08.png,200,1
/content/dataset/synthetic/room_200/syn_09.png,200,1
/content/dataset/real/room_201.jpeg,201,0
/content/dataset/synthetic/room_201/syn_00.png,201,1
/content/dataset/synthetic/room_201/syn_01.png,201,1
/content/dataset/synthetic/room_201/syn_02.png,201,1
/content/dataset/synthetic/room_201/syn_03.png,201,1
/content/dataset/synthetic/room_201/syn_04.png,201,1
/content/dataset/synthetic/room_201/syn_05.png,201,1
/content/dataset/synthetic/room_201/syn_06.png,201,1
/content/dataset/synthetic/room_201/syn_07.png,201,1
/content/dataset/synthetic/room_201/syn_08.png,201,1
/content/dataset/synthetic/room_201/syn_09.png,201,1
/content/dataset/real/room_202.jpg,202,0
/content/dataset/synthetic/room_202/syn_00.png,202,1
/content/dataset/synthetic/room_202/syn_01.png,202,1
/content/dataset/synthetic/room_202/syn_02.png,202,1
/content/dataset/synthetic/room_202/syn_03.png,202,1
/content/dataset/synthetic/room_202/syn_04.png,202,1
/content/dataset/synthetic/room_202/syn_05.png,202,1
/content/dataset/synthetic/room_202/syn_06.png,202,1
/content/dataset/synthetic/room_202/syn_07.png,202,1
/content/dataset/synthetic/room_202/syn_08.png,202,1
/content/dataset/synthetic/room_202/syn_09.png,202,1
/content/dataset/real/room_203.jpeg,203,0
/content/dataset/synthetic/room_203/syn_00.png,203,1
/content/dataset/synthetic/room_203/syn_01.png,203,1
/content/dataset/synthetic/room_203/syn_02.png,203,1
/content/dataset/synthetic/room_203/syn_03.png,203,1
/content/dataset/synthetic/room_203/syn_04.png,203,1
/content/dataset/synthetic/room_203/syn_05.png,203,1
/content/dataset/synthetic/room_203/syn_06.png,203,1
/content/dataset/synthetic/room_203/syn_07.png,203,1
/content/dataset/synthetic/room_203/syn_08.png,203,1
/content/dataset/synthetic/room_203/syn_09.png,203,1
/content/dataset/real/room_204.jpg,204,0
/content/dataset/synthetic/room_204/syn_00.png,204,1
/content/dataset/synthetic/room_204/syn_01.png,204,1
/content/dataset/synthetic/room_204/syn_02.png,204,1
/content/dataset/synthetic/room_204/syn_03.png,204,1
/content/dataset/synthetic/room_204/syn_04.png,204,1
/content/dataset/synthetic/room_204/syn_05.png,204,1
/content/dataset/synthetic/room_204/syn_06.png,204,1
/content/dataset/synthetic/room_204/syn_07.png,204,1
/content/dataset/synthetic/room_204/syn_08.png,204,1
/content/dataset/synthetic/room_204/syn_09.png,204,1
/content/dataset/real/room_205.jpeg,205,0
/content/dataset/synthetic/room_205/syn_00.png,205,1
/content/dataset/synthetic/room_205/syn_01.png,205,1
/content/dataset/synthetic/room_205/syn_02.png,205,1
/content/dataset/synthetic/room_205/syn_03.png,205,1
/content/dataset/synthetic/room_205/syn_04.png,205,1
/content/dataset/synthetic/room_205/syn_05.png,205,1
/content/dataset/synthetic/room_205/syn_06.png,205,1
/content/dataset/synthetic/room_205/syn_07.png,205,1
/content/dataset/synthetic/room_205/syn_08.png,205,1
/content/dataset/synthetic/room_205/syn_09.png,205,1
/content/dataset/real/room_206.jpg,206,0
/content/dataset/synthetic/room_206/syn_00.png,206,1
/content/dataset/synthetic/room_206/syn_01.png,206,1
/content/dataset/synthetic/room_206/syn_02.png,206,1
/content/dataset/synthetic/room_206/syn_03.png,206,1
/content/dataset/synthetic/room_206/syn_04.png,206,1
/content/dataset/synthetic/room_206/syn_05.png,206,1
/content/dataset/synthetic/room_206/syn_06.png,206,1
/content/dataset/synthetic/room_206/syn_07.png,206,1
/content/dataset/synthetic/room_206/syn_08.png,206,1
/content/dataset/synthetic/room_206/syn_09.png,206,1
/content/dataset/real/room_207.jpeg,207,0
/content/dataset/synthetic/room_207/syn_00.png,207,1
/content/dataset/synthetic/room_207/syn_01.png,207,1
/content/dataset/synthetic/room_207/syn_02.png,207,1
/content/dataset/synthetic/room_207/syn_03.png,207,1
/content/dataset/synthetic/room_207/syn_04.png,207,1
/content/dataset/synthetic/room_207/syn_05.png,207,1
/content/dataset/synthetic/room_207/syn_06.png,207,1
/content/dataset/synthetic/room_207/syn_07.png,207,1
/content/dataset/synthetic/room_207/syn_08.png,207,1
/content/dataset/synthetic/room_207/syn_09.png,207,1
/content/dataset/real/room_208.jpg,208,0
/content/dataset/synthetic/room_208/syn_00.png,208,1
/content/dataset/synthetic/room_208/syn_01.png,208,1
/content/dataset/synthetic/room_208/syn_02.png,208,1
/content/dataset/synthetic/room_208/syn_03.png,208,1
/content/dataset/synthetic/room_208/syn_04.png,208,1
/content/dataset/synthetic/room_208/syn_05.png,208,1
/content/dataset/synthetic/room_208/syn_06.png,208,1
/content/dataset/synthetic/room_208/syn_07.png,208,1
/content/dataset/synthetic/room_208/syn_08.png,208,1
/content/dataset/synthetic/room_208/syn_09.png,208,1
/content/dataset/real/room_209.jpeg,209,0
/content/dataset/synthetic/room_209/syn_00.png,209,1
/content/dataset/synthetic/room_209/syn_01.png,209,1
/content/dataset/synthetic/room_209/syn_02.png,209,1
/content/dataset/synthetic/room_209/syn_03.png,209,1
/content/dataset/synthetic/room_209/syn_04.png,209,1
/content/dataset/synthetic/room_209/syn_05.png,209,1
/content/dataset/synthetic/room_209/syn_06.png,209,1
/content/dataset/synthetic/room_209/syn_07.png,209,1
/content/dataset/synthetic/room_209/syn_08.png,209,1
/content/dataset/synthetic/room_209/syn_09.png,209,1
/content/dataset/real/room_21.jpeg,21,0
/content/dataset/synthetic/room_21/syn_00.png,21,1
/content/dataset/synthetic/room_21/syn_01.png,21,1
/content/dataset/synthetic/room_21/syn_02.png,21,1
/content/dataset/synthetic/room_21/syn_03.png,21,1
/content/dataset/synthetic/room_21/syn_04.png,21,1
/content/dataset/synthetic/room_21/syn_05.png,21,1
/content/dataset/synthetic/room_21/syn_06.png,21,1
/content/dataset/synthetic/room_21/syn_07.png,21,1
/content/dataset/synthetic/room_21/syn_08.png,21,1
/content/dataset/synthetic/room_21/syn_09.png,21,1
/content/dataset/real/room_210.jpg,210,0
/content/dataset/synthetic/room_210/syn_00.png,210,1
/content/dataset/synthetic/room_210/syn_01.png,210,1
/content/dataset/synthetic/room_210/syn_02.png,210,1
/content/dataset/synthetic/room_210/syn_03.png,210,1
/content/dataset/synthetic/room_210/syn_04.png,210,1
/content/dataset/synthetic/room_210/syn_05.png,210,1
/content/dataset/synthetic/room_210/syn_06.png,210,1
/content/dataset/synthetic/room_210/syn_07.png,210,1
/content/dataset/synthetic/room_210/syn_08.png,210,1
/content/dataset/synthetic/room_210/syn_09.png,210,1
/content/dataset/real/room_211.jpeg,211,0
/content/dataset/synthetic/room_211/syn_00.png,211,1
/content/dataset/synthetic/room_211/syn_01.png,211,1
/content/dataset/synthetic/room_211/syn_02.png,211,1
/content/dataset/synthetic/room_211/syn_03.png,211,1
/content/dataset/synthetic/room_211/syn_04.png,211,1
/content/dataset/synthetic/room_211/syn_05.png,211,1
/content/dataset/synthetic/room_211/syn_06.png,211,1
/content/dataset/synthetic/room_211/syn_07.png,211,1
/content/dataset/synthetic/room_211/syn_08.png,211,1
/content/dataset/synthetic/room_211/syn_09.png,211,1
/content/dataset/real/room_212.jpg,212,0
/content/dataset/synthetic/room_212/syn_00.png,212,1
/content/dataset/synthetic/room_212/syn_01.png,212,1
/content/dataset/synthetic/room_212/syn_02.png,212,1
/content/dataset/synthetic/room_212/syn_03.png,212,1
/content/dataset/synthetic/room_212/syn_04.png,212,1
/content/dataset/synthetic/room_212/syn_05.png,212,1
/content/dataset/synthetic/room_212/syn_06.png,212,1
/content/dataset/synthetic/room_212/syn_07.png,212,1
/content/dataset/synthetic/room_212/syn_08.png,212,1
/content/dataset/synthetic/room_212/syn_09.png,212,1
/content/dataset/real/room_213.jpeg,213,0
/content/dataset/synthetic/room_213/syn_00.png,213,1
/content/dataset/synthetic/room_213/syn_01.png,213,1
/content/dataset/synthetic/room_213/syn_02.png,213,1
/content/dataset/synthetic/room_213/syn_03.png,213,1
/content/dataset/synthetic/room_213/syn_04.png,213,1
/content/dataset/synthetic/room_213/syn_05.png,213,1
/content/dataset/synthetic/room_213/syn_06.png,213,1
/content/dataset/synthetic/room_213/syn_07.png,213,1
/content/dataset/synthetic/room_213/syn_08.png,213,1
/content/dataset/synthetic/room_213/syn_09.png,213,1
/content/dataset/real/room_214.jpg,214,0
/content/dataset/synthetic/room_214/syn_00.png,214,1
/content/dataset/synthetic/room_214/syn_01.png,214,1
/content/dataset/synthetic/room_214/syn_02.png,214,1
/content/dataset/synthetic/room_214/syn_03.png,214,1
/content/dataset/synthetic/room_214/syn_04.png,214,1
/content/dataset/synthetic/room_214/syn_05.png,214,1
/content/dataset/synthetic/room_214/syn_06.png,214,1
/content/dataset/synthetic/room_214/syn_07.png,214,1
/content/dataset/synthetic/room_214/syn_08.png,214,1
/content/dataset/synthetic/room_214/syn_09.png,214,1
/content/dataset/real/room_215.jpeg,215,0
/content/dataset/synthetic/room_215/syn_00.png,215,1
/content/dataset/synthetic/room_215/syn_01.png,215,1
/content/dataset/synthetic/room_215/syn_02.png,215,1
/content/dataset/synthetic/room_215/syn_03.png,215,1
/content/dataset/synthetic/room_215/syn_04.png,215,1
/content/dataset/synthetic/room_215/syn_05.png,215,1
/content/dataset/synthetic/room_215/syn_06.png,215,1
/content/dataset/synthetic/room_215/syn_07.png,215,1
/content/dataset/synthetic/room_215/syn_08.png,215,1
/content/dataset/synthetic/room_215/syn_09.png,215,1
/content/dataset/real/room_216.jpg,216,0
/content/dataset/synthetic/room_216/syn_00.png,216,1
/content/dataset/synthetic/room_216/syn_01.png,216,1
/content/dataset/synthetic/room_216/syn_02.png,216,1
/content/dataset/synthetic/room_216/syn_03.png,216,1
/content/dataset/synthetic/room_216/syn_04.png,216,1
/content/dataset/synthetic/room_216/syn_05.png,216,1
/content/dataset/synthetic/room_216/syn_06.png,216,1
/content/dataset/synthetic/room_216/syn_07.png,216,1
/content/dataset/synthetic/room_216/syn_08.png,216,1
/content/dataset/synthetic/room_216/syn_09.png,216,1
/content/dataset/real/room_217.jpeg,217,0
/content/dataset/synthetic/room_217/syn_00.png,217,1
/content/dataset/synthetic/room_217/syn_01.png,217,1
/content/dataset/synthetic/room_217/syn_02.png,217,1
/content/dataset/synthetic/room_217/syn_03.png,217,1
/content/dataset/synthetic/room_217/syn_04.png,217,1
/content/dataset/synthetic/room_217/syn_05.png,217,1
/content/dataset/synthetic/room_217/syn_06.png,217,1
/content/dataset/synthetic/room_217/syn_07.png,217,1
/content/dataset/synthetic/room_217/syn_08.png,217,1
/content/dataset/synthetic/room_217/syn_09.png,217,1
/content/dataset/real/room_218.jpg,218,0
/content/dataset/synthetic/room_218/syn_00.png,218,1
/content/dataset/synthetic/room_218/syn_01.png,218,1
/content/dataset/synthetic/room_218/syn_02.png,218,1
/content/dataset/synthetic/room_218/syn_03.png,218,1
/content/dataset/synthetic/room_218/syn_04.png,218,1
/content/dataset/synthetic/room_218/syn_05.png,218,1
/content/dataset/synthetic/room_218/syn_06.png,218,1
/content/dataset/synthetic/room_218/syn_07.png,218,1
/content/dataset/synthetic/room_218/syn_08.png,218,1
/content/dataset/synthetic/room_218/syn_09.png,218,1
/content/dataset/real/room_219.jpeg,219,0
/content/dataset/synthetic/room_219/syn_00.png,219,1
/content/dataset/synthetic/room_219/syn_01.png,219,1
/content/dataset/synthetic/room_219/syn_02.png,219,1
/content/dataset/synthetic/room_219/syn_03.png,219,1
/content/dataset/synthetic/room_219/syn_04.png,219,1
/content/dataset/synthetic/room_219/syn_05.png,219,1
/content/dataset/synthetic/room_219/syn_06.png,219,1
/content/dataset/synthetic/room_219/syn_07.png,219,1
/content/dataset/synthetic/room_219/syn_08.png,219,1
/content/dataset/synthetic/room_219/syn_09.png,219,1
/content/dataset/real/room_22.jpg,22,0
/content/dataset/synthetic/room_22/syn_00.png,22,1
/content/dataset/synthetic/room_22/syn_01.png,22,1
/content/dataset/synthetic/room_22/syn_02.png,22,1
/content/dataset/synthetic/room_22/syn_03.png,22,1
/content/dataset/synthetic/room_22/syn_04.png,22,1
/content/dataset/synthetic/room_22/syn_05.png,22,1
/content/dataset/synthetic/room_22/syn_06.png,22,1
/content/dataset/synthetic/room_22/syn_07.png,22,1
/content/dataset/synthetic/room_22/syn_08.png,22,1
/content/dataset/synthetic/room_22/syn_09.png,22,1
/content/dataset/real/room_220.jpg,220,0
/content/dataset/synthetic/room_220/syn_00.png,220,1
/content/dataset/synthetic/room_220/syn_01.png,220,1
/content/dataset/synthetic/room_220/syn_02.png,220,1
/content/dataset/synthetic/room_220/syn_03.png,220,1
/content/dataset/synthetic/room_220/syn_04.png,220,1
/content/dataset/synthetic/room_220/syn_05.png,220,1
/content/dataset/synthetic/room_220/syn_06.png,220,1
/content/dataset/synthetic/room_220/syn_07.png,220,1
/content/dataset/synthetic/room_220/syn_08.png,220,1
/content/dataset/synthetic/room_220/syn_09.png,220,1
/content/dataset/real/room_221.jpeg,221,0
/content/dataset/synthetic/room_221/syn_00.png,221,1
/content/dataset/synthetic/room_221/syn_01.png,221,1
/content/dataset/synthetic/room_221/syn_02.png,221,1
/content/dataset/synthetic/room_221/syn_03.png,221,1
/content/dataset/synthetic/room_221/syn_04.png,221,1
/content/dataset/synthetic/room_221/syn_05.png,221,1
/content/dataset/synthetic/room_221/syn_06.png,221,1
/content/dataset/synthetic/room_221/syn_07.png,221,1
/content/dataset/synthetic/room_221/syn_08.png,221,1
/content/dataset/synthetic/room_221/syn_09.png,221,1
/content/dataset/real/room_222.jpg,222,0
/content/dataset/synthetic/room_222/syn_00.png,222,1
/content/dataset/synthetic/room_222/syn_01.png,222,1
/content/dataset/synthetic/room_222/syn_02.png,222,1
/content/dataset/synthetic/room_222/syn_03.png,222,1
/content/dataset/synthetic/room_222/syn_04.png,222,1
/content/dataset/synthetic/room_222/syn_05.png,222,1
/content/dataset/synthetic/room_222/syn_06.png,222,1
/content/dataset/synthetic/room_222/syn_07.png,222,1
/content/dataset/synthetic/room_222/syn_08.png,222,1
/content/dataset/synthetic/room_222/syn_09.png,222,1
/content/dataset/real/room_223.jpeg,223,0
/content/dataset/synthetic/room_223/syn_00.png,223,1
/content/dataset/synthetic/room_223/syn_01.png,223,1
/content/dataset/synthetic/room_223/syn_02.png,223,1
/content/dataset/synthetic/room_223/syn_03.png,223,1
/content/dataset/synthetic/room_223/syn_04.png,223,1
/content/dataset/synthetic/room_223/syn_05.png,223,1
/content/dataset/synthetic/room_223/syn_06.png,223,1
/content/dataset/synthetic/room_223/syn_07.png,223,1
/content/dataset/synthetic/room_223/syn_08.png,223,1
/content/dataset/synthetic/room_223/syn_09.png,223,1
/content/dataset/real/room_224.jpg,224,0
/content/dataset/synthetic/room_224/syn_00.png,224,1
/content/dataset/synthetic/room_224/syn_01.png,224,1
/content/dataset/synthetic/room_224/syn_02.png,224,1
/content/dataset/synthetic/room_224/syn_03.png,224,1
/content/dataset/synthetic/room_224/syn_04.png,224,1
/content/dataset/synthetic/room_224/syn_05.png,224,1
/content/dataset/synthetic/room_224/syn_06.png,224,1
/content/dataset/synthetic/room_224/syn_07.png,224,1
/content/dataset/synthetic/room_224/syn_08.png,224,1
/content/dataset/synthetic/room_224/syn_09.png,224,1
/content/dataset/real/room_225.jpeg,225,0
/content/dataset/synthetic/room_225/syn_00.png,225,1
/content/dataset/synthetic/room_225/syn_01.png,225,1
/content/dataset/synthetic/room_225/syn_02.png,225,1
/content/dataset/synthetic/room_225/syn_03.png,225,1
/content/dataset/synthetic/room_225/syn_04.png,225,1
/content/dataset/synthetic/room_225/syn_05.png,225,1
/content/dataset/synthetic/room_225/syn_06.png,225,1
/content/dataset/synthetic/room_225/syn_07.png,225,1
/content/dataset/synthetic/room_225/syn_08.png,225,1
/content/dataset/synthetic/room_225/syn_09.png,225,1
/content/dataset/real/room_226.jpg,226,0
/content/dataset/synthetic/room_226/syn_00.png,226,1
/content/dataset/synthetic/room_226/syn_01.png,226,1
/content/dataset/synthetic/room_226/syn_02.png,226,1
/content/dataset/synthetic/room_226/syn_03.png,226,1
/content/dataset/synthetic/room_226/syn_04.png,226,1
/content/dataset/synthetic/room_226/syn_05.png,226,1
/content/dataset/synthetic/room_226/syn_06.png,226,1
/content/dataset/synthetic/room_226/syn_07.png,226,1
/content/dataset/synthetic/room_226/syn_08.png,226,1
/content/dataset/synthetic/room_226/syn_09.png,226,1
/content/dataset/real/room_227.jpeg,227,0
/content/dataset/synthetic/room_227/syn_00.png,227,1
/content/dataset/synthetic/room_227/syn_01.png,227,1
/content/dataset/synthetic/room_227/syn_02.png,227,1
/content/dataset/synthetic/room_227/syn_03.png,227,1
/content/dataset/synthetic/room_227/syn_04.png,227,1
/content/dataset/synthetic/room_227/syn_05.png,227,1
/content/dataset/synthetic/room_227/syn_06.png,227,1
/content/dataset/synthetic/room_227/syn_07.png,227,1
/content/dataset/synthetic/room_227/syn_08.png,227,1
/content/dataset/synthetic/room_227/syn_09.png,227,1
/content/dataset/real/room_228.jpg,228,0
/content/dataset/synthetic/room_228/syn_00.png,228,1
/content/dataset/synthetic/room_228/syn_01.png,228,1
/content/dataset/synthetic/room_228/syn_02.png,228,1
/content/dataset/synthetic/room_228/syn_03.png,228,1
/content/dataset/synthetic/room_228/syn_04.png,228,1
/content/dataset/synthetic/room_228/syn_05.png,228,1
/content/dataset/synthetic/room_228/syn_06.png,228,1
/content/dataset/synthetic/room_228/syn_07.png,228,1
/content/dataset/synthetic/room_228/syn_08.png,228,1
/content/dataset/synthetic/room_228/syn_09.png,228,1
/content/dataset/real/room_229.jpeg,229,0
/content/dataset/synthetic/room_229/syn_00.png,229,1
/content/dataset/synthetic/room_229/syn_01.png,229,1
/content/dataset/synthetic/room_229/syn_02.png,229,1
/content/dataset/synthetic/room_229/syn_03.png,229,1
/content/dataset/synthetic/room_229/syn_04.png,229,1
/content/dataset/synthetic/room_229/syn_05.png,229,1
/content/dataset/synthetic/room_229/syn_06.png,229,1
/content/dataset/synthetic/room_229/syn_07.png,229,1
/content/dataset/synthetic/room_229/syn_08.png,229,1
/content/dataset/synthetic/room_229/syn_09.png,229,1
/content/dataset/real/room_23.jpeg,23,0
/content/dataset/synthetic/room_23/syn_00.png,23,1
/content/dataset/synthetic/room_23/syn_01.png,23,1
/content/dataset/synthetic/room_23/syn_02.png,23,1
/content/dataset/synthetic/room_23/syn_03.png,23,1
/content/dataset/synthetic/room_23/syn_04.png,23,1
/content/dataset/synthetic/room_23/syn_05.png,23,1
/content/dataset/synthetic/room_23/syn_06.png,23,1
/content/dataset/synthetic/room_23/syn_07.png,23,1
/content/dataset/synthetic/room_23/syn_08.png,23,1
/content/dataset/synthetic/room_23/syn_09.png,23,1
/content/dataset/real/room_230.jpg,230,0
/content/dataset/synthetic/room_230/syn_00.png,230,1
/content/dataset/synthetic/room_230/syn_01.png,230,1
/content/dataset/synthetic/room_230/syn_02.png,230,1
/content/dataset/synthetic/room_230/syn_03.png,230,1
/content/dataset/synthetic/room_230/syn_04.png,230,1
/content/dataset/synthetic/room_230/syn_05.png,230,1
/content/dataset/synthetic/room_230/syn_06.png,230,1
/content/dataset/synthetic/room_230/syn_07.png,230,1
/content/dataset/synthetic/room_230/syn_08.png,230,1
/content/dataset/synthetic/room_230/syn_09.png,230,1
/content/dataset/real/room_231.jpeg,231,0
/content/dataset/synthetic/room_231/syn_00.png,231,1
/content/dataset/synthetic/room_231/syn_01.png,231,1
/content/dataset/synthetic/room_231/syn_02.png,231,1
/content/dataset/synthetic/room_231/syn_03.png,231,1
/content/dataset/synthetic/room_231/syn_04.png,231,1
/content/dataset/synthetic/room_231/syn_05.png,231,1
/content/dataset/synthetic/room_231/syn_06.png,231,1
/content/dataset/synthetic/room_231/syn_07.png,231,1
/content/dataset/synthetic/room_231/syn_08.png,231,1
/content/dataset/synthetic/room_231/syn_09.png,231,1
/content/dataset/real/room_232.jpg,232,0
/content/dataset/synthetic/room_232/syn_00.png,232,1
/content/dataset/synthetic/room_232/syn_01.png,232,1
/content/dataset/synthetic/room_232/syn_02.png,232,1
/content/dataset/synthetic/room_232/syn_03.png,232,1
/content/dataset/synthetic/room_232/syn_04.png,232,1
/content/dataset/synthetic/room_232/syn_05.png,232,1
/content/dataset/synthetic/room_232/syn_06.png,232,1
/content/dataset/synthetic/room_232/syn_07.png,232,1
/content/dataset/synthetic/room_232/syn_08.png,232,1
/content/dataset/synthetic/room_232/syn_09.png,232,1
/content/dataset/real/room_233.jpeg,233,0
/content/dataset/synthetic/room_233/syn_00.png,233,1
/content/dataset/synthetic/room_233/syn_01.png,233,1
/content/dataset/synthetic/room_233/syn_02.png,233,1
/content/dataset/synthetic/room_233/syn_03.png,233,1
/content/dataset/synthetic/room_233/syn_04.png,233,1
/content/dataset/synthetic/room_233/syn_05.png,233,1
/content/dataset/synthetic/room_233/syn_06.png,233,1
/content/dataset/synthetic/room_233/syn_07.png,233,1
/content/dataset/synthetic/room_233/syn_08.png,233,1
/content/dataset/synthetic/room_233/syn_09.png,233,1
/content/dataset/real/room_234.jpg,234,0
/content/dataset/synthetic/room_234/syn_00.png,234,1
/content/dataset/synthetic/room_234/syn_01.png,234,1
/content/dataset/synthetic/room_234/syn_02.png,234,1
/content/dataset/synthetic/room_234/syn_03.png,234,1
/content/dataset/synthetic/room_234/syn_04.png,234,1
/content/dataset/synthetic/room_234/syn_05.png,234,1
/content/dataset/synthetic/room_234/syn_06.png,234,1
/content/dataset/synthetic/room_234/syn_07.png,234,1
/content/dataset/synthetic/room_234/syn_08.png,234,1
/content/dataset/synthetic/room_234/syn_09.png,234,1
/content/dataset/real/room_235.jpeg,235,0
/content/dataset/synthetic/room_235/syn_00.png,235,1
/content/dataset/synthetic/room_235/syn_01.png,235,1
/content/dataset/synthetic/room_235/syn_02.png,235,1
/content/dataset/synthetic/room_235/syn_03.png,235,1
/content/dataset/synthetic/room_235/syn_04.png,235,1
/content/dataset/synthetic/room_235/syn_05.png,235,1
/content/dataset/synthetic/room_235/syn_06.png,235,1
/content/dataset/synthetic/room_235/syn_07.png,235,1
/content/dataset/synthetic/room_235/syn_08.png,235,1
/content/dataset/synthetic/room_235/syn_09.png,235,1
/content/dataset/real/room_236.jpg,236,0
/content/dataset/synthetic/room_236/syn_00.png,236,1
/content/dataset/synthetic/room_236/syn_01.png,236,1
/content/dataset/synthetic/room_236/syn_02.png,236,1
/content/dataset/synthetic/room_236/syn_03.png,236,1
/content/dataset/synthetic/room_236/syn_04.png,236,1
/content/dataset/synthetic/room_236/syn_05.png,236,1
/content/dataset/synthetic/room_236/syn_06.png,236,1
/content/dataset/synthetic/room_236/syn_07.png,236,1
/content/dataset/synthetic/room_236/syn_08.png,236,1
/content/dataset/synthetic/room_236/syn_09.png,236,1
/content/dataset/real/room_237.jpeg,237,0
/content/dataset/synthetic/room_237/syn_00.png,237,1
/content/dataset/synthetic/room_237/syn_01.png,237,1
/content/dataset/synthetic/room_237/syn_02.png,237,1
/content/dataset/synthetic/room_237/syn_03.png,237,1
/content/dataset/synthetic/room_237/syn_04.png,237,1
/content/dataset/synthetic/room_237/syn_05.png,237,1
/content/dataset/synthetic/room_237/syn_06.png,237,1
/content/dataset/synthetic/room_237/syn_07.png,237,1
/content/dataset/synthetic/room_237/syn_08.png,237,1
/content/dataset/synthetic/room_237/syn_09.png,237,1
/content/dataset/real/room_238.jpg,238,0
/content/dataset/synthetic/room_238/syn_00.png,238,1
/content/dataset/synthetic/room_238/syn_01.png,238,1
/content/dataset/synthetic/room_238/syn_02.png,238,1
/content/dataset/synthetic/room_238/syn_03.png,238,1
/content/dataset/synthetic/room_238/syn_04.png,238,1
/content/dataset/synthetic/room_238/syn_05.png,238,1
/content/dataset/synthetic/room_238/syn_06.png,238,1
/content/dataset/synthetic/room_238/syn_07.png,238,1
/content/dataset/synthetic/room_238/syn_08.png,238,1
/content/dataset/synthetic/room_238/syn_09.png,238,1
/content/dataset/real/room_239.jpeg,239,0
/content/dataset/synthetic/room_239/syn_00.png,239,1
/content/dataset/synthetic/room_239/syn_01.png,239,1
/content/dataset/synthetic/room_239/syn_02.png,239,1
/content/dataset/synthetic/room_239/syn_03.png,239,1
/content/dataset/synthetic/room_239/syn_04.png,239,1
/content/dataset/synthetic/room_239/syn_05.png,239,1
/content/dataset/synthetic/room_239/syn_06.png,239,1
/content/dataset/synthetic/room_239/syn_07.png,239,1
/content/dataset/synthetic/room_239/syn_08.png,239,1
/content/dataset/synthetic/room_239/syn_09.png,239,1
/content/dataset/real/room_24.jpg,24,0
/content/dataset/synthetic/room_24/syn_00.png,24,1
/content/dataset/synthetic/room_24/syn_01.png,24,1
/content/dataset/synthetic/room_24/syn_02.png,24,1
/content/dataset/synthetic/room_24/syn_03.png,24,1
/content/dataset/synthetic/room_24/syn_04.png,24,1
/content/dataset/synthetic/room_24/syn_05.png,24,1
/content/dataset/synthetic/room_24/syn_06.png,24,1
/content/dataset/synthetic/room_24/syn_07.png,24,1
/content/dataset/synthetic/room_24/syn_08.png,24,1
/content/dataset/synthetic/room_24/syn_09.png,24,1
/content/dataset/real/room_240.jpg,240,0
/content/dataset/synthetic/room_240/syn_00.png,240,1
/content/dataset/synthetic/room_240/syn_01.png,240,1
/content/dataset/synthetic/room_240/syn_02.png,240,1
/content/dataset/synthetic/room_240/syn_03.png,240,1
/content/dataset/synthetic/room_240/syn_04.png,240,1
/content/dataset/synthetic/room_240/syn_05.png,240,1
/content/dataset/synthetic/room_240/syn_06.png,240,1
/content/dataset/synthetic/room_240/syn_07.png,240,1
/content/dataset/synthetic/room_240/syn_08.png,240,1
/content/dataset/synthetic/room_240/syn_09.png,240,1
/content/dataset/real/room_241.jpeg,241,0
/content/dataset/synthetic/room_241/syn_00.png,241,1
/content/dataset/synthetic/room_241/syn_01.png,241,1
/content/dataset/synthetic/room_241/syn_02.png,241,1
/content/dataset/synthetic/room_241/syn_03.png,241,1
/content/dataset/synthetic/room_241/syn_04.png,241,1
/content/dataset/synthetic/room_241/syn_05.png,241,1
/content/dataset/synthetic/room_241/syn_06.png,241,1
/content/dataset/synthetic/room_241/syn_07.png,241,1
/content/dataset/synthetic/room_241/syn_08.png,241,1
/content/dataset/synthetic/room_241/syn_09.png,241,1
/content/dataset/real/room_242.jpg,242,0
/content/dataset/synthetic/room_242/syn_00.png,242,1
/content/dataset/synthetic/room_242/syn_01.png,242,1
/content/dataset/synthetic/room_242/syn_02.png,242,1
/content/dataset/synthetic/room_242/syn_03.png,242,1
/content/dataset/synthetic/room_242/syn_04.png,242,1
/content/dataset/synthetic/room_242/syn_05.png,242,1
/content/dataset/synthetic/room_242/syn_06.png,242,1
/content/dataset/synthetic/room_242/syn_07.png,242,1
/content/dataset/synthetic/room_242/syn_08.png,242,1
/content/dataset/synthetic/room_242/syn_09.png,242,1
/content/dataset/real/room_243.jpeg,243,0
/content/dataset/synthetic/room_243/syn_00.png,243,1
/content/dataset/synthetic/room_243/syn_01.png,243,1
/content/dataset/synthetic/room_243/syn_02.png,243,1
/content/dataset/synthetic/room_243/syn_03.png,243,1
/content/dataset/synthetic/room_243/syn_04.png,243,1
/content/dataset/synthetic/room_243/syn_05.png,243,1
/content/dataset/synthetic/room_243/syn_06.png,243,1
/content/dataset/synthetic/room_243/syn_07.png,243,1
/content/dataset/synthetic/room_243/syn_08.png,243,1
/content/dataset/synthetic/room_243/syn_09.png,243,1
/content/dataset/real/room_244.jpg,244,0
/content/dataset/synthetic/room_244/syn_00.png,244,1
/content/dataset/synthetic/room_244/syn_01.png,244,1
/content/dataset/synthetic/room_244/syn_02.png,244,1
/content/dataset/synthetic/room_244/syn_03.png,244,1
/content/dataset/synthetic/room_244/syn_04.png,244,1
/content/dataset/synthetic/room_244/syn_05.png,244,1
/content/dataset/synthetic/room_244/syn_06.png,244,1
/content/dataset/synthetic/room_244/syn_07.png,244,1
/content/dataset/synthetic/room_244/syn_08.png,244,1
/content/dataset/synthetic/room_244/syn_09.png,244,1
/content/dataset/real/room_245.jpeg,245,0
/content/dataset/synthetic/room_245/syn_00.png,245,1
/content/dataset/synthetic/room_245/syn_01.png,245,1
/content/dataset/synthetic/room_245/syn_02.png,245,1
/content/dataset/synthetic/room_245/syn_03.png,245,1
/content/dataset/synthetic/room_245/syn_04.png,245,1
/content/dataset/synthetic/room_245/syn_05.png,245,1
/content/dataset/synthetic/room_245/syn_06.png,245,1
/content/dataset/synthetic/room_245/syn_07.png,245,1
/content/dataset/synthetic/room_245/syn_08.png,245,1
/content/dataset/synthetic/room_245/syn_09.png,245,1
/content/dataset/real/room_246.jpg,246,0
/content/dataset/synthetic/room_246/syn_00.png,246,1
/content/dataset/synthetic/room_246/syn_01.png,246,1
/content/dataset/synthetic/room_246/syn_02.png,246,1
/content/dataset/synthetic/room_246/syn_03.png,246,1
/content/dataset/synthetic/room_246/syn_04.png,246,1
/content/dataset/synthetic/room_246/syn_05.png,246,1
/content/dataset/synthetic/room_246/syn_06.png,246,1
/content/dataset/synthetic/room_246/syn_07.png,246,1
/content/dataset/synthetic/room_246/syn_08.png,246,1
/content/dataset/synthetic/room_246/syn_09.png,246,1
/content/dataset/real/room_247.jpeg,247,0
/content/dataset/synthetic/room_247/syn_00.png,247,1
/content/dataset/synthetic/room_247/syn_01.png,247,1
/content/dataset/synthetic/room_247/syn_02.png,247,1
/content/dataset/synthetic/room_247/syn_03.png,247,1
/content/dataset/synthetic/room_247/syn_04.png,247,1
/content/dataset/synthetic/room_247/syn_05.png,247,1
/content/dataset/synthetic/room_247/syn_06.png,247,1
/content/dataset/synthetic/room_247/syn_07.png,247,1
/content/dataset/synthetic/room_247/syn_08.png,247,1
/content/dataset/synthetic/room_247/syn_09.png,247,1
/content/dataset/real/room_248.jpg,248,0
/content/dataset/synthetic/room_248/syn_00.png,248,1
/content/dataset/synthetic/room_248/syn_01.png,248,1
/content/dataset/synthetic/room_248/syn_02.png,248,1
/content/dataset/synthetic/room_248/syn_03.png,248,1
/content/dataset/synthetic/room_248/syn_04.png,248,1
/content/dataset/synthetic/room_248/syn_05.png,248,1
/content/dataset/synthetic/room_248/syn_06.png,248,1
/content/dataset/synthetic/room_248/syn_07.png,248,1
/content/dataset/synthetic/room_248/syn_08.png,248,1
/content/dataset/synthetic/room_248/syn_09.png,248,1
/content/dataset/real/room_249.jpeg,249,0
/content/dataset/synthetic/room_249/syn_00.png,249,1
/content/dataset/synthetic/room_249/syn_01.png,249,1
/content/dataset/synthetic/room_249/syn_02.png,249,1
/content/dataset/synthetic/room_249/syn_03.png,249,1
/content/dataset/synthetic/room_249/syn_04.png,249,1
/content/dataset/synthetic/room_249/syn_05.png,249,1
/content/dataset/synthetic/room_249/syn_06.png,249,1
/content/dataset/synthetic/room_249/syn_07.png,249,1
/content/dataset/synthetic/room_249/syn_08.png,249,1
/content/dataset/synthetic/room_249/syn_09.png,249,1
/content/dataset/real/room_25.jpeg,25,0
/content/dataset/synthetic/room_25/syn_00.png,25,1
/content/dataset/synthetic/room_25/syn_01.png,25,1
/content/dataset/synthetic/room_25/syn_02.png,25,1
/content/dataset/synthetic/room_25/syn_03.png,25,1
/content/dataset/synthetic/room_25/syn_04.png,25,1
/content/dataset/synthetic/room_25/syn_05.png,25,1
/content/dataset/synthetic/room_25/syn_06.png,25,1
/content/dataset/synthetic/room_25/syn_07.png,25,1
/content/dataset/synthetic/room_25/syn_08.png,25,1
/content/dataset/synthetic/room_25/syn_09.png,25,1
/content/dataset/real/room_250.jpg,250,0
/content/dataset/synthetic/room_250/syn_00.png,250,1
/content/dataset/synthetic/room_250/syn_01.png,250,1
/content/dataset/synthetic/room_250/syn_02.png,250,1
/content/dataset/synthetic/room_250/syn_03.png,250,1
/content/dataset/synthetic/room_250/syn_04.png,250,1
/content/dataset/synthetic/room_250/syn_05.png,250,1
/content/dataset/synthetic/room_250/syn_06.png,250,1
/content/dataset/synthetic/room_250/syn_07.png,250,1
/content/dataset/synthetic/room_250/syn_08.png,250,1
/content/dataset/synthetic/room_250/syn_09.png,250,1
/content/dataset/real/room_251.jpeg,251,0
/content/dataset/synthetic/room_251/syn_00.png,251,1
/content/dataset/synthetic/room_251/syn_01.png,251,1
/content/dataset/synthetic/room_251/syn_02.png,251,1
/content/dataset/synthetic/room_251/syn_03.png,251,1
/content/dataset/synthetic/room_251/syn_04.png,251,1
/content/dataset/synthetic/room_251/syn_05.png,251,1
/content/dataset/synthetic/room_251/syn_06.png,251,1
/content/dataset/synthetic/room_251/syn_07.png,251,1
/content/dataset/synthetic/room_251/syn_08.png,251,1
/content/dataset/synthetic/room_251/syn_09.png,251,1
/content/dataset/real/room_252.jpg,252,0
/content/dataset/synthetic/room_252/syn_00.png,252,1
/content/dataset/synthetic/room_252/syn_01.png,252,1
/content/dataset/synthetic/room_252/syn_02.png,252,1
/content/dataset/synthetic/room_252/syn_03.png,252,1
/content/dataset/synthetic/room_252/syn_04.png,252,1
/content/dataset/synthetic/room_252/syn_05.png,252,1
/content/dataset/synthetic/room_252/syn_06.png,252,1
/content/dataset/synthetic/room_252/syn_07.png,252,1
/content/dataset/synthetic/room_252/syn_08.png,252,1
/content/dataset/synthetic/room_252/syn_09.png,252,1
/content/dataset/real/room_253.jpeg,253,0
/content/dataset/synthetic/room_253/syn_00.png,253,1
/content/dataset/synthetic/room_253/syn_01.png,253,1
/content/dataset/synthetic/room_253/syn_02.png,253,1
/content/dataset/synthetic/room_253/syn_03.png,253,1
/content/dataset/synthetic/room_253/syn_04.png,253,1
/content/dataset/synthetic/room_253/syn_05.png,253,1
/content/dataset/synthetic/room_253/syn_06.png,253,1
/content/dataset/synthetic/room_253/syn_07.png,253,1
/content/dataset/synthetic/room_253/syn_08.png,253,1
/content/dataset/synthetic/room_253/syn_09.png,253,1
/content/dataset/real/room_254.jpg,254,0
/content/dataset/synthetic/room_254/syn_00.png,254,1
/content/dataset/synthetic/room_254/syn_01.png,254,1
/content/dataset/synthetic/room_254/syn_02.png,254,1
/content/dataset/synthetic/room_254/syn_03.png,254,1
/content/dataset/synthetic/room_254/syn_04.png,254,1
/content/dataset/synthetic/room_254/syn_05.png,254,1
/content/dataset/synthetic/room_254/syn_06.png,254,1
/content/dataset/synthetic/room_254/syn_07.png,254,1
/content/dataset/synthetic/room_254/syn_08.png,254,1
/content/dataset/synthetic/room_254/syn_09.png,254,1
/content/dataset/real/room_255.jpeg,255,0
/content/dataset/synthetic/room_255/syn_00.png,255,1
/content/dataset/synthetic/room_255/syn_01.png,255,1
/content/dataset/synthetic/room_255/syn_02.png,255,1
/content/dataset/synthetic/room_255/syn_03.png,255,1
/content/dataset/synthetic/room_255/syn_04.png,255,1
/content/dataset/synthetic/room_255/syn_05.png,255,1
/content/dataset/synthetic/room_255/syn_06.png,255,1
/content/dataset/synthetic/room_255/syn_07.png,255,1
/content/dataset/synthetic/room_255/syn_08.png,255,1
/content/dataset/synthetic/room_255/syn_09.png,255,1
/content/dataset/real/room_256.jpg,256,0
/content/dataset/synthetic/room_256/syn_00.png,256,1
/content/dataset/synthetic/room_256/syn_01.png,256,1
/content/dataset/synthetic/room_256/syn_02.png,256,1
/content/dataset/synthetic/room_256/syn_03.png,256,1
/content/dataset/synthetic/room_256/syn_04.png,256,1
/content/dataset/synthetic/room_256/syn_05.png,256,1
/content/dataset/synthetic/room_256/syn_06.png,256,1
/content/dataset/synthetic/room_256/syn_07.png,256,1
/content/dataset/synthetic/room_256/syn_08.png,256,1
/content/dataset/synthetic/room_256/syn_09.png,256,1
/content/dataset/real/room_257.jpeg,257,0
/content/dataset/synthetic/room_257/syn_00.png,257,1
/content/dataset/synthetic/room_257/syn_01.png,257,1
/content/dataset/synthetic/room_257/syn_02.png,257,1
/content/dataset/synthetic/room_257/syn_03.png,257,1
/content/dataset/synthetic/room_257/syn_04.png,257,1
/content/dataset/synthetic/room_257/syn_05.png,257,1
/content/dataset/synthetic/room_257/syn_06.png,257,1
/content/dataset/synthetic/room_257/syn_07.png,257,1
/content/dataset/synthetic/room_257/syn_08.png,257,1
/content/dataset/synthetic/room_257/syn_09.png,257,1
/content/dataset/real/room_258.jpg,258,0
/content/dataset/synthetic/room_258/syn_00.png,258,1
/content/dataset/synthetic/room_258/syn_01.png,258,1
/content/dataset/synthetic/room_258/syn_02.png,258,1
/content/dataset/synthetic/room_258/syn_03.png,258,1
/content/dataset/synthetic/room_258/syn_04.png,258,1
/content/dataset/synthetic/room_258/syn_05.png,258,1
/content/dataset/synthetic/room_258/syn_06.png,258,1
/content/dataset/synthetic/room_258/syn_07.png,258,1
/content/dataset/synthetic/room_258/syn_08.png,258,1
/content/dataset/synthetic/room_258/syn_09.png,258,1
/content/dataset/real/room_259.jpeg,259,0
/content/dataset/synthetic/room_259/syn_00.png,259,1
/content/dataset/synthetic/room_259/syn_01.png,259,1
/content/dataset/synthetic/room_259/syn_02.png,259,1
/content/dataset/synthetic/room_259/syn_03.png,259,1
/content/dataset/synthetic/room_259/syn_04.png,259,1
/content/dataset/synthetic/room_259/syn_05.png,259,1
/content/dataset/synthetic/room_259/syn_06.png,259,1
/content/dataset/synthetic/room_259/syn_07.png,259,1
/content/dataset/synthetic/room_259/syn_08.png,259,1
/content/dataset/synthetic/room_259/syn_09.png,259,1
/content/dataset/real/room_26.jpg,26,0
/content/dataset/synthetic/room_26/syn_00.png,26,1
/content/dataset/synthetic/room_26/syn_01.png,26,1
/content/dataset/synthetic/room_26/syn_02.png,26,1
/content/dataset/synthetic/room_26/syn_03.png,26,1
/content/dataset/synthetic/room_26/syn_04.png,26,1
/content/dataset/synthetic/room_26/syn_05.png,26,1
/content/dataset/synthetic/room_26/syn_06.png,26,1
/content/dataset/synthetic/room_26/syn_07.png,26,1
/content/dataset/synthetic/room_26/syn_08.png,26,1
/content/dataset/synthetic/room_26/syn_09.png,26,1
/content/dataset/real/room_260.jpg,260,0
/content/dataset/synthetic/room_260/syn_00.png,260,1
/content/dataset/synthetic/room_260/syn_01.png,260,1
/content/dataset/synthetic/room_260/syn_02.png,260,1
/content/dataset/synthetic/room_260/syn_03.png,260,1
/content/dataset/synthetic/room_260/syn_04.png,260,1
/content/dataset/synthetic/room_260/syn_05.png,260,1
/content/dataset/synthetic/room_260/syn_06.png,260,1
/content/dataset/synthetic/room_260/syn_07.png,260,1
/content/dataset/synthetic/room_260/syn_08.png,260,1
/content/dataset/synthetic/room_260/syn_09.png,260,1
/content/dataset/real/room_261.jpeg,261,0
/content/dataset/synthetic/room_261/syn_00.png,261,1
/content/dataset/synthetic/room_261/syn_01.png,261,1
/content/dataset/synthetic/room_261/syn_02.png,261,1
/content/dataset/synthetic/room_261/syn_03.png,261,1
/content/dataset/synthetic/room_261/syn_04.png,261,1
/content/dataset/synthetic/room_261/syn_05.png,261,1
/content/dataset/synthetic/room_261/syn_06.png,261,1
/content/dataset/synthetic/room_261/syn_07.png,261,1
/content/dataset/synthetic/room_261/syn_08.png,261,1
/content/dataset/synthetic/room_261/syn_09.png,261,1
/content/dataset/real/room_262.jpg,262,0
/content/dataset/synthetic/room_262/syn_00.png,262,1
/content/dataset/synthetic/room_262/syn_01.png,262,1
/content/dataset/synthetic/room_262/syn_02.png,262,1
/content/dataset/synthetic/room_262/syn_03.png,262,1
/content/dataset/synthetic/room_262/syn_04.png,262,1
/content/dataset/synthetic/room_262/syn_05.png,262,1
/content/dataset/synthetic/room_262/syn_06.png,262,1
/content/dataset/synthetic/room_262/syn_07.png,262,1
/content/dataset/synthetic/room_262/syn_08.png,262,1
/content/dataset/synthetic/room_262/syn_09.png,262,1
/content/dataset/real/room_263.jpeg,263,0
/content/dataset/synthetic/room_263/syn_00.png,263,1
/content/dataset/synthetic/room_263/syn_01.png,263,1
/content/dataset/synthetic/room_263/syn_02.png,263,1
/content/dataset/synthetic/room_263/syn_03.png,263,1
/content/dataset/synthetic/room_263/syn_04.png,263,1
/content/dataset/synthetic/room_263/syn_05.png,263,1
/content/dataset/synthetic/room_263/syn_06.png,263,1
/content/dataset/synthetic/room_263/syn_07.png,263,1
/content/dataset/synthetic/room_263/syn_08.png,263,1
/content/dataset/synthetic/room_263/syn_09.png,263,1
/content/dataset/real/room_264.jpg,264,0
/content/dataset/synthetic/room_264/syn_00.png,264,1
/content/dataset/synthetic/room_264/syn_01.png,264,1
/content/dataset/synthetic/room_264/syn_02.png,264,1
/content/dataset/synthetic/room_264/syn_03.png,264,1
/content/dataset/synthetic/room_264/syn_04.png,264,1
/content/dataset/synthetic/room_264/syn_05.png,264,1
/content/dataset/synthetic/room_264/syn_06.png,264,1
/content/dataset/synthetic/room_264/syn_07.png,264,1
/content/dataset/synthetic/room_264/syn_08.png,264,1
/content/dataset/synthetic/room_264/syn_09.png,264,1
/content/dataset/real/room_265.jpeg,265,0
/content/dataset/synthetic/room_265/syn_00.png,265,1
/content/dataset/synthetic/room_265/syn_01.png,265,1
/content/dataset/synthetic/room_265/syn_02.png,265,1
/content/dataset/synthetic/room_265/syn_03.png,265,1
/content/dataset/synthetic/room_265/syn_04.png,265,1
/content/dataset/synthetic/room_265/syn_05.png,265,1
/content/dataset/synthetic/room_265/syn_06.png,265,1
/content/dataset/synthetic/room_265/syn_07.png,265,1
/content/dataset/synthetic/room_265/syn_08.png,265,1
/content/dataset/synthetic/room_265/syn_09.png,265,1
/content/dataset/real/room_266.jpg,266,0
/content/dataset/synthetic/room_266/syn_00.png,266,1
/content/dataset/synthetic/room_266/syn_01.png,266,1
/content/dataset/synthetic/room_266/syn_02.png,266,1
/content/dataset/synthetic/room_266/syn_03.png,266,1
/content/dataset/synthetic/room_266/syn_04.png,266,1
/content/dataset/synthetic/room_266/syn_05.png,266,1
/content/dataset/synthetic/room_266/syn_06.png,266,1
/content/dataset/synthetic/room_266/syn_07.png,266,1
/content/dataset/synthetic/room_266/syn_08.png,266,1
/content/dataset/synthetic/room_266/syn_09.png,266,1
/content/dataset/real/room_267.jpeg,267,0
/content/dataset/synthetic/room_267/syn_00.png,267,1
/content/dataset/synthetic/room_267/syn_01.png,267,1
/content/dataset/synthetic/room_267/syn_02.png,267,1
/content/dataset/synthetic/room_267/syn_03.png,267,1
/content/dataset/synthetic/room_267/syn_04.png,267,1
/content/dataset/synthetic/room_267/syn_05.png,267,1
/content/dataset/synthetic/room_267/syn_06.png,267,1
/content/dataset/synthetic/room_267/syn_07.png,267,1
/content/dataset/synthetic/room_267/syn_08.png,267,1
/content/dataset/synthetic/room_267/syn_09.png,267,1
/content/dataset/real/room_268.jpg,268,0
/content/dataset/synthetic/room_268/syn_00.png,268,1
/content/dataset/synthetic/room_268/syn_01.png,268,1
/content/dataset/synthetic/room_268/syn_02.png,268,1
/content/dataset/synthetic/room_268/syn_03.png,268,1
/content/dataset/synthetic/room_268/syn_04.png,268,1
/content/dataset/synthetic/room_268/syn_05.png,268,1
/content/dataset/synthetic/room_268/syn_06.png,268,1
/content/dataset/synthetic/room_268/syn_07.png,268,1
/content/dataset/synthetic/room_268/syn_08.png,268,1
/content/dataset/synthetic/room_268/syn_09.png,268,1
/content/dataset/real/room_269.jpeg,269,0
/content/dataset/synthetic/room_269/syn_00.png,269,1
/content/dataset/synthetic/room_269/syn_01.png,269,1
/content/dataset/synthetic/room_269/syn_02.png,269,1
/content/dataset/synthetic/room_269/syn_03.png,269,1
/content/dataset/synthetic/room_269/syn_04.png,269,1
/content/dataset/synthetic/room_269/syn_05.png,269,1
/content/dataset/synthetic/room_269/syn_06.png,269,1
/content/dataset/synthetic/room_269/syn_07.png,269,1
/content/dataset/synthetic/room_269/syn_08.png,269,1
/content/dataset/synthetic/room_269/syn_09.png,269,1
/content/dataset/real/room_27.jpeg,27,0
/content/dataset/synthetic/room_27/syn_00.png,27,1
/content/dataset/synthetic/room_27/syn_01.png,27,1
/content/dataset/synthetic/room_27/syn_02.png,27,1
/content/dataset/synthetic/room_27/syn_03.png,27,1
/content/dataset/synthetic/room_27/syn_04.png,27,1
/content/dataset/synthetic/room_27/syn_05.png,27,1
/content/dataset/synthetic/room_27/syn_06.png,27,1
/content/dataset/synthetic/room_27/syn_07.png,27,1
/content/dataset/synthetic/room_27/syn_08.png,27,1
/content/dataset/synthetic/room_27/syn_09.png,27,1
/content/dataset/real/room_270.jpg,270,0
/content/dataset/synthetic/room_270/syn_00.png,270,1
/content/dataset/synthetic/room_270/syn_01.png,270,1
/content/dataset/synthetic/room_270/syn_02.png,270,1
/content/dataset/synthetic/room_270/syn_03.png,270,1
/content/dataset/synthetic/room_270/syn_04.png,270,1
/content/dataset/synthetic/room_270/syn_05.png,270,1
/content/dataset/synthetic/room_270/syn_06.png,270,1
/content/dataset/synthetic/room_270/syn_07.png,270,1
/content/dataset/synthetic/room_270/syn_08.png,270,1
/content/dataset/synthetic/room_270/syn_09.png,270,1
/content/dataset/real/room_271.jpeg,271,0
/content/dataset/synthetic/room_271/syn_00.png,271,1
/content/dataset/synthetic/room_271/syn_01.png,271,1
/content/dataset/synthetic/room_271/syn_02.png,271,1
/content/dataset/synthetic/room_271/syn_03.png,271,1
/content/dataset/synthetic/room_271/syn_04.png,271,1
/content/dataset/synthetic/room_271/syn_05.png,271,1
/content/dataset/synthetic/room_271/syn_06.png,271,1
/content/dataset/synthetic/room_271/syn_07.png,271,1
/content/dataset/synthetic/room_271/syn_08.png,271,1
/content/dataset/synthetic/room_271/syn_09.png,271,1
/content/dataset/real/room_272.jpg,272,0
/content/dataset/synthetic/room_272/syn_00.png,272,1
/content/dataset/synthetic/room_272/syn_01.png,272,1
/content/dataset/synthetic/room_272/syn_02.png,272,1
/content/dataset/synthetic/room_272/syn_03.png,272,1
/content/dataset/synthetic/room_272/syn_04.png,272,1
/content/dataset/synthetic/room_272/syn_05.png,272,1
/content/dataset/synthetic/room_272/syn_06.png,272,1
/content/dataset/synthetic/room_272/syn_07.png,272,1
/content/dataset/synthetic/room_272/syn_08.png,272,1
/content/dataset/synthetic/room_272/syn_09.png,272,1
/content/dataset/real/room_273.jpeg,273,0
/content/dataset/synthetic/room_273/syn_00.png,273,1
/content/dataset/synthetic/room_273/syn_01.png,273,1
/content/dataset/synthetic/room_273/syn_02.png,273,1
/content/dataset/synthetic/room_273/syn_03.png,273,1
/content/dataset/synthetic/room_273/syn_04.png,273,1
/content/dataset/synthetic/room_273/syn_05.png,273,1
/content/dataset/synthetic/room_273/syn_06.png,273,1
/content/dataset/synthetic/room_273/syn_07.png,273,1
/content/dataset/synthetic/room_273/syn_08.png,273,1
/content/dataset/synthetic/room_273/syn_09.png,273,1
/content/dataset/real/room_274.jpg,274,0
/content/dataset/synthetic/room_274/syn_00.png,274,1
/content/dataset/synthetic/room_274/syn_01.png,274,1
/content/dataset/synthetic/room_274/syn_02.png,274,1
/content/dataset/synthetic/room_274/syn_03.png,274,1
/content/dataset/synthetic/room_274/syn_04.png,274,1
/content/dataset/synthetic/room_274/syn_05.png,274,1
/content/dataset/synthetic/room_274/syn_06.png,274,1
/content/dataset/synthetic/room_274/syn_07.png,274,1
/content/dataset/synthetic/room_274/syn_08.png,274,1
/content/dataset/synthetic/room_274/syn_09.png,274,1
/content/dataset/real/room_275.jpeg,275,0
/content/dataset/synthetic/room_275/syn_00.png,275,1
/content/dataset/synthetic/room_275/syn_01.png,275,1
/content/dataset/synthetic/room_275/syn_02.png,275,1
/content/dataset/synthetic/room_275/syn_03.png,275,1
/content/dataset/synthetic/room_275/syn_04.png,275,1
/content/dataset/synthetic/room_275/syn_05.png,275,1
/content/dataset/synthetic/room_275/syn_06.png,275,1
/content/dataset/synthetic/room_275/syn_07.png,275,1
/content/dataset/synthetic/room_275/syn_08.png,275,1
/content/dataset/synthetic/room_275/syn_09.png,275,1
/content/dataset/real/room_276.jpg,276,0
/content/dataset/synthetic/room_276/syn_00.png,276,1
/content/dataset/synthetic/room_276/syn_01.png,276,1
/content/dataset/synthetic/room_276/syn_02.png,276,1
/content/dataset/synthetic/room_276/syn_03.png,276,1
/content/dataset/synthetic/room_276/syn_04.png,276,1
/content/dataset/synthetic/room_276/syn_05.png,276,1
/content/dataset/synthetic/room_276/syn_06.png,276,1
/content/dataset/synthetic/room_276/syn_07.png,276,1
/content/dataset/synthetic/room_276/syn_08.png,276,1
/content/dataset/synthetic/room_276/syn_09.png,276,1
/content/dataset/real/room_277.jpeg,277,0
/content/dataset/synthetic/room_277/syn_00.png,277,1
/content/dataset/synthetic/room_277/syn_01.png,277,1
/content/dataset/synthetic/room_277/syn_02.png,277,1
/content/dataset/synthetic/room_277/syn_03.png,277,1
/content/dataset/synthetic/room_277/syn_04.png,277,1
/content/dataset/synthetic/room_277/syn_05.png,277,1
/content/dataset/synthetic/room_277/syn_06.png,277,1
/content/dataset/synthetic/room_277/syn_07.png,277,1
/content/dataset/synthetic/room_277/syn_08.png,277,1
/content/dataset/synthetic/room_277/syn_09.png,277,1
/content/dataset/real/room_278.jpg,278,0
/content/dataset/synthetic/room_278/syn_00.png,278,1
/content/dataset/synthetic/room_278/syn_01.png,278,1
/content/dataset/synthetic/room_278/syn_02.png,278,1
/content/dataset/synthetic/room_278/syn_03.png,278,1
/content/dataset/synthetic/room_278/syn_04.png,278,1
/content/dataset/synthetic/room_278/syn_05.png,278,1
/content/dataset/synthetic/room_278/syn_06.png,278,1
/content/dataset/synthetic/room_278/syn_07.png,278,1
/content/dataset/synthetic/room_278/syn_08.png,278,1
/content/dataset/synthetic/room_278/syn_09.png,278,1
/content/dataset/real/room_279.jpeg,279,0
/content/dataset/synthetic/room_279/syn_00.png,279,1
/content/dataset/synthetic/room_279/syn_01.png,279,1
/content/dataset/synthetic/room_279/syn_02.png,279,1
/content/dataset/synthetic/room_279/syn_03.png,279,1
/content/dataset/synthetic/room_279/syn_04.png,279,1
/content/dataset/synthetic/room_279/syn_05.png,279,1
/content/dataset/synthetic/room_279/syn_06.png,279,1
/content/dataset/synthetic/room_279/syn_07.png,279,1
/content/dataset/synthetic/room_279/syn_08.png,279,1
/content/dataset/synthetic/room_279/syn_09.png,279,1
/content/dataset/real/room_28.jpg,28,0
/content/dataset/synthetic/room_28/syn_00.png,28,1
/content/dataset/synthetic/room_28/syn_01.png,28,1
/content/dataset/synthetic/room_28/syn_02.png,28,1
/content/dataset/synthetic/room_28/syn_03.png,28,1
/content/dataset/synthetic/room_28/syn_04.png,28,1
/content/dataset/synthetic/room_28/syn_05.png,28,1
/content/dataset/synthetic/room_28/syn_06.png,28,1
/content/dataset/synthetic/room_28/syn_07.png,28,1
/content/dataset/synthetic/room_28/syn_08.png,28,1
/content/dataset/synthetic/room_28/syn_09.png,28,1
/content/dataset/real/room_280.jpg,280,0
/content/dataset/synthetic/room_280/syn_00.png,280,1
/content/dataset/synthetic/room_280/syn_01.png,280,1
/content/dataset/synthetic/room_280/syn_02.png,280,1
/content/dataset/synthetic/room_280/syn_03.png,280,1
/content/dataset/synthetic/room_280/syn_04.png,280,1
/content/dataset/synthetic/room_280/syn_05.png,280,1
/content/dataset/synthetic/room_280/syn_06.png,280,1
/content/dataset/synthetic/room_280/syn_07.png,280,1
/content/dataset/synthetic/room_280/syn_08.png,280,1
/content/dataset/synthetic/room_280/syn_09.png,280,1
/content/dataset/real/room_281.jpeg,281,0
/content/dataset/synthetic/room_281/syn_00.png,281,1
/content/dataset/synthetic/room_281/syn_01.png,281,1
/content/dataset/synthetic/room_281/syn_02.png,281,1
/content/dataset/synthetic/room_281/syn_03.png,281,1
/content/dataset/synthetic/room_281/syn_04.png,281,1
/content/dataset/synthetic/room_281/syn_05.png,281,1
/content/dataset/synthetic/room_281/syn_06.png,281,1
/content/dataset/synthetic/room_281/syn_07.png,281,1
/content/dataset/synthetic/room_281/syn_08.png,281,1
/content/dataset/synthetic/room_281/syn_09.png,281,1
/content/dataset/real/room_282.jpg,282,0
/content/dataset/synthetic/room_282/syn_00.png,282,1
/content/dataset/synthetic/room_282/syn_01.png,282,1
/content/dataset/synthetic/room_282/syn_02.png,282,1
/content/dataset/synthetic/room_282/syn_03.png,282,1
/content/dataset/synthetic/room_282/syn_04.png,282,1
/content/dataset/synthetic/room_282/syn_05.png,282,1
/content/dataset/synthetic/room_282/syn_06.png,282,1
/content/dataset/synthetic/room_282/syn_07.png,282,1
/content/dataset/synthetic/room_282/syn_08.png,282,1
/content/dataset/synthetic/room_282/syn_09.png,282,1
/content/dataset/real/room_283.jpeg,283,0
/content/dataset/synthetic/room_283/syn_00.png,283,1
/content/dataset/synthetic/room_283/syn_01.png,283,1
/content/dataset/synthetic/room_283/syn_02.png,283,1
/content/dataset/synthetic/room_283/syn_03.png,283,1
/content/dataset/synthetic/room_283/syn_04.png,283,1
/content/dataset/synthetic/room_283/syn_05.png,283,1
/content/dataset/synthetic/room_283/syn_06.png,283,1
/content/dataset/synthetic/room_283/syn_07.png,283,1
/content/dataset/synthetic/room_283/syn_08.png,283,1
/content/dataset/synthetic/room_283/syn_09.png,283,1
/content/dataset/real/room_284.jpg,284,0
/content/dataset/synthetic/room_284/syn_00.png,284,1
/content/dataset/synthetic/room_284/syn_01.png,284,1
/content/dataset/synthetic/room_284/syn_02.png,284,1
/content/dataset/synthetic/room_284/syn_03.png,284,1
/content/dataset/synthetic/room_284/syn_04.png,284,1
/content/dataset/synthetic/room_284/syn_05.png,284,1
/content/dataset/synthetic/room_284/syn_06.png,284,1
/content/dataset/synthetic/room_284/syn_07.png,284,1
/content/dataset/synthetic/room_284/syn_08.png,284,1
/content/dataset/synthetic/room_284/syn_09.png,284,1
/content/dataset/real/room_285.jpeg,285,0
/content/dataset/synthetic/room_285/syn_00.png,285,1
/content/dataset/synthetic/room_285/syn_01.png,285,1
/content/dataset/synthetic/room_285/syn_02.png,285,1
/content/dataset/synthetic/room_285/syn_03.png,285,1
/content/dataset/synthetic/room_285/syn_04.png,285,1
/content/dataset/synthetic/room_285/syn_05.png,285,1
/content/dataset/synthetic/room_285/syn_06.png,285,1
/content/dataset/synthetic/room_285/syn_07.png,285,1
/content/dataset/synthetic/room_285/syn_08.png,285,1
/content/dataset/synthetic/room_285/syn_09.png,285,1
/content/dataset/real/room_286.jpg,286,0
/content/dataset/synthetic/room_286/syn_00.png,286,1
/content/dataset/synthetic/room_286/syn_01.png,286,1
/content/dataset/synthetic/room_286/syn_02.png,286,1
/content/dataset/synthetic/room_286/syn_03.png,286,1
/content/dataset/synthetic/room_286/syn_04.png,286,1
/content/dataset/synthetic/room_286/syn_05.png,286,1
/content/dataset/synthetic/room_286/syn_06.png,286,1
/content/dataset/synthetic/room_286/syn_07.png,286,1
/content/dataset/synthetic/room_286/syn_08.png,286,1
/content/dataset/synthetic/room_286/syn_09.png,286,1
/content/dataset/real/room_287.jpeg,287,0
/content/dataset/synthetic/room_287/syn_00.png,287,1
/content/dataset/synthetic/room_287/syn_01.png,287,1
/content/dataset/synthetic/room_287/syn_02.png,287,1
/content/dataset/synthetic/room_287/syn_03.png,287,1
/content/dataset/synthetic/room_287/syn_04.png,287,1
/content/dataset/synthetic/room_287/syn_05.png,287,1
/content/dataset/synthetic/room_287/syn_06.png,287,1
/content/dataset/synthetic/room_287/syn_07.png,287,1
/content/dataset/synthetic/room_287/syn_08.png,287,1
/content/dataset/synthetic/room_287/syn_09.png,287,1
/content/dataset/real/room_288.jpg,288,0
/content/dataset/synthetic/room_288/syn_00.png,288,1
/content/dataset/synthetic/room_288/syn_01.png,288,1
/content/dataset/synthetic/room_288/syn_02.png,288,1
/content/dataset/synthetic/room_288/syn_03.png,288,1
/content/dataset/synthetic/room_288/syn_04.png,288,1
/content/dataset/synthetic/room_288/syn_05.png,288,1
/content/dataset/synthetic/room_288/syn_06.png,288,1
/content/dataset/synthetic/room_288/syn_07.png,288,1
/content/dataset/synthetic/room_288/syn_08.png,288,1
/content/dataset/synthetic/room_288/syn_09.png,288,1
/content/dataset/real/room_289.jpeg,289,0
/content/dataset/synthetic/room_289/syn_00.png,289,1
/content/dataset/synthetic/room_289/syn_01.png,289,1
/content/dataset/synthetic/room_289/syn_02.png,289,1
/content/dataset/synthetic/room_289/syn_03.png,289,1
/content/dataset/synthetic/room_289/syn_04.png,289,1
/content/dataset/synthetic/room_289/syn_05.png,289,1
/content/dataset/synthetic/room_289/syn_06.png,289,1
/content/dataset/synthetic/room_289/syn_07.png,289,1
/content/dataset/synthetic/room_289/syn_08.png,289,1
/content/dataset/synthetic/room_289/syn_09.png,289,1
/content/dataset/real/room_29.jpeg,29,0
/content/dataset/synthetic/room_29/syn_00.png,29,1
/content/dataset/synthetic/room_29/syn_01.png,29,1
/content/dataset/synthetic/room_29/syn_02.png,29,1
/content/dataset/synthetic/room_29/syn_03.png,29,1
/content/dataset/synthetic/room_29/syn_04.png,29,1
/content/dataset/synthetic/room_29/syn_05.png,29,1
/content/dataset/synthetic/room_29/syn_06.png,29,1
/content/dataset/synthetic/room_29/syn_07.png,29,1
/content/dataset/synthetic/room_29/syn_08.png,29,1
/content/dataset/synthetic/room_29/syn_09.png,29,1
/content/dataset/real/room_290.jpg,290,0
/content/dataset/synthetic/room_290/syn_00.png,290,1
/content/dataset/synthetic/room_290/syn_01.png,290,1
/content/dataset/synthetic/room_290/syn_02.png,290,1
/content/dataset/synthetic/room_290/syn_03.png,290,1
/content/dataset/synthetic/room_290/syn_04.png,290,1
/content/dataset/synthetic/room_290/syn_05.png,290,1
/content/dataset/synthetic/room_290/syn_06.png,290,1
/content/dataset/synthetic/room_290/syn_07.png,290,1
/content/dataset/synthetic/room_290/syn_08.png,290,1
/content/dataset/synthetic/room_290/syn_09.png,290,1
/content/dataset/real/room_291.jpeg,291,0
/content/dataset/synthetic/room_291/syn_00.png,291,1
/content/dataset/synthetic/room_291/syn_01.png,291,1
/content/dataset/synthetic/room_291/syn_02.png,291,1
/content/dataset/synthetic/room_291/syn_03.png,291,1
/content/dataset/synthetic/room_291/syn_04.png,291,1
/content/dataset/synthetic/room_291/syn_05.png,291,1
/content/dataset/synthetic/room_291/syn_06.png,291,1
/content/dataset/synthetic/room_291/syn_07.png,291,1
/content/dataset/synthetic/room_291/syn_08.png,291,1
/content/dataset/synthetic/room_291/syn_09.png,291,1
/content/dataset/real/room_292.jpg,292,0
/content/dataset/synthetic/room_292/syn_00.png,292,1
/content/dataset/synthetic/room_292/syn_01.png,292,1
/content/dataset/synthetic/room_292/syn_02.png,292,1
/content/dataset/synthetic/room_292/syn_03.png,292,1
/content/dataset/synthetic/room_292/syn_04.png,292,1
/content/dataset/synthetic/room_292/syn_05.png,292,1
/content/dataset/synthetic/room_292/syn_06.png,292,1
/content/dataset/synthetic/room_292/syn_07.png,292,1
/content/dataset/synthetic/room_292/syn_08.png,292,1
/content/dataset/synthetic/room_292/syn_09.png,292,1
/content/dataset/real/room_293.jpeg,293,0
/content/dataset/synthetic/room_293/syn_00.png,293,1
/content/dataset/synthetic/room_293/syn_01.png,293,1
/content/dataset/synthetic/room_293/syn_02.png,293,1
/content/dataset/synthetic/room_293/syn_03.png,293,1
/content/dataset/synthetic/room_293/syn_04.png,293,1
/content/dataset/synthetic/room_293/syn_05.png,293,1
/content/dataset/synthetic/room_293/syn_06.png,293,1
/content/dataset/synthetic/room_293/syn_07.png,293,1
/content/dataset/synthetic/room_293/syn_08.png,293,1
/content/dataset/synthetic/room_293/syn_09.png,293,1
/content/dataset/real/room_294.jpg,294,0
/content/dataset/synthetic/room_294/syn_00.png,294,1
/content/dataset/synthetic/room_294/syn_01.png,294,1
/content/dataset/synthetic/room_294/syn_02.png,294,1
/content/dataset/synthetic/room_294/syn_03.png,294,1
/content/dataset/synthetic/room_294/syn_04.png,294,1
/content/dataset/synthetic/room_294/syn_05.png,294,1
/content/dataset/synthetic/room_294/syn_06.png,294,1
/content/dataset/synthetic/room_294/syn_07.png,294,1
/content/dataset/synthetic/room_294/syn_08.png,294,1
/content/dataset/synthetic/room_294/syn_09.png,294,1
/content/dataset/real/room_295.jpeg,295,0
/content/dataset/synthetic/room_295/syn_00.png,295,1
/content/dataset/synthetic/room_295/syn_01.png,295,1
/content/dataset/synthetic/room_295/syn_02.png,295,1
/content/dataset/synthetic/room_295/syn_03.png,295,1
/content/dataset/synthetic/room_295/syn_04.png,295,1
/content/dataset/synthetic/room_295/syn_05.png,295,1
/content/dataset/synthetic/room_295/syn_06.png,295,1
/content/dataset/synthetic/room_295/syn_07.png,295,1
/content/dataset/synthetic/room_295/syn_08.png,295,1
/content/dataset/synthetic/room_295/syn_09.png,295,1
/content/dataset/real/room_296.jpg,296,0
/content/dataset/synthetic/room_296/syn_00.png,296,1
/content/dataset/synthetic/room_296/syn_01.png,296,1
/content/dataset/synthetic/room_296/syn_02.png,296,1
/content/dataset/synthetic/room_296/syn_03.png,296,1
/content/dataset/synthetic/room_296/syn_04.png,296,1
/content/dataset/synthetic/room_296/syn_05.png,296,1
/content/dataset/synthetic/room_296/syn_06.png,296,1
/content/dataset/synthetic/room_296/syn_07.png,296,1
/content/dataset/synthetic/room_296/syn_08.png,296,1
/content/dataset/synthetic/room_296/syn_09.png,296,1
/content/dataset/real/room_297.jpeg,297,0
/content/dataset/synthetic/room_297/syn_00.png,297,1
/content/dataset/synthetic/room_297/syn_01.png,297,1
/content/dataset/synthetic/room_297/syn_02.png,297,1
/content/dataset/synthetic/room_297/syn_03.png,297,1
/content/dataset/synthetic/room_297/syn_04.png,297,1
/content/dataset/synthetic/room_297/syn_05.png,297,1
/content/dataset/synthetic/room_297/syn_06.png,297,1
/content/dataset/synthetic/room_297/syn_07.png,297,1
/content/dataset/synthetic/room_297/syn_08.png,297,1
/content/dataset/synthetic/room_297/syn_09.png,297,1
/content/dataset/real/room_298.jpg,298,0
/content/dataset/synthetic/room_298/syn_00.png,298,1
/content/dataset/synthetic/room_298/syn_01.png,298,1
/content/dataset/synthetic/room_298/syn_02.png,298,1
/content/dataset/synthetic/room_298/syn_03.png,298,1
/content/dataset/synthetic/room_298/syn_04.png,298,1
/content/dataset/synthetic/room_298/syn_05.png,298,1
/content/dataset/synthetic/room_298/syn_06.png,298,1
/content/dataset/synthetic/room_298/syn_07.png,298,1
/content/dataset/synthetic/room_298/syn_08.png,298,1
/content/dataset/synthetic/room_298/syn_09.png,298,1
/content/dataset/real/room_299.jpeg,299,0
/content/dataset/synthetic/room_299/syn_00.png,299,1
/content/dataset/synthetic/room_299/syn_01.png,299,1
/content/dataset/synthetic/room_299/syn_02.png,299,1
/content/dataset/synthetic/room_299/syn_03.png,299,1
/content/dataset/synthetic/room_299/syn_04.png,299,1
/content/dataset/synthetic/room_299/syn_05.png,299,1
/content/dataset/synthetic/room_299/syn_06.png,299,1
/content/dataset/synthetic/room_299/syn_07.png,299,1
/content/dataset/synthetic/room_299/syn_08.png,299,1
/content/dataset/synthetic/room_299/syn_09.png,299,1
/content/dataset/real/room_3.jpeg,3,0
/content/dataset/synthetic/room_3/syn_00.png,3,1
/content/dataset/synthetic/room_3/syn_01.png,3,1
/content/dataset/synthetic/room_3/syn_02.png,3,1
/content/dataset/synthetic/room_3/syn_03.png,3,1
/content/dataset/synthetic/room_3/syn_04.png,3,1
/content/dataset/synthetic/room_3/syn_05.png,3,1
/content/dataset/synthetic/room_3/syn_06.png,3,1
/content/dataset/synthetic/room_3/syn_07.png,3,1
/content/dataset/synthetic/room_3/syn_08.png,3,1
/content/dataset/synthetic/room_3/syn_09.png,3,1
/content/dataset/real/room_30.jpg,30,0
/content/dataset/synthetic/room_30/syn_00.png,30,1
/content/dataset/synthetic/room_30/syn_01.png,30,1
/content/dataset/synthetic/room_30/syn_02.png,30,1
/content/dataset/synthetic/room_30/syn_03.png,30,1
/content/dataset/synthetic/room_30/syn_04.png,30,1
/content/dataset/synthetic/room_30/syn_05.png,30,1
/content/dataset/synthetic/room_30/syn_06.png,30,1
/content/dataset/synthetic/room_30/syn_07.png,30,1
/content/dataset/synthetic/room_30/syn_08.png,30,1
/content/dataset/synthetic/room_30/syn_09.png,30,1
/content/dataset/real/room_300.jpg,300,0
/content/dataset/synthetic/room_300/syn_00.png,300,1
/content/dataset/synthetic/room_300/syn_01.png,300,1
/content/dataset/synthetic/room_300/syn_02.png,300,1
/content/dataset/synthetic/room_300/syn_03.png,300,1
/content/dataset/synthetic/room_300/syn_04.png,300,1
/content/dataset/synthetic/room_300/syn_05.png,300,1
/content/dataset/synthetic/room_300/syn_06.png,300,1
/content/dataset/synthetic/room_300/syn_07.png,300,1
/content/dataset/synthetic/room_300/syn_08.png,300,1
/content/dataset/synthetic/room_300/syn_09.png,300,1
/content/dataset/real/room_31.jpeg,31,0
/content/dataset/synthetic/room_31/syn_00.png,31,1
/content/dataset/synthetic/room_31/syn_01.png,31,1
/content/dataset/synthetic/room_31/syn_02.png,31,1
/content/dataset/synthetic/room_31/syn_03.png,31,1
/content/dataset/synthetic/room_31/syn_04.png,31,1
/content/dataset/synthetic/room_31/syn_05.png,31,1
/content/dataset/synthetic/room_31/syn_06.png,31,1
/content/dataset/synthetic/room_31/syn_07.png,31,1
/content/dataset/synthetic/room_31/syn_08.png,31,1
/content/dataset/synthetic/room_31/syn_09.png,31,1
/content/dataset/real/room_32.jpg,32,0
/content/dataset/synthetic/room_32/syn_00.png,32,1
/content/dataset/synthetic/room_32/syn_01.png,32,1
/content/dataset/synthetic/room_32/syn_02.png,32,1
/content/dataset/synthetic/room_32/syn_03.png,32,1
/content/dataset/synthetic/room_32/syn_04.png,32,1
/content/dataset/synthetic/room_32/syn_05.png,32,1
/content/dataset/synthetic/room_32/syn_06.png,32,1
/content/dataset/synthetic/room_32/syn_07.png,32,1
/content/dataset/synthetic/room_32/syn_08.png,32,1
/content/dataset/synthetic/room_32/syn_09.png,32,1
/content/dataset/real/room_33.jpeg,33,0
/content/dataset/synthetic/room_33/syn_00.png,33,1
/content/dataset/synthetic/room_33/syn_01.png,33,1
/content/dataset/synthetic/room_33/syn_02.png,33,1
/content/dataset/synthetic/room_33/syn_03.png,33,1
/content/dataset/synthetic/room_33/syn_04.png,33,1
/content/dataset/synthetic/room_33/syn_05.png,33,1
/content/dataset/synthetic/room_33/syn_06.png,33,1
/content/dataset/synthetic/room_33/syn_07.png,33,1
/content/dataset/synthetic/room_33/syn_08.png,33,1
/content/dataset/synthetic/room_33/syn_09.png,33,1
/content/dataset/real/room_34.jpg,34,0
/content/dataset/synthetic/room_34/syn_00.png,34,1
/content/dataset/synthetic/room_34/syn_01.png,34,1
/content/dataset/synthetic/room_34/syn_02.png,34,1
/content/dataset/synthetic/room_34/syn_03.png,34,1
/content/dataset/synthetic/room_34/syn_04.png,34,1
/content/dataset/synthetic/room_34/syn_05.png,34,1
/content/dataset/synthetic/room_34/syn_06.png,34,1
/content/dataset/synthetic/room_34/syn_07.png,34,1
/content/dataset/synthetic/room_34/syn_08.png,34,1
/content/dataset/synthetic/room_34/syn_09.png,34,1
/content/dataset/real/room_35.jpeg,35,0
/content/dataset/synthetic/room_35/syn_00.png,35,1
/content/dataset/synthetic/room_35/syn_01.png,35,1
/content/dataset/synthetic/room_35/syn_02.png,35,1
/content/dataset/synthetic/room_35/syn_03.png,35,1
/content/dataset/synthetic/room_35/syn_04.png,35,1
/content/dataset/synthetic/room_35/syn_05.png,35,1
/content/dataset/synthetic/room_35/syn_06.png,35,1
/content/dataset/synthetic/room_35/syn_07.png,35,1
/content/dataset/synthetic/room_35/syn_08.png,35,1
/content/dataset/synthetic/room_35/syn_09.png,35,1
/content/dataset/real/room_36.jpg,36,0
/content/dataset/synthetic/room_36/syn_00.png,36,1
/content/dataset/synthetic/room_36/syn_01.png,36,1
/content/dataset/synthetic/room_36/syn_02.png,36,1
/content/dataset/synthetic/room_36/syn_03.png,36,1
/content/dataset/synthetic/room_36/syn_04.png,36,1
/content/dataset/synthetic/room_36/syn_05.png,36,1
/content/dataset/synthetic/room_36/syn_06.png,36,1
/content/dataset/synthetic/room_36/syn_07.png,36,1
/content/dataset/synthetic/room_36/syn_08.png,36,1
/content/dataset/synthetic/room_36/syn_09.png,36,1
/content/dataset/real/room_37.jpeg,37,0
/content/dataset/synthetic/room_37/syn_00.png,37,1
/content/dataset/synthetic/room_37/syn_01.png,37,1
/content/dataset/synthetic/room_37/syn_02.png,37,1
/content/dataset/synthetic/room_37/syn_03.png,37,1
/content/dataset/synthetic/room_37/syn_04.png,37,1
/content/dataset/synthetic/room_37/syn_05.png,37,1
/content/dataset/synthetic/room_37/syn_06.png,37,1
/content/dataset/synthetic/room_37/syn_07.png,37,1
/content/dataset/synthetic/room_37/syn_08.png,37,1
/content/dataset/synthetic/room_37/syn_09.png,37,1
/content/dataset/real/room_38.jpg,38,0
/content/dataset/synthetic/room_38/syn_00.png,38,1
/content/dataset/synthetic/room_38/syn_01.png,38,1
/content/dataset/synthetic/room_38/syn_02.png,38,1
/content/dataset/synthetic/room_38/syn_03.png,38,1
/content/dataset/synthetic/room_38/syn_04.png,38,1
/content/dataset/synthetic/room_38/syn_05.png,38,1
/content/dataset/synthetic/room_38/syn_06.png,38,1
/content/dataset/synthetic/room_38/syn_07.png,38,1
/content/dataset/synthetic/room_38/syn_08.png,38,1
/content/dataset/synthetic/room_38/syn_09.png,38,1
/content/dataset/real/room_39.jpeg,39,0
/content/dataset/synthetic/room_39/syn_00.png,39,1
/content/dataset/synthetic/room_39/syn_01.png,39,1
/content/dataset/synthetic/room_39/syn_02.png,39,1
/content/dataset/synthetic/room_39/syn_03.png,39,1
/content/dataset/synthetic/room_39/syn_04.png,39,1
/content/dataset/synthetic/room_39/syn_05.png,39,1
/content/dataset/synthetic/room_39/syn_06.png,39,1
/content/dataset/synthetic/room_39/syn_07.png,39,1
/content/dataset/synthetic/room_39/syn_08.png,39,1
/content/dataset/synthetic/room_39/syn_09.png,39,1
/content/dataset/real/room_4.jpg,4,0
/content/dataset/synthetic/room_4/syn_00.png,4,1
/content/dataset/synthetic/room_4/syn_01.png,4,1
/content/dataset/synthetic/room_4/syn_02.png,4,1
/content/dataset/synthetic/room_4/syn_03.png,4,1
/content/dataset/synthetic/room_4/syn_04.png,4,1
/content/dataset/synthetic/room_4/syn_05.png,4,1
/content/dataset/synthetic/room_4/syn_06.png,4,1
/content/dataset/synthetic/room_4/syn_07.png,4,1
/content/dataset/synthetic/room_4/syn_08.png,4,1
/content/dataset/synthetic/room_4/syn_09.png,4,1
/content/dataset/real/room_40.jpg,40,0
/content/dataset/synthetic/room_40/syn_00.png,40,1
/content/dataset/synthetic/room_40/syn_01.png,40,1
/content/dataset/synthetic/room_40/syn_02.png,40,1
/content/dataset/synthetic/room_40/syn_03.png,40,1
/content/dataset/synthetic/room_40/syn_04.png,40,1
/content/dataset/synthetic/room_40/syn_05.png,40,1
/content/dataset/synthetic/room_40/syn_06.png,40,1
/content/dataset/synthetic/room_40/syn_07.png,40,1
/content/dataset/synthetic/room_40/syn_08.png,40,1
/content/dataset/synthetic/room_40/syn_09.png,40,1
/content/dataset/real/room_41.jpeg,41,0
/content/dataset/synthetic/room_41/syn_00.png,41,1
/content/dataset/synthetic/room_41/syn_01.png,41,1
/content/dataset/synthetic/room_41/syn_02.png,41,1
/content/dataset/synthetic/room_41/syn_03.png,41,1
/content/dataset/synthetic/room_41/syn_04.png,41,1
/content/dataset/synthetic/room_41/syn_05.png,41,1
/content/dataset/synthetic/room_41/syn_06.png,41,1
/content/dataset/synthetic/room_41/syn_07.png,41,1
/content/dataset/synthetic/room_41/syn_08.png,41,1
/content/dataset/synthetic/room_41/syn_09.png,41,1
/content/dataset/real/room_42.jpg,42,0
/content/dataset/synthetic/room_42/syn_00.png,42,1
/content/dataset/synthetic/room_42/syn_01.png,42,1
/content/dataset/synthetic/room_42/syn_02.png,42,1
/content/dataset/synthetic/room_42/syn_03.png,42,1
/content/dataset/synthetic/room_42/syn_04.png,42,1
/content/dataset/synthetic/room_42/syn_05.png,42,1
/content/dataset/synthetic/room_42/syn_06.png,42,1
/content/dataset/synthetic/room_42/syn_07.png,42,1
/content/dataset/synthetic/room_42/syn_08.png,42,1
/content/dataset/synthetic/room_42/syn_09.png,42,1
/content/dataset/real/room_43.jpeg,43,0
/content/dataset/synthetic/room_43/syn_00.png,43,1
/content/dataset/synthetic/room_43/syn_01.png,43,1
/content/dataset/synthetic/room_43/syn_02.png,43,1
/content/dataset/synthetic/room_43/syn_03.png,43,1
/content/dataset/synthetic/room_43/syn_04.png,43,1
/content/dataset/synthetic/room_43/syn_05.png,43,1
/content/dataset/synthetic/room_43/syn_06.png,43,1
/content/dataset/synthetic/room_43/syn_07.png,43,1
/content/dataset/synthetic/room_43/syn_08.png,43,1
/content/dataset/synthetic/room_43/syn_09.png,43,1
/content/dataset/real/room_44.jpg,44,0
/content/dataset/synthetic/room_44/syn_00.png,44,1
/content/dataset/synthetic/room_44/syn_01.png,44,1
/content/dataset/synthetic/room_44/syn_02.png,44,1
/content/dataset/synthetic/room_44/syn_03.png,44,1
/content/dataset/synthetic/room_44/syn_04.png,44,1
/content/dataset/synthetic/room_44/syn_05.png,44,1
/content/dataset/synthetic/room_44/syn_06.png,44,1
/content/dataset/synthetic/room_44/syn_07.png,44,1
/content/dataset/synthetic/room_44/syn_08.png,44,1
/content/dataset/synthetic/room_44/syn_09.png,44,1
/content/dataset/real/room_45.jpeg,45,0
/content/dataset/synthetic/room_45/syn_00.png,45,1
/content/dataset/synthetic/room_45/syn_01.png,45,1
/content/dataset/synthetic/room_45/syn_02.png,45,1
/content/dataset/synthetic/room_45/syn_03.png,45,1
/content/dataset/synthetic/room_45/syn_04.png,45,1
/content/dataset/synthetic/room_45/syn_05.png,45,1
/content/dataset/synthetic/room_45/syn_06.png,45,1
/content/dataset/synthetic/room_45/syn_07.png,45,1
/content/dataset/synthetic/room_45/syn_08.png,45,1
/content/dataset/synthetic/room_45/syn_09.png,45,1
/content/dataset/real/room_46.jpg,46,0
/content/dataset/synthetic/room_46/syn_00.png,46,1
/content/dataset/synthetic/room_46/syn_01.png,46,1
/content/dataset/synthetic/room_46/syn_02.png,46,1
/content/dataset/synthetic/room_46/syn_03.png,46,1
/content/dataset/synthetic/room_46/syn_04.png,46,1
/content/dataset/synthetic/room_46/syn_05.png,46,1
/content/dataset/synthetic/room_46/syn_06.png,46,1
/content/dataset/synthetic/room_46/syn_07.png,46,1
/content/dataset/synthetic/room_46/syn_08.png,46,1
/content/dataset/synthetic/room_46/syn_09.png,46,1
/content/dataset/real/room_47.jpeg,47,0
/content/dataset/synthetic/room_47/syn_00.png,47,1
/content/dataset/synthetic/room_47/syn_01.png,47,1
/content/dataset/synthetic/room_47/syn_02.png,47,1
/content/dataset/synthetic/room_47/syn_03.png,47,1
/content/dataset/synthetic/room_47/syn_04.png,47,1
/content/dataset/synthetic/room_47/syn_05.png,47,1
/content/dataset/synthetic/room_47/syn_06.png,47,1
/content/dataset/synthetic/room_47/syn_07.png,47,1
/content/dataset/synthetic/room_47/syn_08.png,47,1
/content/dataset/synthetic/room_47/syn_09.png,47,1
/content/dataset/real/room_48.jpg,48,0
/content/dataset/synthetic/room_48/syn_00.png,48,1
/content/dataset/synthetic/room_48/syn_01.png,48,1
/content/dataset/synthetic/room_48/syn_02.png,48,1
/content/dataset/synthetic/room_48/syn_03.png,48,1
/content/dataset/synthetic/room_48/syn_04.png,48,1
/content/dataset/synthetic/room_48/syn_05.png,48,1
/content/dataset/synthetic/room_48/syn_06.png,48,1
/content/dataset/synthetic/room_48/syn_07.png,48,1
/content/dataset/synthetic/room_48/syn_08.png,48,1
/content/dataset/synthetic/room_48/syn_09.png,48,1
/content/dataset/real/room_49.jpeg,49,0
/content/dataset/synthetic/room_49/syn_00.png,49,1
/content/dataset/synthetic/room_49/syn_01.png,49,1
/content/dataset/synthetic/room_49/syn_02.png,49,1
/content/dataset/synthetic/room_49/syn_03.png,49,1
/content/dataset/synthetic/room_49/syn_04.png,49,1
/content/dataset/synthetic/room_49/syn_05.png,49,1
/content/dataset/synthetic/room_49/syn_06.png,49,1
/content/dataset/synthetic/room_49/syn_07.png,49,1
/content/dataset/synthetic/room_49/syn_08.png,49,1
/content/dataset/synthetic/room_49/syn_09.png,49,1
/content/dataset/real/room_5.jpeg,5,0
/content/dataset/synthetic/room_5/syn_00.png,5,1
/content/dataset/synthetic/room_5/syn_01.png,5,1
/content/dataset/synthetic/room_5/syn_02.png,5,1
/content/dataset/synthetic/room_5/syn_03.png,5,1
/content/dataset/synthetic/room_5/syn_04.png,5,1
/content/dataset/synthetic/room_5/syn_05.png,5,1
/content/dataset/synthetic/room_5/syn_06.png,5,1
/content/dataset/synthetic/room_5/syn_07.png,5,1
/content/dataset/synthetic/room_5/syn_08.png,5,1
/content/dataset/synthetic/room_5/syn_09.png,5,1
/content/dataset/real/room_50.jpg,50,0
/content/dataset/synthetic/room_50/syn_00.png,50,1
/content/dataset/synthetic/room_50/syn_01.png,50,1
/content/dataset/synthetic/room_50/syn_02.png,50,1
/content/dataset/synthetic/room_50/syn_03.png,50,1
/content/dataset/synthetic/room_50/syn_04.png,50,1
/content/dataset/synthetic/room_50/syn_05.png,50,1
/content/dataset/synthetic/room_50/syn_06.png,50,1
/content/dataset/synthetic/room_50/syn_07.png,50,1
/content/dataset/synthetic/room_50/syn_08.png,50,1
/content/dataset/synthetic/room_50/syn_09.png,50,1
/content/dataset/real/room_51.jpeg,51,0
/content/dataset/synthetic/room_51/syn_00.png,51,1
/content/dataset/synthetic/room_51/syn_01.png,51,1
/content/dataset/synthetic/room_51/syn_02.png,51,1
/content/dataset/synthetic/room_51/syn_03.png,51,1
/content/dataset/synthetic/room_51/syn_04.png,51,1
/content/dataset/synthetic/room_51/syn_05.png,51,1
/content/dataset/synthetic/room_51/syn_06.png,51,1
/content/dataset/synthetic/room_51/syn_07.png,51,1
/content/dataset/synthetic/room_51/syn_08.png,51,1
/content/dataset/synthetic/room_51/syn_09.png,51,1
/content/dataset/real/room_52.jpg,52,0
/content/dataset/synthetic/room_52/syn_00.png,52,1
/content/dataset/synthetic/room_52/syn_01.png,52,1
/content/dataset/synthetic/room_52/syn_02.png,52,1
/content/dataset/synthetic/room_52/syn_03.png,52,1
/content/dataset/synthetic/room_52/syn_04.png,52,1
/content/dataset/synthetic/room_52/syn_05.png,52,1
/content/dataset/synthetic/room_52/syn_06.png,52,1
/content/dataset/synthetic/room_52/syn_07.png,52,1
/content/dataset/synthetic/room_52/syn_08.png,52,1
/content/dataset/synthetic/room_52/syn_09.png,52,1
/content/dataset/real/room_53.jpeg,53,0
/content/dataset/synthetic/room_53/syn_00.png,53,1
/content/dataset/synthetic/room_53/syn_01.png,53,1
/content/dataset/synthetic/room_53/syn_02.png,53,1
/content/dataset/synthetic/room_53/syn_03.png,53,1
/content/dataset/synthetic/room_53/syn_04.png,53,1
/content/dataset/synthetic/room_53/syn_05.png,53,1
/content/dataset/synthetic/room_53/syn_06.png,53,1
/content/dataset/synthetic/room_53/syn_07.png,53,1
/content/dataset/synthetic/room_53/syn_08.png,53,1
/content/dataset/synthetic/room_53/syn_09.png,53,1
/content/dataset/real/room_54.jpg,54,0
/content/dataset/synthetic/room_54/syn_00.png,54,1
/content/dataset/synthetic/room_54/syn_01.png,54,1
/content/dataset/synthetic/room_54/syn_02.png,54,1
/content/dataset/synthetic/room_54/syn_03.png,54,1
/content/dataset/synthetic/room_54/syn_04.png,54,1
/content/dataset/synthetic/room_54/syn_05.png,54,1
/content/dataset/synthetic/room_54/syn_06.png,54,1
/content/dataset/synthetic/room_54/syn_07.png,54,1
/content/dataset/synthetic/room_54/syn_08.png,54,1
/content/dataset/synthetic/room_54/syn_09.png,54,1
/content/dataset/real/room_55.jpeg,55,0
/content/dataset/synthetic/room_55/syn_00.png,55,1
/content/dataset/synthetic/room_55/syn_01.png,55,1
/content/dataset/synthetic/room_55/syn_02.png,55,1
/content/dataset/synthetic/room_55/syn_03.png,55,1
/content/dataset/synthetic/room_55/syn_04.png,55,1
/content/dataset/synthetic/room_55/syn_05.png,55,1
/content/dataset/synthetic/room_55/syn_06.png,55,1
/content/dataset/synthetic/room_55/syn_07.png,55,1
/content/dataset/synthetic/room_55/syn_08.png,55,1
/content/dataset/synthetic/room_55/syn_09.png,55,1
/content/dataset/real/room_56.jpg,56,0
/content/dataset/synthetic/room_56/syn_00.png,56,1
/content/dataset/synthetic/room_56/syn_01.png,56,1
/content/dataset/synthetic/room_56/syn_02.png,56,1
/content/dataset/synthetic/room_56/syn_03.png,56,1
/content/dataset/synthetic/room_56/syn_04.png,56,1
/content/dataset/synthetic/room_56/syn_05.png,56,1
/content/dataset/synthetic/room_56/syn_06.png,56,1
/content/dataset/synthetic/room_56/syn_07.png,56,1
/content/dataset/synthetic/room_56/syn_08.png,56,1
/content/dataset/synthetic/room_56/syn_09.png,56,1
/content/dataset/real/room_57.jpeg,57,0
/content/dataset/synthetic/room_57/syn_00.png,57,1
/content/dataset/synthetic/room_57/syn_01.png,57,1
/content/dataset/synthetic/room_57/syn_02.png,57,1
/content/dataset/synthetic/room_57/syn_03.png,57,1
/content/dataset/synthetic/room_57/syn_04.png,57,1
/content/dataset/synthetic/room_57/syn_05.png,57,1
/content/dataset/synthetic/room_57/syn_06.png,57,1
/content/dataset/synthetic/room_57/syn_07.png,57,1
/content/dataset/synthetic/room_57/syn_08.png,57,1
/content/dataset/synthetic/room_57/syn_09.png,57,1
/content/dataset/real/room_58.jpg,58,0
/content/dataset/synthetic/room_58/syn_00.png,58,1
/content/dataset/synthetic/room_58/syn_01.png,58,1
/content/dataset/synthetic/room_58/syn_02.png,58,1
/content/dataset/synthetic/room_58/syn_03.png,58,1
/content/dataset/synthetic/room_58/syn_04.png,58,1
/content/dataset/synthetic/room_58/syn_05.png,58,1
/content/dataset/synthetic/room_58/syn_06.png,58,1
/content/dataset/synthetic/room_58/syn_07.png,58,1
/content/dataset/synthetic/room_58/syn_08.png,58,1
/content/dataset/synthetic/room_58/syn_09.png,58,1
/content/dataset/real/room_59.jpeg,59,0
/content/dataset/synthetic/room_59/syn_00.png,59,1
/content/dataset/synthetic/room_59/syn_01.png,59,1
/content/dataset/synthetic/room_59/syn_02.png,59,1
/content/dataset/synthetic/room_59/syn_03.png,59,1
/content/dataset/synthetic/room_59/syn_04.png,59,1
/content/dataset/synthetic/room_59/syn_05.png,59,1
/content/dataset/synthetic/room_59/syn_06.png,59,1
/content/dataset/synthetic/room_59/syn_07.png,59,1
/content/dataset/synthetic/room_59/syn_08.png,59,1
/content/dataset/synthetic/room_59/syn_09.png,59,1
/content/dataset/real/room_6.jpg,6,0
/content/dataset/synthetic/room_6/syn_00.png,6,1
/content/dataset/synthetic/room_6/syn_01.png,6,1
/content/dataset/synthetic/room_6/syn_02.png,6,1
/content/dataset/synthetic/room_6/syn_03.png,6,1
/content/dataset/synthetic/room_6/syn_04.png,6,1
/content/dataset/synthetic/room_6/syn_05.png,6,1
/content/dataset/synthetic/room_6/syn_06.png,6,1
/content/dataset/synthetic/room_6/syn_07.png,6,1
/content/dataset/synthetic/room_6/syn_08.png,6,1
/content/dataset/synthetic/room_6/syn_09.png,6,1
/content/dataset/real/room_60.jpg,60,0
/content/dataset/synthetic/room_60/syn_00.png,60,1
/content/dataset/synthetic/room_60/syn_01.png,60,1
/content/dataset/synthetic/room_60/syn_02.png,60,1
/content/dataset/synthetic/room_60/syn_03.png,60,1
/content/dataset/synthetic/room_60/syn_04.png,60,1
/content/dataset/synthetic/room_60/syn_05.png,60,1
/content/dataset/synthetic/room_60/syn_06.png,60,1
/content/dataset/synthetic/room_60/syn_07.png,60,1
/content/dataset/synthetic/room_60/syn_08.png,60,1
/content/dataset/synthetic/room_60/syn_09.png,60,1
/content/dataset/real/room_61.jpeg,61,0
/content/dataset/synthetic/room_61/syn_00.png,61,1
/content/dataset/synthetic/room_61/syn_01.png,61,1
/content/dataset/synthetic/room_61/syn_02.png,61,1
/content/dataset/synthetic/room_61/syn_03.png,61,1
/content/dataset/synthetic/room_61/syn_04.png,61,1
/content/dataset/synthetic/room_61/syn_05.png,61,1
/content/dataset/synthetic/room_61/syn_06.png,61,1
/content/dataset/synthetic/room_61/syn_07.png,61,1
/content/dataset/synthetic/room_61/syn_08.png,61,1
/content/dataset/synthetic/room_61/syn_09.png,61,1
/content/dataset/real/room_62.jpg,62,0
/content/dataset/synthetic/room_62/syn_00.png,62,1
/content/dataset/synthetic/room_62/syn_01.png,62,1
/content/dataset/synthetic/room_62/syn_02.png,62,1
/content/dataset/synthetic/room_62/syn_03.png,62,1
/content/dataset/synthetic/room_62/syn_04.png,62,1
/content/dataset/synthetic/room_62/syn_05.png,62,1
/content/dataset/synthetic/room_62/syn_06.png,62,1
/content/dataset/synthetic/room_62/syn_07.png,62,1
/content/dataset/synthetic/room_62/syn_08.png,62,1
/content/dataset/synthetic/room_62/syn_09.png,62,1
/content/dataset/real/room_63.jpeg,63,0
/content/dataset/synthetic/room_63/syn_00.png,63,1
/content/dataset/synthetic/room_63/syn_01.png,63,1
/content/dataset/synthetic/room_63/syn_02.png,63,1
/content/dataset/synthetic/room_63/syn_03.png,63,1
/content/dataset/synthetic/room_63/syn_04.png,63,1
/content/dataset/synthetic/room_63/syn_05.png,63,1
/content/dataset/synthetic/room_63/syn_06.png,63,1
/content/dataset/synthetic/room_63/syn_07.png,63,1
/content/dataset/synthetic/room_63/syn_08.png,63,1
/content/dataset/synthetic/room_63/syn_09.png,63,1
/content/dataset/real/room_64.jpg,64,0
/content/dataset/synthetic/room_64/syn_00.png,64,1
/content/dataset/synthetic/room_64/syn_01.png,64,1
/content/dataset/synthetic/room_64/syn_02.png,64,1
/content/dataset/synthetic/room_64/syn_03.png,64,1
/content/dataset/synthetic/room_64/syn_04.png,64,1
/content/dataset/synthetic/room_64/syn_05.png,64,1
/content/dataset/synthetic/room_64/syn_06.png,64,1
/content/dataset/synthetic/room_64/syn_07.png,64,1
/content/dataset/synthetic/room_64/syn_08.png,64,1
/content/dataset/synthetic/room_64/syn_09.png,64,1
/content/dataset/real/room_65.jpeg,65,0
/content/dataset/synthetic/room_65/syn_00.png,65,1
/content/dataset/synthetic/room_65/syn_01.png,65,1
/content/dataset/synthetic/room_65/syn_02.png,65,1
/content/dataset/synthetic/room_65/syn_03.png,65,1
/content/dataset/synthetic/room_65/syn_04.png,65,1
/content/dataset/synthetic/room_65/syn_05.png,65,1
/content/dataset/synthetic/room_65/syn_06.png,65,1
/content/dataset/synthetic/room_65/syn_07.png,65,1
/content/dataset/synthetic/room_65/syn_08.png,65,1
/content/dataset/synthetic/room_65/syn_09.png,65,1
/content/dataset/real/room_66.jpg,66,0
/content/dataset/synthetic/room_66/syn_00.png,66,1
/content/dataset/synthetic/room_66/syn_01.png,66,1
/content/dataset/synthetic/room_66/syn_02.png,66,1
/content/dataset/synthetic/room_66/syn_03.png,66,1
/content/dataset/synthetic/room_66/syn_04.png,66,1
/content/dataset/synthetic/room_66/syn_05.png,66,1
/content/dataset/synthetic/room_66/syn_06.png,66,1
/content/dataset/synthetic/room_66/syn_07.png,66,1
/content/dataset/synthetic/room_66/syn_08.png,66,1
/content/dataset/synthetic/room_66/syn_09.png,66,1
/content/dataset/real/room_67.jpeg,67,0
/content/dataset/synthetic/room_67/syn_00.png,67,1
/content/dataset/synthetic/room_67/syn_01.png,67,1
/content/dataset/synthetic/room_67/syn_02.png,67,1
/content/dataset/synthetic/room_67/syn_03.png,67,1
/content/dataset/synthetic/room_67/syn_04.png,67,1
/content/dataset/synthetic/room_67/syn_05.png,67,1
/content/dataset/synthetic/room_67/syn_06.png,67,1
/content/dataset/synthetic/room_67/syn_07.png,67,1
/content/dataset/synthetic/room_67/syn_08.png,67,1
/content/dataset/synthetic/room_67/syn_09.png,67,1
/content/dataset/real/room_68.jpg,68,0
/content/dataset/synthetic/room_68/syn_00.png,68,1
/content/dataset/synthetic/room_68/syn_01.png,68,1
/content/dataset/synthetic/room_68/syn_02.png,68,1
/content/dataset/synthetic/room_68/syn_03.png,68,1
/content/dataset/synthetic/room_68/syn_04.png,68,1
/content/dataset/synthetic/room_68/syn_05.png,68,1
/content/dataset/synthetic/room_68/syn_06.png,68,1
/content/dataset/synthetic/room_68/syn_07.png,68,1
/content/dataset/synthetic/room_68/syn_08.png,68,1
/content/dataset/synthetic/room_68/syn_09.png,68,1
/content/dataset/real/room_69.jpeg,69,0
/content/dataset/synthetic/room_69/syn_00.png,69,1
/content/dataset/synthetic/room_69/syn_01.png,69,1
/content/dataset/synthetic/room_69/syn_02.png,69,1
/content/dataset/synthetic/room_69/syn_03.png,69,1
/content/dataset/synthetic/room_69/syn_04.png,69,1
/content/dataset/synthetic/room_69/syn_05.png,69,1
/content/dataset/synthetic/room_69/syn_06.png,69,1
/content/dataset/synthetic/room_69/syn_07.png,69,1
/content/dataset/synthetic/room_69/syn_08.png,69,1
/content/dataset/synthetic/room_69/syn_09.png,69,1
/content/dataset/real/room_7.jpeg,7,0
/content/dataset/synthetic/room_7/syn_00.png,7,1
/content/dataset/synthetic/room_7/syn_01.png,7,1
/content/dataset/synthetic/room_7/syn_02.png,7,1
/content/dataset/synthetic/room_7/syn_03.png,7,1
/content/dataset/synthetic/room_7/syn_04.png,7,1
/content/dataset/synthetic/room_7/syn_05.png,7,1
/content/dataset/synthetic/room_7/syn_06.png,7,1
/content/dataset/synthetic/room_7/syn_07.png,7,1
/content/dataset/synthetic/room_7/syn_08.png,7,1
/content/dataset/synthetic/room_7/syn_09.png,7,1
/content/dataset/real/room_70.jpg,70,0
/content/dataset/synthetic/room_70/syn_00.png,70,1
/content/dataset/synthetic/room_70/syn_01.png,70,1
/content/dataset/synthetic/room_70/syn_02.png,70,1
/content/dataset/synthetic/room_70/syn_03.png,70,1
/content/dataset/synthetic/room_70/syn_04.png,70,1
/content/dataset/synthetic/room_70/syn_05.png,70,1
/content/dataset/synthetic/room_70/syn_06.png,70,1
/content/dataset/synthetic/room_70/syn_07.png,70,1
/content/dataset/synthetic/room_70/syn_08.png,70,1
/content/dataset/synthetic/room_70/syn_09.png,70,1
/content/dataset/real/room_71.jpeg,71,0
/content/dataset/synthetic/room_71/syn_00.png,71,1
/content/dataset/synthetic/room_71/syn_01.png,71,1
/content/dataset/synthetic/room_71/syn_02.png,71,1
/content/dataset/synthetic/room_71/syn_03.png,71,1
/content/dataset/synthetic/room_71/syn_04.png,71,1
/content/dataset/synthetic/room_71/syn_05.png,71,1
/content/dataset/synthetic/room_71/syn_06.png,71,1
/content/dataset/synthetic/room_71/syn_07.png,71,1
/content/dataset/synthetic/room_71/syn_08.png,71,1
/content/dataset/synthetic/room_71/syn_09.png,71,1
/content/dataset/real/room_72.jpg,72,0
/content/dataset/synthetic/room_72/syn_00.png,72,1
/content/dataset/synthetic/room_72/syn_01.png,72,1
/content/dataset/synthetic/room_72/syn_02.png,72,1
/content/dataset/synthetic/room_72/syn_03.png,72,1
/content/dataset/synthetic/room_72/syn_04.png,72,1
/content/dataset/synthetic/room_72/syn_05.png,72,1
/content/dataset/synthetic/room_72/syn_06.png,72,1
/content/dataset/synthetic/room_72/syn_07.png,72,1
/content/dataset/synthetic/room_72/syn_08.png,72,1
/content/dataset/synthetic/room_72/syn_09.png,72,1
/content/dataset/real/room_73.jpeg,73,0
/content/dataset/synthetic/room_73/syn_00.png,73,1
/content/dataset/synthetic/room_73/syn_01.png,73,1
/content/dataset/synthetic/room_73/syn_02.png,73,1
/content/dataset/synthetic/room_73/syn_03.png,73,1
/content/dataset/synthetic/room_73/syn_04.png,73,1
/content/dataset/synthetic/room_73/syn_05.png,73,1
/content/dataset/synthetic/room_73/syn_06.png,73,1
/content/dataset/synthetic/room_73/syn_07.png,73,1
/content/dataset/synthetic/room_73/syn_08.png,73,1
/content/dataset/synthetic/room_73/syn_09.png,73,1
/content/dataset/real/room_74.jpg,74,0
/content/dataset/synthetic/room_74/syn_00.png,74,1
/content/dataset/synthetic/room_74/syn_01.png,74,1
/content/dataset/synthetic/room_74/syn_02.png,74,1
/content/dataset/synthetic/room_74/syn_03.png,74,1
/content/dataset/synthetic/room_74/syn_04.png,74,1
/content/dataset/synthetic/room_74/syn_05.png,74,1
/content/dataset/synthetic/room_74/syn_06.png,74,1
/content/dataset/synthetic/room_74/syn_07.png,74,1
/content/dataset/synthetic/room_74/syn_08.png,74,1
/content/dataset/synthetic/room_74/syn_09.png,74,1
/content/dataset/real/room_75.jpeg,75,0
/content/dataset/synthetic/room_75/syn_00.png,75,1
/content/dataset/synthetic/room_75/syn_01.png,75,1
/content/dataset/synthetic/room_75/syn_02.png,75,1
/content/dataset/synthetic/room_75/syn_03.png,75,1
/content/dataset/synthetic/room_75/syn_04.png,75,1
/content/dataset/synthetic/room_75/syn_05.png,75,1
/content/dataset/synthetic/room_75/syn_06.png,75,1
/content/dataset/synthetic/room_75/syn_07.png,75,1
/content/dataset/synthetic/room_75/syn_08.png,75,1
/content/dataset/synthetic/room_75/syn_09.png,75,1
/content/dataset/real/room_76.jpg,76,0
/content/dataset/synthetic/room_76/syn_00.png,76,1
/content/dataset/synthetic/room_76/syn_01.png,76,1
/content/dataset/synthetic/room_76/syn_02.png,76,1
/content/dataset/synthetic/room_76/syn_03.png,76,1
/content/dataset/synthetic/room_76/syn_04.png,76,1
/content/dataset/synthetic/room_76/syn_05.png,76,1
/content/dataset/synthetic/room_76/syn_06.png,76,1
/content/dataset/synthetic/room_76/syn_07.png,76,1
/content/dataset/synthetic/room_76/syn_08.png,76,1
/content/dataset/synthetic/room_76/syn_09.png,76,1
/content/dataset/real/room_77.jpeg,77,0
/content/dataset/synthetic/room_77/syn_00.png,77,1
/content/dataset/synthetic/room_77/syn_01.png,77,1
/content/dataset/synthetic/room_77/syn_02.png,77,1
/content/dataset/synthetic/room_77/syn_03.png,77,1
/content/dataset/synthetic/room_77/syn_04.png,77,1
/content/dataset/synthetic/room_77/syn_05.png,77,1
/content/dataset/synthetic/room_77/syn_06.png,77,1
/content/dataset/synthetic/room_77/syn_07.png,77,1
/content/dataset/synthetic/room_77/syn_08.png,77,1
/content/dataset/synthetic/room_77/syn_09.png,77,1
/content/dataset/real/room_78.jpg,78,0
/content/dataset/synthetic/room_78/syn_00.png,78,1
/content/dataset/synthetic/room_78/syn_01.png,78,1
/content/dataset/synthetic/room_78/syn_02.png,78,1
/content/dataset/synthetic/room_78/syn_03.png,78,1
/content/dataset/synthetic/room_78/syn_04.png,78,1
/content/dataset/synthetic/room_78/syn_05.png,78,1
/content/dataset/synthetic/room_78/syn_06.png,78,1
/content/dataset/synthetic/room_78/syn_07.png,78,1
/content/dataset/synthetic/room_78/syn_08.png,78,1
/content/dataset/synthetic/room_78/syn_09.png,78,1
/content/dataset/real/room_79.jpeg,79,0
/content/dataset/synthetic/room_79/syn_00.png,79,1
/content/dataset/synthetic/room_79/syn_01.png,79,1
/content/dataset/synthetic/room_79/syn_02.png,79,1
/content/dataset/synthetic/room_79/syn_03.png,79,1
/content/dataset/synthetic/room_79/syn_04.png,79,1
/content/dataset/synthetic/room_79/syn_05.png,79,1
/content/dataset/synthetic/room_79/syn_06.png,79,1
/content/dataset/synthetic/room_79/syn_07.png,79,1
/content/dataset/synthetic/room_79/syn_08.png,79,1
/content/dataset/synthetic/room_79/syn_09.png,79,1
/content/dataset/real/room_8.jpg,8,0
/content/dataset/synthetic/room_8/syn_00.png,8,1
/content/dataset/synthetic/room_8/syn_01.png,8,1
/content/dataset/synthetic/room_8/syn_02.png,8,1
/content/dataset/synthetic/room_8/syn_03.png,8,1
/content/dataset/synthetic/room_8/syn_04.png,8,1
/content/dataset/synthetic/room_8/syn_05.png,8,1
/content/dataset/synthetic/room_8/syn_06.png,8,1
/content/dataset/synthetic/room_8/syn_07.png,8,1
/content/dataset/synthetic/room_8/syn_08.png,8,1
/content/dataset/synthetic/room_8/syn_09.png,8,1
/content/dataset/real/room_80.jpg,80,0
/content/dataset/synthetic/room_80/syn_00.png,80,1
/content/dataset/synthetic/room_80/syn_01.png,80,1
/content/dataset/synthetic/room_80/syn_02.png,80,1
/content/dataset/synthetic/room_80/syn_03.png,80,1
/content/dataset/synthetic/room_80/syn_04.png,80,1
/content/dataset/synthetic/room_80/syn_05.png,80,1
/content/dataset/synthetic/room_80/syn_06.png,80,1
/content/dataset/synthetic/room_80/syn_07.png,80,1
/content/dataset/synthetic/room_80/syn_08.png,80,1
/content/dataset/synthetic/room_80/syn_09.png,80,1
/content/dataset/real/room_81.jpeg,81,0
/content/dataset/synthetic/room_81/syn_00.png,81,1
/content/dataset/synthetic/room_81/syn_01.png,81,1
/content/dataset/synthetic/room_81/syn_02.png,81,1
/content/dataset/synthetic/room_81/syn_03.png,81,1
/content/dataset/synthetic/room_81/syn_04.png,81,1
/content/dataset/synthetic/room_81/syn_05.png,81,1
/content/dataset/synthetic/room_81/syn_06.png,81,1
/content/dataset/synthetic/room_81/syn_07.png,81,1
/content/dataset/synthetic/room_81/syn_08.png,81,1
/content/dataset/synthetic/room_81/syn_09.png,81,1
/content/dataset/real/room_82.jpg,82,0
/content/dataset/synthetic/room_82/syn_00.png,82,1
/content/dataset/synthetic/room_82/syn_01.png,82,1
/content/dataset/synthetic/room_82/syn_02.png,82,1
/content/dataset/synthetic/room_82/syn_03.png,82,1
/content/dataset/synthetic/room_82/syn_04.png,82,1
/content/dataset/synthetic/room_82/syn_05.png,82,1
/content/dataset/synthetic/room_82/syn_06.png,82,1
/content/dataset/synthetic/room_82/syn_07.png,82,1
/content/dataset/synthetic/room_82/syn_08.png,82,1
/content/dataset/synthetic/room_82/syn_09.png,82,1
/content/dataset/real/room_83.jpeg,83,0
/content/dataset/synthetic/room_83/syn_00.png,83,1
/content/dataset/synthetic/room_83/syn_01.png,83,1
/content/dataset/synthetic/room_83/syn_02.png,83,1
/content/dataset/synthetic/room_83/syn_03.png,83,1
/content/dataset/synthetic/room_83/syn_04.png,83,1
/content/dataset/synthetic/room_83/syn_05.png,83,1
/content/dataset/synthetic/room_83/syn_06.png,83,1
/content/dataset/synthetic/room_83/syn_07.png,83,1
/content/dataset/synthetic/room_83/syn_08.png,83,1
/content/dataset/synthetic/room_83/syn_09.png,83,1
/content/dataset/real/room_84.jpg,84,0
/content/dataset/synthetic/room_84/syn_00.png,84,1
/content/dataset/synthetic/room_84/syn_01.png,84,1
/content/dataset/synthetic/room_84/syn_02.png,84,1
/content/dataset/synthetic/room_84/syn_03.png,84,1
/content/dataset/synthetic/room_84/syn_04.png,84,1
/content/dataset/synthetic/room_84/syn_05.png,84,1
/content/dataset/synthetic/room_84/syn_06.png,84,1
/content/dataset/synthetic/room_84/syn_07.png,84,1
/content/dataset/synthetic/room_84/syn_08.png,84,1
/content/dataset/synthetic/room_84/syn_09.png,84,1
/content/dataset/real/room_85.jpeg,85,0
/content/dataset/synthetic/room_85/syn_00.png,85,1
/content/dataset/synthetic/room_85/syn_01.png,85,1
/content/dataset/synthetic/room_85/syn_02.png,85,1
/content/dataset/synthetic/room_85/syn_03.png,85,1
/content/dataset/synthetic/room_85/syn_04.png,85,1
/content/dataset/synthetic/room_85/syn_05.png,85,1
/content/dataset/synthetic/room_85/syn_06.png,85,1
/content/dataset/synthetic/room_85/syn_07.png,85,1
/content/dataset/synthetic/room_85/syn_08.png,85,1
/content/dataset/synthetic/room_85/syn_09.png,85,1
/content/dataset/real/room_86.jpg,86,0
/content/dataset/synthetic/room_86/syn_00.png,86,1
/content/dataset/synthetic/room_86/syn_01.png,86,1
/content/dataset/synthetic/room_86/syn_02.png,86,1
/content/dataset/synthetic/room_86/syn_03.png,86,1
/content/dataset/synthetic/room_86/syn_04.png,86,1
/content/dataset/synthetic/room_86/syn_05.png,86,1
/content/dataset/synthetic/room_86/syn_06.png,86,1
/content/dataset/synthetic/room_86/syn_07.png,86,1
/content/dataset/synthetic/room_86/syn_08.png,86,1
/content/dataset/synthetic/room_86/syn_09.png,86,1
/content/dataset/real/room_87.jpeg,87,0
/content/dataset/synthetic/room_87/syn_00.png,87,1
/content/dataset/synthetic/room_87/syn_01.png,87,1
/content/dataset/synthetic/room_87/syn_02.png,87,1
/content/dataset/synthetic/room_87/syn_03.png,87,1
/content/dataset/synthetic/room_87/syn_04.png,87,1
/content/dataset/synthetic/room_87/syn_05.png,87,1
/content/dataset/synthetic/room_87/syn_06.png,87,1
/content/dataset/synthetic/room_87/syn_07.png,87,1
/content/dataset/synthetic/room_87/syn_08.png,87,1
/content/dataset/synthetic/room_87/syn_09.png,87,1
/content/dataset/real/room_88.jpg,88,0
/content/dataset/synthetic/room_88/syn_00.png,88,1
/content/dataset/synthetic/room_88/syn_01.png,88,1
/content/dataset/synthetic/room_88/syn_02.png,88,1
/content/dataset/synthetic/room_88/syn_03.png,88,1
/content/dataset/synthetic/room_88/syn_04.png,88,1
/content/dataset/synthetic/room_88/syn_05.png,88,1
/content/dataset/synthetic/room_88/syn_06.png,88,1
/content/dataset/synthetic/room_88/syn_07.png,88,1
/content/dataset/synthetic/room_88/syn_08.png,88,1
/content/dataset/synthetic/room_88/syn_09.png,88,1
/content/dataset/real/room_89.jpeg,89,0
/content/dataset/synthetic/room_89/syn_00.png,89,1
/content/dataset/synthetic/room_89/syn_01.png,89,1
/content/dataset/synthetic/room_89/syn_02.png,89,1
/content/dataset/synthetic/room_89/syn_03.png,89,1
/content/dataset/synthetic/room_89/syn_04.png,89,1
/content/dataset/synthetic/room_89/syn_05.png,89,1
/content/dataset/synthetic/room_89/syn_06.png,89,1
/content/dataset/synthetic/room_89/syn_07.png,89,1
/content/dataset/synthetic/room_89/syn_08.png,89,1
/content/dataset/synthetic/room_89/syn_09.png,89,1
/content/dataset/real/room_9.jpeg,9,0
/content/dataset/synthetic/room_9/syn_00.png,9,1
/content/dataset/synthetic/room_9/syn_01.png,9,1
/content/dataset/synthetic/room_9/syn_02.png,9,1
/content/dataset/synthetic/room_9/syn_03.png,9,1
/content/dataset/synthetic/room_9/syn_04.png,9,1
/content/dataset/synthetic/room_9/syn_05.png,9,1
/content/dataset/synthetic/room_9/syn_06.png,9,1
/content/dataset/synthetic/room_9/syn_07.png,9,1
/content/dataset/synthetic/room_9/syn_08.png,9,1
/content/dataset/synthetic/room_9/syn_09.png,9,1
/content/dataset/real/room_90.jpg,90,0
/content/dataset/synthetic/room_90/syn_00.png,90,1
/content/dataset/synthetic/room_90/syn_01.png,90,1
/content/dataset/synthetic/room_90/syn_02.png,90,1
/content/dataset/synthetic/room_90/syn_03.png,90,1
/content/dataset/synthetic/room_90/syn_04.png,90,1
/content/dataset/synthetic/room_90/syn_05.png,90,1
/content/dataset/synthetic/room_90/syn_06.png,90,1
/content/dataset/synthetic/room_90/syn_07.png,90,1
/content/dataset/synthetic/room_90/syn_08.png,90,1
/content/dataset/synthetic/room_90/syn_09.png,90,1
/content/dataset/real/room_91.jpeg,91,0
/content/dataset/synthetic/room_91/syn_00.png,91,1
/content/dataset/synthetic/room_91/syn_01.png,91,1
/content/dataset/synthetic/room_91/syn_02.png,91,1
/content/dataset/synthetic/room_91/syn_03.png,91,1
/content/dataset/synthetic/room_91/syn_04.png,91,1
/content/dataset/synthetic/room_91/syn_05.png,91,1
/content/dataset/synthetic/room_91/syn_06.png,91,1
/content/dataset/synthetic/room_91/syn_07.png,91,1
/content/dataset/synthetic/room_91/syn_08.png,91,1
/content/dataset/synthetic/room_91/syn_09.png,91,1
/content/dataset/real/room_92.jpg,92,0
/content/dataset/synthetic/room_92/syn_00.png,92,1
/content/dataset/synthetic/room_92/syn_01.png,92,1
/content/dataset/synthetic/room_92/syn_02.png,92,1
/content/dataset/synthetic/room_92/syn_03.png,92,1
/content/dataset/synthetic/room_92/syn_04.png,92,1
/content/dataset/synthetic/room_92/syn_05.png,92,1
/content/dataset/synthetic/room_92/syn_06.png,92,1
/content/dataset/synthetic/room_92/syn_07.png,92,1
/content/dataset/synthetic/room_92/syn_08.png,92,1
/content/dataset/synthetic/room_92/syn_09.png,92,1
/content/dataset/real/room_93.jpeg,93,0
/content/dataset/synthetic/room_93/syn_00.png,93,1
/content/dataset/synthetic/room_93/syn_01.png,93,1
/content/dataset/synthetic/room_93/syn_02.png,93,1
/content/dataset/synthetic/room_93/syn_03.png,93,1
/content/dataset/synthetic/room_93/syn_04.png,93,1
/content/dataset/synthetic/room_93/syn_05.png,93,1
/content/dataset/synthetic/room_93/syn_06.png,93,1
/content/dataset/synthetic/room_93/syn_07.png,93,1
/content/dataset/synthetic/room_93/syn_08.png,93,1
/content/dataset/synthetic/room_93/syn_09.png,93,1
/content/dataset/real/room_94.jpg,94,0
/content/dataset/synthetic/room_94/syn_00.png,94,1
/content/dataset/synthetic/room_94/syn_01.png,94,1
/content/dataset/synthetic/room_94/syn_02.png,94,1
/content/dataset/synthetic/room_94/syn_03.png,94,1
/content/dataset/synthetic/room_94/syn_04.png,94,1
/content/dataset/synthetic/room_94/syn_05.png,94,1
/content/dataset/synthetic/room_94/syn_06.png,94,1
/content/dataset/synthetic/room_94/syn_07.png,94,1
/content/dataset/synthetic/room_94/syn_08.png,94,1
/content/dataset/synthetic/room_94/syn_09.png,94,1
/content/dataset/real/room_95.jpeg,95,0
/content/dataset/synthetic/room_95/syn_00.png,95,1
/content/dataset/synthetic/room_95/syn_01.png,95,1
/content/dataset/synthetic/room_95/syn_02.png,95,1
/content/dataset/synthetic/room_95/syn_03.png,95,1
/content/dataset/synthetic/room_95/syn_04.png,95,1
/content/dataset/synthetic/room_95/syn_05.png,95,1
/content/dataset/synthetic/room_95/syn_06.png,95,1
/content/dataset/synthetic/room_95/syn_07.png,95,1
/content/dataset/synthetic/room_95/syn_08.png,95,1
/content/dataset/synthetic/room_95/syn_09.png,95,1
/content/dataset/real/room_96.jpg,96,0
/content/dataset/synthetic/room_96/syn_00.png,96,1
/content/dataset/synthetic/room_96/syn_01.png,96,1
/content/dataset/synthetic/room_96/syn_02.png,96,1
/content/dataset/synthetic/room_96/syn_03.png,96,1
/content/dataset/synthetic/room_96/syn_04.png,96,1
/content/dataset/synthetic/room_96/syn_05.png,96,1
/content/dataset/synthetic/room_96/syn_06.png,96,1
/content/dataset/synthetic/room_96/syn_07.png,96,1
/content/dataset/synthetic/room_96/syn_08.png,96,1
/content/dataset/synthetic/room_96/syn_09.png,96,1
/content/dataset/real/room_97.jpeg,97,0
/content/dataset/synthetic/room_97/syn_00.png,97,1
/content/dataset/synthetic/room_97/syn_01.png,97,1
/content/dataset/synthetic/room_97/syn_02.png,97,1
/content/dataset/synthetic/room_97/syn_03.png,97,1
/content/dataset/synthetic/room_97/syn_04.png,97,1
/content/dataset/synthetic/room_97/syn_05.png,97,1
/content/dataset/synthetic/room_97/syn_06.png,97,1
/content/dataset/synthetic/room_97/syn_07.png,97,1
/content/dataset/synthetic/room_97/syn_08.png,97,1
/content/dataset/synthetic/room_97/syn_09.png,97,1
/content/dataset/real/room_98.jpg,98,0
/content/dataset/synthetic/room_98/syn_00.png,98,1
/content/dataset/synthetic/room_98/syn_01.png,98,1
/content/dataset/synthetic/room_98/syn_02.png,98,1
/content/dataset/synthetic/room_98/syn_03.png,98,1
/content/dataset/synthetic/room_98/syn_04.png,98,1
/content/dataset/synthetic/room_98/syn_05.png,98,1
/content/dataset/synthetic/room_98/syn_06.png,98,1
/content/dataset/synthetic/room_98/syn_07.png,98,1
/content/dataset/synthetic/room_98/syn_08.png,98,1
/content/dataset/synthetic/room_98/syn_09.png,98,1
/content/dataset/real/room_99.jpeg,99,0
/content/dataset/synthetic/room_99/syn_00.png,99,1
/content/dataset/synthetic/room_99/syn_01.png,99,1
/content/dataset/synthetic/room_99/syn_02.png,99,1
/content/dataset/synthetic/room_99/syn_03.png,99,1
/content/dataset/synthetic/room_99/syn_04.png,99,1
/content/dataset/synthetic/room_99/syn_05.png,99,1
/content/dataset/synthetic/room_99/syn_06.png,99,1
/content/dataset/synthetic/room_99/syn_07.png,99,1
/content/dataset/synthetic/room_99/syn_08.png,99,1
/content/dataset/synthetic/room_99/syn_09.png,99,1
/content/dataset/real/room_301.jpeg,301,0
/content/dataset/synthetic/room_301/syn_00.png,301,1
/content/dataset/synthetic/room_301/syn_01.png,301,1
/content/dataset/synthetic/room_301/syn_02.png,301,1
/content/dataset/synthetic/room_301/syn_03.png,301,1
/content/dataset/synthetic/room_301/syn_04.png,301,1
/content/dataset/synthetic/room_301/syn_05.png,301,1
/content/dataset/synthetic/room_301/syn_06.png,301,1
/content/dataset/synthetic/room_301/syn_07.png,301,1
/content/dataset/synthetic/room_301/syn_08.png,301,1
/content/dataset/synthetic/room_301/syn_09.png,301,1
/content/dataset/real/room_302.jpg,302,0
/content/dataset/synthetic/room_302/syn_00.png,302,1
/content/dataset/synthetic/room_302/syn_01.png,302,1
/content/dataset/synthetic/room_302/syn_02.png,302,1
/content/dataset/synthetic/room_302/syn_03.png,302,1
/content/dataset/synthetic/room_302/syn_04.png,302,1
/content/dataset/synthetic/room_302/syn_05.png,302,1
/content/dataset/synthetic/room_302/syn_06.png,302,1
/content/dataset/synthetic/room_302/syn_07.png,302,1
/content/dataset/synthetic/room_302/syn_08.png,302,1
/content/dataset/synthetic/room_302/syn_09.png,302,1
/content/dataset/real/room_303.jpeg,303,0
/content/dataset/synthetic/room_303/syn_00.png,303,1
/content/dataset/synthetic/room_303/syn_01.png,303,1
/content/dataset/synthetic/room_303/syn_02.png,303,1
/content/dataset/synthetic/room_303/syn_03.png,303,1
/content/dataset/synthetic/room_303/syn_04.png,303,1
/content/dataset/synthetic/room_303/syn_05.png,303,1
/content/dataset/synthetic/room_303/syn_06.png,303,1
/content/dataset/synthetic/room_303/syn_07.png,303,1
/content/dataset/synthetic/room_303/syn_08.png,303,1
/content/dataset/synthetic/room_303/syn_09.png,303,1
/content/dataset/real/room_304.jpg,304,0
/content/dataset/synthetic/room_304/syn_00.png,304,1
/content/dataset/synthetic/room_304/syn_01.png,304,1
/content/dataset/synthetic/room_304/syn_02.png,304,1
/content/dataset/synthetic/room_304/syn_03.png,304,1
/content/dataset/synthetic/room_304/syn_04.png,304,1
/content/dataset/synthetic/room_304/syn_05.png,304,1
/content/dataset/synthetic/room_304/syn_06.png,304,1
/content/dataset/synthetic/room_304/syn_07.png,304,1
/content/dataset/synthetic/room_304/syn_08.png,304,1
/content/dataset/synthetic/room_304/syn_09.png,304,1
/content/dataset/real/room_305.jpeg,305,0
/content/dataset/synthetic/room_305/syn_00.png,305,1
/content/dataset/synthetic/room_305/syn_01.png,305,1
/content/dataset/synthetic/room_305/syn_02.png,305,1
/content/dataset/synthetic/room_305/syn_03.png,305,1
/content/dataset/synthetic/room_305/syn_04.png,305,1
/content/dataset/synthetic/room_305/syn_05.png,305,1
/content/dataset/synthetic/room_305/syn_06.png,305,1
/content/dataset/synthetic/room_305/syn_07.png,305,1
/content/dataset/synthetic/room_305/syn_08.png,305,1
/content/dataset/synthetic/room_305/syn_09.png,305,1
/content/dataset/real/room_306.jpg,306,0
/content/dataset/synthetic/room_306/syn_00.png,306,1
/content/dataset/synthetic/room_306/syn_01.png,306,1
/content/dataset/synthetic/room_306/syn_02.png,306,1
/content/dataset/synthetic/room_306/syn_03.png,306,1
/content/dataset/synthetic/room_306/syn_04.png,306,1
/content/dataset/synthetic/room_306/syn_05.png,306,1
/content/dataset/synthetic/room_306/syn_06.png,306,1
/content/dataset/synthetic/room_306/syn_07.png,306,1
/content/dataset/synthetic/room_306/syn_08.png,306,1
/content/dataset/synthetic/room_306/syn_09.png,306,1
/content/dataset/real/room_307.jpeg,307,0
/content/dataset/synthetic/room_307/syn_00.png,307,1
/content/dataset/synthetic/room_307/syn_01.png,307,1
/content/dataset/synthetic/room_307/syn_02.png,307,1
/content/dataset/synthetic/room_307/syn_03.png,307,1
/content/dataset/synthetic/room_307/syn_04.png,307,1
/content/dataset/synthetic/room_307/syn_05.png,307,1
/content/dataset/synthetic/room_307/syn_06.png,307,1
/content/dataset/synthetic/room_307/syn_07.png,307,1
/content/dataset/synthetic/room_307/syn_08.png,307,1
/content/dataset/synthetic/room_307/syn_09.png,307,1
/content/dataset/real/room_308.jpg,308,0
/content/dataset/synthetic/room_308/syn_00.png,308,1
/content/dataset/synthetic/room_308/syn_01.png,308,1
/content/dataset/synthetic/room_308/syn_02.png,308,1
/content/dataset/synthetic/room_308/syn_03.png,308,1
/content/dataset/synthetic/room_308/syn_04.png,308,1
/content/dataset/synthetic/room_308/syn_05.png,308,1
/content/dataset/synthetic/room_308/syn_06.png,308,1
/content/dataset/synthetic/room_308/syn_07.png,308,1
/content/dataset/synthetic/room_308/syn_08.png,308,1
/content/dataset/synthetic/room_308/syn_09.png,308,1
/content/dataset/real/room_309.jpeg,309,0
/content/dataset/synthetic/room_309/syn_00.png,309,1
/content/dataset/synthetic/room_309/syn_01.png,309,1
/content/dataset/synthetic/room_309/syn_02.png,309,1
/content/dataset/synthetic/room_309/syn_03.png,309,1
/content/dataset/synthetic/room_309/syn_04.png,309,1
/content/dataset/synthetic/room_309/syn_05.png,309,1
/content/dataset/synthetic/room_309/syn_06.png,309,1
/content/dataset/synthetic/room_309/syn_07.png,309,1
/content/dataset/synthetic/room_309/syn_08.png,309,1
/content/dataset/synthetic/room_309/syn_09.png,309,1
/content/dataset/real/room_310.jpg,310,0
/content/dataset/synthetic/room_310/syn_00.png,310,1
/content/dataset/synthetic/room_310/syn_01.png,310,1
/content/dataset/synthetic/room_310/syn_02.png,310,1
/content/dataset/synthetic/room_310/syn_03.png,310,1
/content/dataset/synthetic/room_310/syn_04.png,310,1
/content/dataset/synthetic/room_310/syn_05.png,310,1
/content/dataset/synthetic/room_310/syn_06.png,310,1
/content/dataset/synthetic/room_310/syn_07.png,310,1
/content/dataset/synthetic/room_310/syn_08.png,310,1
/content/dataset/synthetic/room_310/syn_09.png,310,1
/content/dataset/real/room_311.jpeg,311,0
/content/dataset/synthetic/room_311/syn_00.png,311,1
/content/dataset/synthetic/room_311/syn_01.png,311,1
/content/dataset/synthetic/room_311/syn_02.png,311,1
/content/dataset/synthetic/room_311/syn_03.png,311,1
/content/dataset/synthetic/room_311/syn_04.png,311,1
/content/dataset/synthetic/room_311/syn_05.png,311,1
/content/dataset/synthetic/room_311/syn_06.png,311,1
/content/dataset/synthetic/room_311/syn_07.png,311,1
/content/dataset/synthetic/room_311/syn_08.png,311,1
/content/dataset/synthetic/room_311/syn_09.png,311,1
/content/dataset/real/room_312.jpg,312,0
/content/dataset/synthetic/room_312/syn_00.png,312,1
/content/dataset/synthetic/room_312/syn_01.png,312,1
/content/dataset/synthetic/room_312/syn_02.png,312,1
/content/dataset/synthetic/room_312/syn_03.png,312,1
/content/dataset/synthetic/room_312/syn_04.png,312,1
/content/dataset/synthetic/room_312/syn_05.png,312,1
/content/dataset/synthetic/room_312/syn_06.png,312,1
/content/dataset/synthetic/room_312/syn_07.png,312,1
/content/dataset/synthetic/room_312/syn_08.png,312,1
/content/dataset/synthetic/room_312/syn_09.png,312,1
/content/dataset/real/room_313.jpeg,313,0
/content/dataset/synthetic/room_313/syn_00.png,313,1
/content/dataset/synthetic/room_313/syn_01.png,313,1
/content/dataset/synthetic/room_313/syn_02.png,313,1
/content/dataset/synthetic/room_313/syn_03.png,313,1
/content/dataset/synthetic/room_313/syn_04.png,313,1
/content/dataset/synthetic/room_313/syn_05.png,313,1
/content/dataset/synthetic/room_313/syn_06.png,313,1
/content/dataset/synthetic/room_313/syn_07.png,313,1
/content/dataset/synthetic/room_313/syn_08.png,313,1
/content/dataset/synthetic/room_313/syn_09.png,313,1
/content/dataset/real/room_314.jpg,314,0
/content/dataset/synthetic/room_314/syn_00.png,314,1
/content/dataset/synthetic/room_314/syn_01.png,314,1
/content/dataset/synthetic/room_314/syn_02.png,314,1
/content/dataset/synthetic/room_314/syn_03.png,314,1
/content/dataset/synthetic/room_314/syn_04.png,314,1
/content/dataset/synthetic/room_314/syn_05.png,314,1
/content/dataset/synthetic/room_314/syn_06.png,314,1
/content/dataset/synthetic/room_314/syn_07.png,314,1
/content/dataset/synthetic/room_314/syn_08.png,314,1
/content/dataset/synthetic/room_314/syn_09.png,314,1
/content/dataset/real/room_315.jpeg,315,0
/content/dataset/synthetic/room_315/syn_00.png,315,1
/content/dataset/synthetic/room_315/syn_01.png,315,1
/content/dataset/synthetic/room_315/syn_02.png,315,1
/content/dataset/synthetic/room_315/syn_03.png,315,1
/content/dataset/synthetic/room_315/syn_04.png,315,1
/content/dataset/synthetic/room_315/syn_05.png,315,1
/content/dataset/synthetic/room_315/syn_06.png,315,1
/content/dataset/synthetic/room_315/syn_07.png,315,1
/content/dataset/synthetic/room_315/syn_08.png,315,1
/content/dataset/synthetic/room_315/syn_09.png,315,1
/content/dataset/real/room_316.jpg,316,0
/content/dataset/synthetic/room_316/syn_00.png,316,1
/content/dataset/synthetic/room_316/syn_01.png,316,1
/content/dataset/synthetic/room_316/syn_02.png,316,1
/content/dataset/synthetic/room_316/syn_03.png,316,1
/content/dataset/synthetic/room_316/syn_04.png,316,1
/content/dataset/synthetic/room_316/syn_05.png,316,1
/content/dataset/synthetic/room_316/syn_06.png,316,1
/content/dataset/synthetic/room_316/syn_07.png,316,1
/content/dataset/synthetic/room_316/syn_08.png,316,1
/content/dataset/synthetic/room_316/syn_09.png,316,1
/content/dataset/real/room_317.jpeg,317,0
/content/dataset/synthetic/room_317/syn_00.png,317,1
/content/dataset/synthetic/room_317/syn_01.png,317,1
/content/dataset/synthetic/room_317/syn_02.png,317,1
/content/dataset/synthetic/room_317/syn_03.png,317,1
/content/dataset/synthetic/room_317/syn_04.png,317,1
/content/dataset/synthetic/room_317/syn_05.png,317,1
/content/dataset/synthetic/room_317/syn_06.png,317,1
/content/dataset/synthetic/room_317/syn_07.png,317,1
/content/dataset/synthetic/room_317/syn_08.png,317,1
/content/dataset/synthetic/room_317/syn_09.png,317,1
/content/dataset/real/room_318.jpg,318,0
/content/dataset/synthetic/room_318/syn_00.png,318,1
/content/dataset/synthetic/room_318/syn_01.png,318,1
/content/dataset/synthetic/room_318/syn_02.png,318,1
/content/dataset/synthetic/room_318/syn_03.png,318,1
/content/dataset/synthetic/room_318/syn_04.png,318,1
/content/dataset/synthetic/room_318/syn_05.png,318,1
/content/dataset/synthetic/room_318/syn_06.png,318,1
/content/dataset/synthetic/room_318/syn_07.png,318,1
/content/dataset/synthetic/room_318/syn_08.png,318,1
/content/dataset/synthetic/room_318/syn_09.png,318,1
/content/dataset/real/room_319.jpeg,319,0
/content/dataset/synthetic/room_319/syn_00.png,319,1
/content/dataset/synthetic/room_319/syn_01.png,319,1
/content/dataset/synthetic/room_319/syn_02.png,319,1
/content/dataset/synthetic/room_319/syn_03.png,319,1
/content/dataset/synthetic/room_319/syn_04.png,319,1
/content/dataset/synthetic/room_319/syn_05.png,319,1
/content/dataset/synthetic/room_319/syn_06.png,319,1
/content/dataset/synthetic/room_319/syn_07.png,319,1
/content/dataset/synthetic/room_319/syn_08.png,319,1
/content/dataset/synthetic/room_319/syn_09.png,319,1
/content/dataset/real/room_320.jpg,320,0
/content/dataset/synthetic/room_320/syn_00.png,320,1
/content/dataset/synthetic/room_320/syn_01.png,320,1
/content/dataset/synthetic/room_320/syn_02.png,320,1
/content/dataset/synthetic/room_320/syn_03.png,320,1
/content/dataset/synthetic/room_320/syn_04.png,320,1
/content/dataset/synthetic/room_320/syn_05.png,320,1
/content/dataset/synthetic/room_320/syn_06.png,320,1
/content/dataset/synthetic/room_320/syn_07.png,320,1
/content/dataset/synthetic/room_320/syn_08.png,320,1
/content/dataset/synthetic/room_320/syn_09.png,320,1
/content/dataset/real/room_321.jpeg,321,0
/content/dataset/synthetic/room_321/syn_00.png,321,1
/content/dataset/synthetic/room_321/syn_01.png,321,1
/content/dataset/synthetic/room_321/syn_02.png,321,1
/content/dataset/synthetic/room_321/syn_03.png,321,1
/content/dataset/synthetic/room_321/syn_04.png,321,1
/content/dataset/synthetic/room_321/syn_05.png,321,1
/content/dataset/synthetic/room_321/syn_06.png,321,1
/content/dataset/synthetic/room_321/syn_07.png,321,1
/content/dataset/synthetic/room_321/syn_08.png,321,1
/content/dataset/synthetic/room_321/syn_09.png,321,1
/content/dataset/real/room_322.jpg,322,0
/content/dataset/synthetic/room_322/syn_00.png,322,1
/content/dataset/synthetic/room_322/syn_01.png,322,1
/content/dataset/synthetic/room_322/syn_02.png,322,1
/content/dataset/synthetic/room_322/syn_03.png,322,1
/content/dataset/synthetic/room_322/syn_04.png,322,1
/content/dataset/synthetic/room_322/syn_05.png,322,1
/content/dataset/synthetic/room_322/syn_06.png,322,1
/content/dataset/synthetic/room_322/syn_07.png,322,1
/content/dataset/synthetic/room_322/syn_08.png,322,1
/content/dataset/synthetic/room_322/syn_09.png,322,1
/content/dataset/real/room_323.jpeg,323,0
/content/dataset/synthetic/room_323/syn_00.png,323,1
/content/dataset/synthetic/room_323/syn_01.png,323,1
/content/dataset/synthetic/room_323/syn_02.png,323,1
/content/dataset/synthetic/room_323/syn_03.png,323,1
/content/dataset/synthetic/room_323/syn_04.png,323,1
/content/dataset/synthetic/room_323/syn_05.png,323,1
/content/dataset/synthetic/room_323/syn_06.png,323,1
/content/dataset/synthetic/room_323/syn_07.png,323,1
/content/dataset/synthetic/room_323/syn_08.png,323,1
/content/dataset/synthetic/room_323/syn_09.png,323,1
/content/dataset/real/room_324.jpg,324,0
/content/dataset/synthetic/room_324/syn_00.png,324,1
/content/dataset/synthetic/room_324/syn_01.png,324,1
/content/dataset/synthetic/room_324/syn_02.png,324,1
/content/dataset/synthetic/room_324/syn_03.png,324,1
/content/dataset/synthetic/room_324/syn_04.png,324,1
/content/dataset/synthetic/room_324/syn_05.png,324,1
/content/dataset/synthetic/room_324/syn_06.png,324,1
/content/dataset/synthetic/room_324/syn_07.png,324,1
/content/dataset/synthetic/room_324/syn_08.png,324,1
/content/dataset/synthetic/room_324/syn_09.png,324,1
/content/dataset/real/room_325.jpeg,325,0
/content/dataset/synthetic/room_325/syn_00.png,325,1
/content/dataset/synthetic/room_325/syn_01.png,325,1
/content/dataset/synthetic/room_325/syn_02.png,325,1
/content/dataset/synthetic/room_325/syn_03.png,325,1
/content/dataset/synthetic/room_325/syn_04.png,325,1
/content/dataset/synthetic/room_325/syn_05.png,325,1
/content/dataset/synthetic/room_325/syn_06.png,325,1
/content/dataset/synthetic/room_325/syn_07.png,325,1
/content/dataset/synthetic/room_325/syn_08.png,325,1
/content/dataset/synthetic/room_325/syn_09.png,325,1
/content/dataset/real/room_326.jpg,326,0
/content/dataset/synthetic/room_326/syn_00.png,326,1
/content/dataset/synthetic/room_326/syn_01.png,326,1
/content/dataset/synthetic/room_326/syn_02.png,326,1
/content/dataset/synthetic/room_326/syn_03.png,326,1
/content/dataset/synthetic/room_326/syn_04.png,326,1
/content/dataset/synthetic/room_326/syn_05.png,326,1
/content/dataset/synthetic/room_326/syn_06.png,326,1
/content/dataset/synthetic/room_326/syn_07.png,326,1
/content/dataset/synthetic/room_326/syn_08.png,326,1
/content/dataset/synthetic/room_326/syn_09.png,326,1
/content/dataset/real/room_327.jpeg,327,0
/content/dataset/synthetic/room_327/syn_00.png,327,1
/content/dataset/synthetic/room_327/syn_01.png,327,1
/content/dataset/synthetic/room_327/syn_02.png,327,1
/content/dataset/synthetic/room_327/syn_03.png,327,1
/content/dataset/synthetic/room_327/syn_04.png,327,1
/content/dataset/synthetic/room_327/syn_05.png,327,1
/content/dataset/synthetic/room_327/syn_06.png,327,1
/content/dataset/synthetic/room_327/syn_07.png,327,1
/content/dataset/synthetic/room_327/syn_08.png,327,1
/content/dataset/synthetic/room_327/syn_09.png,327,1
/content/dataset/real/room_328.jpg,328,0
/content/dataset/synthetic/room_328/syn_00.png,328,1
/content/dataset/synthetic/room_328/syn_01.png,328,1
/content/dataset/synthetic/room_328/syn_02.png,328,1
/content/dataset/synthetic/room_328/syn_03.png,328,1
/content/dataset/synthetic/room_328/syn_04.png,328,1
/content/dataset/synthetic/room_328/syn_05.png,328,1
/content/dataset/synthetic/room_328/syn_06.png,328,1
/content/dataset/synthetic/room_328/syn_07.png,328,1
/content/dataset/synthetic/room_328/syn_08.png,328,1
/content/dataset/synthetic/room_328/syn_09.png,328,1
/content/dataset/real/room_329.jpeg,329,0
/content/dataset/synthetic/room_329/syn_00.png,329,1
/content/dataset/synthetic/room_329/syn_01.png,329,1
/content/dataset/synthetic/room_329/syn_02.png,329,1
/content/dataset/synthetic/room_329/syn_03.png,329,1
/content/dataset/synthetic/room_329/syn_04.png,329,1
/content/dataset/synthetic/room_329/syn_05.png,329,1
/content/dataset/synthetic/room_329/syn_06.png,329,1
/content/dataset/synthetic/room_329/syn_07.png,329,1
/content/dataset/synthetic/room_329/syn_08.png,329,1
/content/dataset/synthetic/room_329/syn_09.png,329,1
/content/dataset/real/room_330.jpg,330,0
/content/dataset/synthetic/room_330/syn_00.png,330,1
/content/dataset/synthetic/room_330/syn_01.png,330,1
/content/dataset/synthetic/room_330/syn_02.png,330,1
/content/dataset/synthetic/room_330/syn_03.png,330,1
/content/dataset/synthetic/room_330/syn_04.png,330,1
/content/dataset/synthetic/room_330/syn_05.png,330,1
/content/dataset/synthetic/room_330/syn_06.png,330,1
/content/dataset/synthetic/room_330/syn_07.png,330,1
/content/dataset/synthetic/room_330/syn_08.png,330,1
/content/dataset/synthetic/room_330/syn_09.png,330,1
/content/dataset/real/room_331.jpeg,331,0
/content/dataset/synthetic/room_331/syn_00.png,331,1
/content/dataset/synthetic/room_331/syn_01.png,331,1
/content/dataset/synthetic/room_331/syn_02.png,331,1
/content/dataset/synthetic/room_331/syn_03.png,331,1
/content/dataset/synthetic/room_331/syn_04.png,331,1
/content/dataset/synthetic/room_331/syn_05.png,331,1
/content/dataset/synthetic/room_331/syn_06.png,331,1
/content/dataset/synthetic/room_331/syn_07.png,331,1
/content/dataset/synthetic/room_331/syn_08.png,331,1
/content/dataset/synthetic/room_331/syn_09.png,331,1
/content/dataset/real/room_332.jpg,332,0
/content/dataset/synthetic/room_332/syn_00.png,332,1
/content/dataset/synthetic/room_332/syn_01.png,332,1
/content/dataset/synthetic/room_332/syn_02.png,332,1
/content/dataset/synthetic/room_332/syn_03.png,332,1
/content/dataset/synthetic/room_332/syn_04.png,332,1
/content/dataset/synthetic/room_332/syn_05.png,332,1
/content/dataset/synthetic/room_332/syn_06.png,332,1
/content/dataset/synthetic/room_332/syn_07.png,332,1
/content/dataset/synthetic/room_332/syn_08.png,332,1
/content/dataset/synthetic/room_332/syn_09.png,332,1
/content/dataset/real/room_333.jpeg,333,0
/content/dataset/synthetic/room_333/syn_00.png,333,1
/content/dataset/synthetic/room_333/syn_01.png,333,1
/content/dataset/synthetic/room_333/syn_02.png,333,1
/content/dataset/synthetic/room_333/syn_03.png,333,1
/content/dataset/synthetic/room_333/syn_04.png,333,1
/content/dataset/synthetic/room_333/syn_05.png,333,1
/content/dataset/synthetic/room_333/syn_06.png,333,1
/content/dataset/synthetic/room_333/syn_07.png,333,1
/content/dataset/synthetic/room_333/syn_08.png,333,1
/content/dataset/synthetic/room_333/syn_09.png,333,1
/content/dataset/real/room_334.jpg,334,0
/content/dataset/synthetic/room_334/syn_00.png,334,1
/content/dataset/synthetic/room_334/syn_01.png,334,1
/content/dataset/synthetic/room_334/syn_02.png,334,1
/content/dataset/synthetic/room_334/syn_03.png,334,1
/content/dataset/synthetic/room_334/syn_04.png,334,1
/content/dataset/synthetic/room_334/syn_05.png,334,1
/content/dataset/synthetic/room_334/syn_06.png,334,1
/content/dataset/synthetic/room_334/syn_07.png,334,1
/content/dataset/synthetic/room_334/syn_08.png,334,1
/content/dataset/synthetic/room_334/syn_09.png,334,1
/content/dataset/real/room_335.jpeg,335,0
/content/dataset/synthetic/room_335/syn_00.png,335,1
/content/dataset/synthetic/room_335/syn_01.png,335,1
/content/dataset/synthetic/room_335/syn_02.png,335,1
/content/dataset/synthetic/room_335/syn_03.png,335,1
/content/dataset/synthetic/room_335/syn_04.png,335,1
/content/dataset/synthetic/room_335/syn_05.png,335,1
/content/dataset/synthetic/room_335/syn_06.png,335,1
/content/dataset/synthetic/room_335/syn_07.png,335,1
/content/dataset/synthetic/room_335/syn_08.png,335,1
/content/dataset/synthetic/room_335/syn_09.png,335,1
/content/dataset/real/room_336.jpg,336,0
/content/dataset/synthetic/room_336/syn_00.png,336,1
/content/dataset/synthetic/room_336/syn_01.png,336,1
/content/dataset/synthetic/room_336/syn_02.png,336,1
/content/dataset/synthetic/room_336/syn_03.png,336,1
/content/dataset/synthetic/room_336/syn_04.png,336,1
/content/dataset/synthetic/room_336/syn_05.png,336,1
/content/dataset/synthetic/room_336/syn_06.png,336,1
/content/dataset/synthetic/room_336/syn_07.png,336,1
/content/dataset/synthetic/room_336/syn_08.png,336,1
/content/dataset/synthetic/room_336/syn_09.png,336,1
/content/dataset/real/room_337.jpeg,337,0
/content/dataset/synthetic/room_337/syn_00.png,337,1
/content/dataset/synthetic/room_337/syn_01.png,337,1
/content/dataset/synthetic/room_337/syn_02.png,337,1
/content/dataset/synthetic/room_337/syn_03.png,337,1
/content/dataset/synthetic/room_337/syn_04.png,337,1
/content/dataset/synthetic/room_337/syn_05.png,337,1
/content/dataset/synthetic/room_337/syn_06.png,337,1
/content/dataset/synthetic/room_337/syn_07.png,337,1
/content/dataset/synthetic/room_337/syn_08.png,337,1
/content/dataset/synthetic/room_337/syn_09.png,337,1
/content/dataset/real/room_338.jpg,338,0
/content/dataset/synthetic/room_338/syn_00.png,338,1
/content/dataset/synthetic/room_338/syn_01.png,338,1
/content/dataset/synthetic/room_338/syn_02.png,338,1
/content/dataset/synthetic/room_338/syn_03.png,338,1
/content/dataset/synthetic/room_338/syn_04.png,338,1
/content/dataset/synthetic/room_338/syn_05.png,338,1
/content/dataset/synthetic/room_338/syn_06.png,338,1
/content/dataset/synthetic/room_338/syn_07.png,338,1
/content/dataset/synthetic/room_338/syn_08.png,338,1
/content/dataset/synthetic/room_338/syn_09.png,338,1
/content/dataset/real/room_339.jpeg,339,0
/content/dataset/synthetic/room_339/syn_00.png,339,1
/content/dataset/synthetic/room_339/syn_01.png,339,1
/content/dataset/synthetic/room_339/syn_02.png,339,1
/content/dataset/synthetic/room_339/syn_03.png,339,1
/content/dataset/synthetic/room_339/syn_04.png,339,1
/content/dataset/synthetic/room_339/syn_05.png,339,1
/content/dataset/synthetic/room_339/syn_06.png,339,1
/content/dataset/synthetic/room_339/syn_07.png,339,1
/content/dataset/synthetic/room_339/syn_08.png,339,1
/content/dataset/synthetic/room_339/syn_09.png,339,1
/content/dataset/real/room_340.jpg,340,0
/content/dataset/synthetic/room_340/syn_00.png,340,1
/content/dataset/synthetic/room_340/syn_01.png,340,1
/content/dataset/synthetic/room_340/syn_02.png,340,1
/content/dataset/synthetic/room_340/syn_03.png,340,1
/content/dataset/synthetic/room_340/syn_04.png,340,1
/content/dataset/synthetic/room_340/syn_05.png,340,1
/content/dataset/synthetic/room_340/syn_06.png,340,1
/content/dataset/synthetic/room_340/syn_07.png,340,1
/content/dataset/synthetic/room_340/syn_08.png,340,1
/content/dataset/synthetic/room_340/syn_09.png,340,1
/content/dataset/real/room_341.jpeg,341,0
/content/dataset/synthetic/room_341/syn_00.png,341,1
/content/dataset/synthetic/room_341/syn_01.png,341,1
/content/dataset/synthetic/room_341/syn_02.png,341,1
/content/dataset/synthetic/room_341/syn_03.png,341,1
/content/dataset/synthetic/room_341/syn_04.png,341,1
/content/dataset/synthetic/room_341/syn_05.png,341,1
/content/dataset/synthetic/room_341/syn_06.png,341,1
/content/dataset/synthetic/room_341/syn_07.png,341,1
/content/dataset/synthetic/room_341/syn_08.png,341,1
/content/dataset/synthetic/room_341/syn_09.png,341,1
/content/dataset/real/room_342.jpg,342,0
/content/dataset/synthetic/room_342/syn_00.png,342,1
/content/dataset/synthetic/room_342/syn_01.png,342,1
/content/dataset/synthetic/room_342/syn_02.png,342,1
/content/dataset/synthetic/room_342/syn_03.png,342,1
/content/dataset/synthetic/room_342/syn_04.png,342,1
/content/dataset/synthetic/room_342/syn_05.png,342,1
/content/dataset/synthetic/room_342/syn_06.png,342,1
/content/dataset/synthetic/room_342/syn_07.png,342,1
/content/dataset/synthetic/room_342/syn_08.png,342,1
/content/dataset/synthetic/room_342/syn_09.png,342,1
/content/dataset/real/room_343.jpeg,343,0
/content/dataset/synthetic/room_343/syn_00.png,343,1
/content/dataset/synthetic/room_343/syn_01.png,343,1
/content/dataset/synthetic/room_343/syn_02.png,343,1
/content/dataset/synthetic/room_343/syn_03.png,343,1
/content/dataset/synthetic/room_343/syn_04.png,343,1
/content/dataset/synthetic/room_343/syn_05.png,343,1
/content/dataset/synthetic/room_343/syn_06.png,343,1
/content/dataset/synthetic/room_343/syn_07.png,343,1
/content/dataset/synthetic/room_343/syn_08.png,343,1
/content/dataset/synthetic/room_343/syn_09.png,343,1
/content/dataset/real/room_344.jpg,344,0
/content/dataset/synthetic/room_344/syn_00.png,344,1
/content/dataset/synthetic/room_344/syn_01.png,344,1
/content/dataset/synthetic/room_344/syn_02.png,344,1
/content/dataset/synthetic/room_344/syn_03.png,344,1
/content/dataset/synthetic/room_344/syn_04.png,344,1
/content/dataset/synthetic/room_344/syn_05.png,344,1
/content/dataset/synthetic/room_344/syn_06.png,344,1
/content/dataset/synthetic/room_344/syn_07.png,344,1
/content/dataset/synthetic/room_344/syn_08.png,344,1
/content/dataset/synthetic/room_344/syn_09.png,344,1
/content/dataset/real/room_345.jpeg,345,0
/content/dataset/synthetic/room_345/syn_00.png,345,1
/content/dataset/synthetic/room_345/syn_01.png,345,1
/content/dataset/synthetic/room_345/syn_02.png,345,1
/content/dataset/synthetic/room_345/syn_03.png,345,1
/content/dataset/synthetic/room_345/syn_04.png,345,1
/content/dataset/synthetic/room_345/syn_05.png,345,1
/content/dataset/synthetic/room_345/syn_06.png,345,1
/content/dataset/synthetic/room_345/syn_07.png,345,1
/content/dataset/synthetic/room_345/syn_08.png,345,1
/content/dataset/synthetic/room_345/syn_09.png,345,1
/content/dataset/real/room_346.jpg,346,0
/content/dataset/synthetic/room_346/syn_00.png,346,1
/content/dataset/synthetic/room_346/syn_01.png,346,1
/content/dataset/synthetic/room_346/syn_02.png,346,1
/content/dataset/synthetic/room_346/syn_03.png,346,1
/content/dataset/synthetic/room_346/syn_04.png,346,1
/content/dataset/synthetic/room_346/syn_05.png,346,1
/content/dataset/synthetic/room_346/syn_06.png,346,1
/content/dataset/synthetic/room_346/syn_07.png,346,1
/content/dataset/synthetic/room_346/syn_08.png,346,1
/content/dataset/synthetic/room_346/syn_09.png,346,1
/content/dataset/real/room_347.jpeg,347,0
/content/dataset/synthetic/room_347/syn_00.png,347,1
/content/dataset/synthetic/room_347/syn_01.png,347,1
/content/dataset/synthetic/room_347/syn_02.png,347,1
/content/dataset/synthetic/room_347/syn_03.png,347,1
/content/dataset/synthetic/room_347/syn_04.png,347,1
/content/dataset/synthetic/room_347/syn_05.png,347,1
/content/dataset/synthetic/room_347/syn_06.png,347,1
/content/dataset/synthetic/room_347/syn_07.png,347,1
/content/dataset/synthetic/room_347/syn_08.png,347,1
/content/dataset/synthetic/room_347/syn_09.png,347,1
/content/dataset/real/room_348.jpg,348,0
/content/dataset/synthetic/room_348/syn_00.png,348,1
/content/dataset/synthetic/room_348/syn_01.png,348,1
/content/dataset/synthetic/room_348/syn_02.png,348,1
/content/dataset/synthetic/room_348/syn_03.png,348,1
/content/dataset/synthetic/room_348/syn_04.png,348,1
/content/dataset/synthetic/room_348/syn_05.png,348,1
/content/dataset/synthetic/room_348/syn_06.png,348,1
/content/dataset/synthetic/room_348/syn_07.png,348,1
/content/dataset/synthetic/room_348/syn_08.png,348,1
/content/dataset/synthetic/room_348/syn_09.png,348,1
/content/dataset/real/room_349.jpeg,349,0
/content/dataset/synthetic/room_349/syn_00.png,349,1
/content/dataset/synthetic/room_349/syn_01.png,349,1
/content/dataset/synthetic/room_349/syn_02.png,349,1
/content/dataset/synthetic/room_349/syn_03.png,349,1
/content/dataset/synthetic/room_349/syn_04.png,349,1
/content/dataset/synthetic/room_349/syn_05.png,349,1
/content/dataset/synthetic/room_349/syn_06.png,349,1
/content/dataset/synthetic/room_349/syn_07.png,349,1
/content/dataset/synthetic/room_349/syn_08.png,349,1
/content/dataset/synthetic/room_349/syn_09.png,349,1
/content/dataset/real/room_350.jpg,350,0
/content/dataset/synthetic/room_350/syn_00.png,350,1
/content/dataset/synthetic/room_350/syn_01.png,350,1
/content/dataset/synthetic/room_350/syn_02.png,350,1
/content/dataset/synthetic/room_350/syn_03.png,350,1
/content/dataset/synthetic/room_350/syn_04.png,350,1
/content/dataset/synthetic/room_350/syn_05.png,350,1
/content/dataset/synthetic/room_350/syn_06.png,350,1
/content/dataset/synthetic/room_350/syn_07.png,350,1
/content/dataset/synthetic/room_350/syn_08.png,350,1
/content/dataset/synthetic/room_350/syn_09.png,350,1
/content/dataset/real/room_351.jpeg,351,0
/content/dataset/synthetic/room_351/syn_00.png,351,1
/content/dataset/synthetic/room_351/syn_01.png,351,1
/content/dataset/synthetic/room_351/syn_02.png,351,1
/content/dataset/synthetic/room_351/syn_03.png,351,1
/content/dataset/synthetic/room_351/syn_04.png,351,1
/content/dataset/synthetic/room_351/syn_05.png,351,1
/content/dataset/synthetic/room_351/syn_06.png,351,1
/content/dataset/synthetic/room_351/syn_07.png,351,1
/content/dataset/synthetic/room_351/syn_08.png,351,1
/content/dataset/synthetic/room_351/syn_09.png,351,1
/content/dataset/real/room_352.jpg,352,0
/content/dataset/synthetic/room_352/syn_00.png,352,1
/content/dataset/synthetic/room_352/syn_01.png,352,1
/content/dataset/synthetic/room_352/syn_02.png,352,1
/content/dataset/synthetic/room_352/syn_03.png,352,1
/content/dataset/synthetic/room_352/syn_04.png,352,1
/content/dataset/synthetic/room_352/syn_05.png,352,1
/content/dataset/synthetic/room_352/syn_06.png,352,1
/content/dataset/synthetic/room_352/syn_07.png,352,1
/content/dataset/synthetic/room_352/syn_08.png,352,1
/content/dataset/synthetic/room_352/syn_09.png,352,1
/content/dataset/real/room_353.jpeg,353,0
/content/dataset/synthetic/room_353/syn_00.png,353,1
/content/dataset/synthetic/room_353/syn_01.png,353,1
/content/dataset/synthetic/room_353/syn_02.png,353,1
/content/dataset/synthetic/room_353/syn_03.png,353,1
/content/dataset/synthetic/room_353/syn_04.png,353,1
/content/dataset/synthetic/room_353/syn_05.png,353,1
/content/dataset/synthetic/room_353/syn_06.png,353,1
/content/dataset/synthetic/room_353/syn_07.png,353,1
/content/dataset/synthetic/room_353/syn_08.png,353,1
/content/dataset/synthetic/room_353/syn_09.png,353,1
/content/dataset/real/room_354.jpg,354,0
/content/dataset/synthetic/room_354/syn_00.png,354,1
/content/dataset/synthetic/room_354/syn_01.png,354,1
/content/dataset/synthetic/room_354/syn_02.png,354,1
/content/dataset/synthetic/room_354/syn_03.png,354,1
/content/dataset/synthetic/room_354/syn_04.png,354,1
/content/dataset/synthetic/room_354/syn_05.png,354,1
/content/dataset/synthetic/room_354/syn_06.png,354,1
/content/dataset/synthetic/room_354/syn_07.png,354,1
/content/dataset/synthetic/room_354/syn_08.png,354,1
/content/dataset/synthetic/room_354/syn_09.png,354,1
/content/dataset/real/room_355.jpeg,355,0
/content/dataset/synthetic/room_355/syn_00.png,355,1
/content/dataset/synthetic/room_355/syn_01.png,355,1
/content/dataset/synthetic/room_355/syn_02.png,355,1
/content/dataset/synthetic/room_355/syn_03.png,355,1
/content/dataset/synthetic/room_355/syn_04.png,355,1
/content/dataset/synthetic/room_355/syn_05.png,355,1
/content/dataset/synthetic/room_355/syn_06.png,355,1
/content/dataset/synthetic/room_355/syn_07.png,355,1
/content/dataset/synthetic/room_355/syn_08.png,355,1
/content/dataset/synthetic/room_355/syn_09.png,355,1
/content/dataset/real/room_356.jpg,356,0
/content/dataset/synthetic/room_356/syn_00.png,356,1
/content/dataset/synthetic/room_356/syn_01.png,356,1
/content/dataset/synthetic/room_356/syn_02.png,356,1
/content/dataset/synthetic/room_356/syn_03.png,356,1
/content/dataset/synthetic/room_356/syn_04.png,356,1
/content/dataset/synthetic/room_356/syn_05.png,356,1
/content/dataset/synthetic/room_356/syn_06.png,356,1
/content/dataset/synthetic/room_356/syn_07.png,356,1
/content/dataset/synthetic/room_356/syn_08.png,356,1
/content/dataset/synthetic/room_356/syn_09.png,356,1
/content/dataset/real/room_357.jpeg,357,0
/content/dataset/synthetic/room_357/syn_00.png,357,1
/content/dataset/synthetic/room_357/syn_01.png,357,1
/content/dataset/synthetic/room_357/syn_02.png,357,1
/content/dataset/synthetic/room_357/syn_03.png,357,1
/content/dataset/synthetic/room_357/syn_04.png,357,1
/content/dataset/synthetic/room_357/syn_05.png,357,1
/content/dataset/synthetic/room_357/syn_06.png,357,1
/content/dataset/synthetic/room_357/syn_07.png,357,1
/content/dataset/synthetic/room_357/syn_08.png,357,1
/content/dataset/synthetic/room_357/syn_09.png,357,1
/content/dataset/real/room_358.jpg,358,0
/content/dataset/synthetic/room_358/syn_00.png,358,1
/content/dataset/synthetic/room_358/syn_01.png,358,1
/content/dataset/synthetic/room_358/syn_02.png,358,1
/content/dataset/synthetic/room_358/syn_03.png,358,1
/content/dataset/synthetic/room_358/syn_04.png,358,1
/content/dataset/synthetic/room_358/syn_05.png,358,1
/content/dataset/synthetic/room_358/syn_06.png,358,1
/content/dataset/synthetic/room_358/syn_07.png,358,1
/content/dataset/synthetic/room_358/syn_08.png,358,1
/content/dataset/synthetic/room_358/syn_09.png,358,1
/content/dataset/real/room_359.jpeg,359,0
/content/dataset/synthetic/room_359/syn_00.png,359,1
/content/dataset/synthetic/room_359/syn_01.png,359,1
/content/dataset/synthetic/room_359/syn_02.png,359,1
/content/dataset/synthetic/room_359/syn_03.png,359,1
/content/dataset/synthetic/room_359/syn_04.png,359,1
/content/dataset/synthetic/room_359/syn_05.png,359,1
/content/dataset/synthetic/room_359/syn_06.png,359,1
/content/dataset/synthetic/room_359/syn_07.png,359,1
/content/dataset/synthetic/room_359/syn_08.png,359,1
/content/dataset/synthetic/room_359/syn_09.png,359,1
/content/dataset/real/room_360.jpg,360,0
/content/dataset/synthetic/room_360/syn_00.png,360,1
/content/dataset/synthetic/room_360/syn_01.png,360,1
/content/dataset/synthetic/room_360/syn_02.png,360,1
/content/dataset/synthetic/room_360/syn_03.png,360,1
/content/dataset/synthetic/room_360/syn_04.png,360,1
/content/dataset/synthetic/room_360/syn_05.png,360,1
/content/dataset/synthetic/room_360/syn_06.png,360,1
/content/dataset/synthetic/room_360/syn_07.png,360,1
/content/dataset/synthetic/room_360/syn_08.png,360,1
/content/dataset/synthetic/room_360/syn_09.png,360,1
/content/dataset/real/room_361.jpeg,361,0
/content/dataset/synthetic/room_361/syn_00.png,361,1
/content/dataset/synthetic/room_361/syn_01.png,361,1
/content/dataset/synthetic/room_361/syn_02.png,361,1
/content/dataset/synthetic/room_361/syn_03.png,361,1
/content/dataset/synthetic/room_361/syn_04.png,361,1
/content/dataset/synthetic/room_361/syn_05.png,361,1
/content/dataset/synthetic/room_361/syn_06.png,361,1
/content/dataset/synthetic/room_361/syn_07.png,361,1
/content/dataset/synthetic/room_361/syn_08.png,361,1
/content/dataset/synthetic/room_361/syn_09.png,361,1
/content/dataset/real/room_362.jpg,362,0
/content/dataset/synthetic/room_362/syn_00.png,362,1
/content/dataset/synthetic/room_362/syn_01.png,362,1
/content/dataset/synthetic/room_362/syn_02.png,362,1
/content/dataset/synthetic/room_362/syn_03.png,362,1
/content/dataset/synthetic/room_362/syn_04.png,362,1
/content/dataset/synthetic/room_362/syn_05.png,362,1
/content/dataset/synthetic/room_362/syn_06.png,362,1
/content/dataset/synthetic/room_362/syn_07.png,362,1
/content/dataset/synthetic/room_362/syn_08.png,362,1
/content/dataset/synthetic/room_362/syn_09.png,362,1
/content/dataset/real/room_363.jpeg,363,0
/content/dataset/synthetic/room_363/syn_00.png,363,1
/content/dataset/synthetic/room_363/syn_01.png,363,1
/content/dataset/synthetic/room_363/syn_02.png,363,1
/content/dataset/synthetic/room_363/syn_03.png,363,1
/content/dataset/synthetic/room_363/syn_04.png,363,1
/content/dataset/synthetic/room_363/syn_05.png,363,1
/content/dataset/synthetic/room_363/syn_06.png,363,1
/content/dataset/synthetic/room_363/syn_07.png,363,1
/content/dataset/synthetic/room_363/syn_08.png,363,1
/content/dataset/synthetic/room_363/syn_09.png,363,1
/content/dataset/real/room_364.jpg,364,0
/content/dataset/synthetic/room_364/syn_00.png,364,1
/content/dataset/synthetic/room_364/syn_01.png,364,1
/content/dataset/synthetic/room_364/syn_02.png,364,1
/content/dataset/synthetic/room_364/syn_03.png,364,1
/content/dataset/synthetic/room_364/syn_04.png,364,1
/content/dataset/synthetic/room_364/syn_05.png,364,1
/content/dataset/synthetic/room_364/syn_06.png,364,1
/content/dataset/synthetic/room_364/syn_07.png,364,1
/content/dataset/synthetic/room_364/syn_08.png,364,1
/content/dataset/synthetic/room_364/syn_09.png,364,1
/content/dataset/real/room_365.jpeg,365,0
/content/dataset/synthetic/room_365/syn_00.png,365,1
/content/dataset/synthetic/room_365/syn_01.png,365,1
/content/dataset/synthetic/room_365/syn_02.png,365,1
/content/dataset/synthetic/room_365/syn_03.png,365,1
/content/dataset/synthetic/room_365/syn_04.png,365,1
/content/dataset/synthetic/room_365/syn_05.png,365,1
/content/dataset/synthetic/room_365/syn_06.png,365,1
/content/dataset/synthetic/room_365/syn_07.png,365,1
/content/dataset/synthetic/room_365/syn_08.png,365,1
/content/dataset/synthetic/room_365/syn_09.png,365,1
/content/dataset/real/room_366.jpg,366,0
/content/dataset/synthetic/room_366/syn_00.png,366,1
/content/dataset/synthetic/room_366/syn_01.png,366,1
/content/dataset/synthetic/room_366/syn_02.png,366,1
/content/dataset/synthetic/room_366/syn_03.png,366,1
/content/dataset/synthetic/room_366/syn_04.png,366,1
/content/dataset/synthetic/room_366/syn_05.png,366,1
/content/dataset/synthetic/room_366/syn_06.png,366,1
/content/dataset/synthetic/room_366/syn_07.png,366,1
/content/dataset/synthetic/room_366/syn_08.png,366,1
/content/dataset/synthetic/room_366/syn_09.png,366,1
/content/dataset/real/room_367.jpeg,367,0
/content/dataset/synthetic/room_367/syn_00.png,367,1
/content/dataset/synthetic/room_367/syn_01.png,367,1
/content/dataset/synthetic/room_367/syn_02.png,367,1
/content/dataset/synthetic/room_367/syn_03.png,367,1
/content/dataset/synthetic/room_367/syn_04.png,367,1
/content/dataset/synthetic/room_367/syn_05.png,367,1
/content/dataset/synthetic/room_367/syn_06.png,367,1
/content/dataset/synthetic/room_367/syn_07.png,367,1
/content/dataset/synthetic/room_367/syn_08.png,367,1
/content/dataset/synthetic/room_367/syn_09.png,367,1
/content/dataset/real/room_368.jpg,368,0
/content/dataset/synthetic/room_368/syn_00.png,368,1
/content/dataset/synthetic/room_368/syn_01.png,368,1
/content/dataset/synthetic/room_368/syn_02.png,368,1
/content/dataset/synthetic/room_368/syn_03.png,368,1
/content/dataset/synthetic/room_368/syn_04.png,368,1
/content/dataset/synthetic/room_368/syn_05.png,368,1
/content/dataset/synthetic/room_368/syn_06.png,368,1
/content/dataset/synthetic/room_368/syn_07.png,368,1
/content/dataset/synthetic/room_368/syn_08.png,368,1
/content/dataset/synthetic/room_368/syn_09.png,368,1
/content/dataset/real/room_369.jpeg,369,0
/content/dataset/synthetic/room_369/syn_00.png,369,1
/content/dataset/synthetic/room_369/syn_01.png,369,1
/content/dataset/synthetic/room_369/syn_02.png,369,1
/content/dataset/synthetic/room_369/syn_03.png,369,1
/content/dataset/synthetic/room_369/syn_04.png,369,1
/content/dataset/synthetic/room_369/syn_05.png,369,1
/content/dataset/synthetic/room_369/syn_06.png,369,1
/content/dataset/synthetic/room_369/syn_07.png,369,1
/content/dataset/synthetic/room_369/syn_08.png,369,1
/content/dataset/synthetic/room_369/syn_09.png,369,1
/content/dataset/real/room_370.jpg,370,0
/content/dataset/synthetic/room_370/syn_00.png,370,1
/content/dataset/synthetic/room_370/syn_01.png,370,1
/content/dataset/synthetic/room_370/syn_02.png,370,1
/content/dataset/synthetic/room_370/syn_03.png,370,1
/content/dataset/synthetic/room_370/syn_04.png,370,1
/content/dataset/synthetic/room_370/syn_05.png,370,1
/content/dataset/synthetic/room_370/syn_06.png,370,1
/content/dataset/synthetic/room_370/syn_07.png,370,1
/content/dataset/synthetic/room_370/syn_08.png,370,1
/content/dataset/synthetic/room_370/syn_09.png,370,1
/content/dataset/real/room_371.jpeg,371,0
/content/dataset/synthetic/room_371/syn_00.png,371,1
/content/dataset/synthetic/room_371/syn_01.png,371,1
/content/dataset/synthetic/room_371/syn_02.png,371,1
/content/dataset/synthetic/room_371/syn_03.png,371,1
/content/dataset/synthetic/room_371/syn_04.png,371,1
/content/dataset/synthetic/room_371/syn_05.png,371,1
/content/dataset/synthetic/room_371/syn_06.png,371,1
/content/dataset/synthetic/room_371/syn_07.png,371,1
/content/dataset/synthetic/room_371/syn_08.png,371,1
/content/dataset/synthetic/room_371/syn_09.png,371,1
/content/dataset/real/room_372.jpg,372,0
/content/dataset/synthetic/room_372/syn_00.png,372,1
/content/dataset/synthetic/room_372/syn_01.png,372,1
/content/dataset/synthetic/room_372/syn_02.png,372,1
/content/dataset/synthetic/room_372/syn_03.png,372,1
/content/dataset/synthetic/room_372/syn_04.png,372,1
/content/dataset/synthetic/room_372/syn_05.png,372,1
/content/dataset/synthetic/room_372/syn_06.png,372,1
/content/dataset/synthetic/room_372/syn_07.png,372,1
/content/dataset/synthetic/room_372/syn_08.png,372,1
/content/dataset/synthetic/room_372/syn_09.png,372,1
/content/dataset/real/room_373.jpeg,373,0
/content/dataset/synthetic/room_373/syn_00.png,373,1
/content/dataset/synthetic/room_373/syn_01.png,373,1
/content/dataset/synthetic/room_373/syn_02.png,373,1
/content/dataset/synthetic/room_373/syn_03.png,373,1
/content/dataset/synthetic/room_373/syn_04.png,373,1
/content/dataset/synthetic/room_373/syn_05.png,373,1
/content/dataset/synthetic/room_373/syn_06.png,373,1
/content/dataset/synthetic/room_373/syn_07.png,373,1
/content/dataset/synthetic/room_373/syn_08.png,373,1
/content/dataset/synthetic/room_373/syn_09.png,373,1
/content/dataset/real/room_374.jpg,374,0
/content/dataset/synthetic/room_374/syn_00.png,374,1
/content/dataset/synthetic/room_374/syn_01.png,374,1
/content/dataset/synthetic/room_374/syn_02.png,374,1
/content/dataset/synthetic/room_374/syn_03.png,374,1
/content/dataset/synthetic/room_374/syn_04.png,374,1
/content/dataset/synthetic/room_374/syn_05.png,374,1
/content/dataset/synthetic/room_374/syn_06.png,374,1
/content/dataset/synthetic/room_374/syn_07.png,374,1
/content/dataset/synthetic/room_374/syn_08.png,374,1
/content/dataset/synthetic/room_374/syn_09.png,374,1
/content/dataset/real/room_375.jpeg,375,0
/content/dataset/synthetic/room_375/syn_00.png,375,1
/content/dataset/synthetic/room_375/syn_01.png,375,1
/content/dataset/synthetic/room_375/syn_02.png,375,1
/content/dataset/synthetic/room_375/syn_03.png,375,1
/content/dataset/synthetic/room_375/syn_04.png,375,1
/content/dataset/synthetic/room_375/syn_05.png,375,1
/content/dataset/synthetic/room_375/syn_06.png,375,1
/content/dataset/synthetic/room_375/syn_07.png,375,1
/content/dataset/synthetic/room_375/syn_08.png,375,1
/content/dataset/synthetic/room_375/syn_09.png,375,1
/content/dataset/real/room_376.jpg,376,0
/content/dataset/synthetic/room_376/syn_00.png,376,1
/content/dataset/synthetic/room_376/syn_01.png,376,1
/content/dataset/synthetic/room_376/syn_02.png,376,1
/content/dataset/synthetic/room_376/syn_03.png,376,1
/content/dataset/synthetic/room_376/syn_04.png,376,1
/content/dataset/synthetic/room_376/syn_05.png,376,1
/content/dataset/synthetic/room_376/syn_06.png,376,1
/content/dataset/synthetic/room_376/syn_07.png,376,1
/content/dataset/synthetic/room_376/syn_08.png,376,1
/content/dataset/synthetic/room_376/syn_09.png,376,1
/content/dataset/real/room_377.jpeg,377,0
/content/dataset/synthetic/room_377/syn_00.png,377,1
/content/dataset/synthetic/room_377/syn_01.png,377,1
/content/dataset/synthetic/room_377/syn_02.png,377,1
/content/dataset/synthetic/room_377/syn_03.png,377,1
/content/dataset/synthetic/room_377/syn_04.png,377,1
/content/dataset/synthetic/room_377/syn_05.png,377,1
/content/dataset/synthetic/room_377/syn_06.png,377,1
/content/dataset/synthetic/room_377/syn_07.png,377,1
/content/dataset/synthetic/room_377/syn_08.png,377,1
/content/dataset/synthetic/room_377/syn_09.png,377,1
/content/dataset/real/room_378.jpg,378,0
/content/dataset/synthetic/room_378/syn_00.png,378,1
/content/dataset/synthetic/room_378/syn_01.png,378,1
/content/dataset/synthetic/room_378/syn_02.png,378,1
/content/dataset/synthetic/room_378/syn_03.png,378,1
/content/dataset/synthetic/room_378/syn_04.png,378,1
/content/dataset/synthetic/room_378/syn_05.png,378,1
/content/dataset/synthetic/room_378/syn_06.png,378,1
/content/dataset/synthetic/room_378/syn_07.png,378,1
/content/dataset/synthetic/room_378/syn_08.png,378,1
/content/dataset/synthetic/room_378/syn_09.png,378,1
/content/dataset/real/room_379.jpeg,379,0
/content/dataset/synthetic/room_379/syn_00.png,379,1
/content/dataset/synthetic/room_379/syn_01.png,379,1
/content/dataset/synthetic/room_379/syn_02.png,379,1
/content/dataset/synthetic/room_379/syn_03.png,379,1
/content/dataset/synthetic/room_379/syn_04.png,379,1
/content/dataset/synthetic/room_379/syn_05.png,379,1
/content/dataset/synthetic/room_379/syn_06.png,379,1
/content/dataset/synthetic/room_379/syn_07.png,379,1
/content/dataset/synthetic/room_379/syn_08.png,379,1
/content/dataset/synthetic/room_379/syn_09.png,379,1
/content/dataset/real/room_380.jpg,380,0
/content/dataset/synthetic/room_380/syn_00.png,380,1
/content/dataset/synthetic/room_380/syn_01.png,380,1
/content/dataset/synthetic/room_380/syn_02.png,380,1
/content/dataset/synthetic/room_380/syn_03.png,380,1
/content/dataset/synthetic/room_380/syn_04.png,380,1
/content/dataset/synthetic/room_380/syn_05.png,380,1
/content/dataset/synthetic/room_380/syn_06.png,380,1
/content/dataset/synthetic/room_380/syn_07.png,380,1
/content/dataset/synthetic/room_380/syn_08.png,380,1
/content/dataset/synthetic/room_380/syn_09.png,380,1
/content/dataset/real/room_381.jpeg,381,0
/content/dataset/synthetic/room_381/syn_00.png,381,1
/content/dataset/synthetic/room_381/syn_01.png,381,1
/content/dataset/synthetic/room_381/syn_02.png,381,1
/content/dataset/synthetic/room_381/syn_03.png,381,1
/content/dataset/synthetic/room_381/syn_04.png,381,1
/content/dataset/synthetic/room_381/syn_05.png,381,1
/content/dataset/synthetic/room_381/syn_06.png,381,1
/content/dataset/synthetic/room_381/syn_07.png,381,1
/content/dataset/synthetic/room_381/syn_08.png,381,1
/content/dataset/synthetic/room_381/syn_09.png,381,1
/content/dataset/real/room_382.jpg,382,0
/content/dataset/synthetic/room_382/syn_00.png,382,1
/content/dataset/synthetic/room_382/syn_01.png,382,1
/content/dataset/synthetic/room_382/syn_02.png,382,1
/content/dataset/synthetic/room_382/syn_03.png,382,1
/content/dataset/synthetic/room_382/syn_04.png,382,1
/content/dataset/synthetic/room_382/syn_05.png,382,1
/content/dataset/synthetic/room_382/syn_06.png,382,1
/content/dataset/synthetic/room_382/syn_07.png,382,1
/content/dataset/synthetic/room_382/syn_08.png,382,1
/content/dataset/synthetic/room_382/syn_09.png,382,1
/content/dataset/real/room_383.jpeg,383,0
/content/dataset/synthetic/room_383/syn_00.png,383,1
/content/dataset/synthetic/room_383/syn_01.png,383,1
/content/dataset/synthetic/room_383/syn_02.png,383,1
/content/dataset/synthetic/room_383/syn_03.png,383,1
/content/dataset/synthetic/room_383/syn_04.png,383,1
/content/dataset/synthetic/room_383/syn_05.png,383,1
/content/dataset/synthetic/room_383/syn_06.png,383,1
/content/dataset/synthetic/room_383/syn_07.png,383,1
/content/dataset/synthetic/room_383/syn_08.png,383,1
/content/dataset/synthetic/room_383/syn_09.png,383,1
/content/dataset/real/room_384.jpg,384,0
/content/dataset/synthetic/room_384/syn_00.png,384,1
/content/dataset/synthetic/room_384/syn_01.png,384,1
/content/dataset/synthetic/room_384/syn_02.png,384,1
/content/dataset/synthetic/room_384/syn_03.png,384,1
/content/dataset/synthetic/room_384/syn_04.png,384,1
/content/dataset/synthetic/room_384/syn_05.png,384,1
/content/dataset/synthetic/room_384/syn_06.png,384,1
/content/dataset/synthetic/room_384/syn_07.png,384,1
/content/dataset/synthetic/room_384/syn_08.png,384,1
/content/dataset/synthetic/room_384/syn_09.png,384,1
/content/dataset/real/room_385.jpeg,385,0
/content/dataset/synthetic/room_385/syn_00.png,385,1
/content/dataset/synthetic/room_385/syn_01.png,385,1
/content/dataset/synthetic/room_385/syn_02.png,385,1
/content/dataset/synthetic/room_385/syn_03.png,385,1
/content/dataset/synthetic/room_385/syn_04.png,385,1
/content/dataset/synthetic/room_385/syn_05.png,385,1
/content/dataset/synthetic/room_385/syn_06.png,385,1
/content/dataset/synthetic/room_385/syn_07.png,385,1
/content/dataset/synthetic/room_385/syn_08.png,385,1
/content/dataset/synthetic/room_385/syn_09.png,385,1
/content/dataset/real/room_386.jpg,386,0
/content/dataset/synthetic/room_386/syn_00.png,386,1
/content/dataset/synthetic/room_386/syn_01.png,386,1
/content/dataset/synthetic/room_386/syn_02.png,386,1
/content/dataset/synthetic/room_386/syn_03.png,386,1
/content/dataset/synthetic/room_386/syn_04.png,386,1
/content/dataset/synthetic/room_386/syn_05.png,386,1
/content/dataset/synthetic/room_386/syn_06.png,386,1
/content/dataset/synthetic/room_386/syn_07.png,386,1
/content/dataset/synthetic/room_386/syn_08.png,386,1
/content/dataset/synthetic/room_386/syn_09.png,386,1
/content/dataset/real/room_387.jpeg,387,0
/content/dataset/synthetic/room_387/syn_00.png,387,1
/content/dataset/synthetic/room_387/syn_01.png,387,1
/content/dataset/synthetic/room_387/syn_02.png,387,1
/content/dataset/synthetic/room_387/syn_03.png,387,1
/content/dataset/synthetic/room_387/syn_04.png,387,1
/content/dataset/synthetic/room_387/syn_05.png,387,1
/content/dataset/synthetic/room_387/syn_06.png,387,1
/content/dataset/synthetic/room_387/syn_07.png,387,1
/content/dataset/synthetic/room_387/syn_08.png,387,1
/content/dataset/synthetic/room_387/syn_09.png,387,1
/content/dataset/real/room_388.jpg,388,0
/content/dataset/synthetic/room_388/syn_00.png,388,1
/content/dataset/synthetic/room_388/syn_01.png,388,1
/content/dataset/synthetic/room_388/syn_02.png,388,1
/content/dataset/synthetic/room_388/syn_03.png,388,1
/content/dataset/synthetic/room_388/syn_04.png,388,1
/content/dataset/synthetic/room_388/syn_05.png,388,1
/content/dataset/synthetic/room_388/syn_06.png,388,1
/content/dataset/synthetic/room_388/syn_07.png,388,1
/content/dataset/synthetic/room_388/syn_08.png,388,1
/content/dataset/synthetic/room_388/syn_09.png,388,1
/content/dataset/real/room_389.jpeg,389,0
/content/dataset/synthetic/room_389/syn_00.png,389,1
/content/dataset/synthetic/room_389/syn_01.png,389,1
/content/dataset/synthetic/room_389/syn_02.png,389,1
/content/dataset/synthetic/room_389/syn_03.png,389,1
/content/dataset/synthetic/room_389/syn_04.png,389,1
/content/dataset/synthetic/room_389/syn_05.png,389,1
/content/dataset/synthetic/room_389/syn_06.png,389,1
/content/dataset/synthetic/room_389/syn_07.png,389,1
/content/dataset/synthetic/room_389/syn_08.png,389,1
/content/dataset/synthetic/room_389/syn_09.png,389,1
/content/dataset/real/room_390.jpg,390,0
/content/dataset/synthetic/room_390/syn_00.png,390,1
/content/dataset/synthetic/room_390/syn_01.png,390,1
/content/dataset/synthetic/room_390/syn_02.png,390,1
/content/dataset/synthetic/room_390/syn_03.png,390,1
/content/dataset/synthetic/room_390/syn_04.png,390,1
/content/dataset/synthetic/room_390/syn_05.png,390,1
/content/dataset/synthetic/room_390/syn_06.png,390,1
/content/dataset/synthetic/room_390/syn_07.png,390,1
/content/dataset/synthetic/room_390/syn_08.png,390,1
/content/dataset/synthetic/room_390/syn_09.png,390,1
/content/dataset/real/room_391.jpeg,391,0
/content/dataset/synthetic/room_391/syn_00.png,391,1
/content/dataset/synthetic/room_391/syn_01.png,391,1
/content/dataset/synthetic/room_391/syn_02.png,391,1
/content/dataset/synthetic/room_391/syn_03.png,391,1
/content/dataset/synthetic/room_391/syn_04.png,391,1
/content/dataset/synthetic/room_391/syn_05.png,391,1
/content/dataset/synthetic/room_391/syn_06.png,391,1
/content/dataset/synthetic/room_391/syn_07.png,391,1
/content/dataset/synthetic/room_391/syn_08.png,391,1
/content/dataset/synthetic/room_391/syn_09.png,391,1
/content/dataset/real/room_392.jpg,392,0
/content/dataset/synthetic/room_392/syn_00.png,392,1
/content/dataset/synthetic/room_392/syn_01.png,392,1
/content/dataset/synthetic/room_392/syn_02.png,392,1
/content/dataset/synthetic/room_392/syn_03.png,392,1
/content/dataset/synthetic/room_392/syn_04.png,392,1
/content/dataset/synthetic/room_392/syn_05.png,392,1
/content/dataset/synthetic/room_392/syn_06.png,392,1
/content/dataset/synthetic/room_392/syn_07.png,392,1
/content/dataset/synthetic/room_392/syn_08.png,392,1
/content/dataset/synthetic/room_392/syn_09.png,392,1
/content/dataset/real/room_393.jpeg,393,0
/content/dataset/synthetic/room_393/syn_00.png,393,1
/content/dataset/synthetic/room_393/syn_01.png,393,1
/content/dataset/synthetic/room_393/syn_02.png,393,1
/content/dataset/synthetic/room_393/syn_03.png,393,1
/content/dataset/synthetic/room_393/syn_04.png,393,1
/content/dataset/synthetic/room_393/syn_05.png,393,1
/content/dataset/synthetic/room_393/syn_06.png,393,1
/content/dataset/synthetic/room_393/syn_07.png,393,1
/content/dataset/synthetic/room_393/syn_08.png,393,1
/content/dataset/synthetic/room_393/syn_09.png,393,1
/content/dataset/real/room_394.jpg,394,0
/content/dataset/synthetic/room_394/syn_00.png,394,1
/content/dataset/synthetic/room_394/syn_01.png,394,1
/content/dataset/synthetic/room_394/syn_02.png,394,1
/content/dataset/synthetic/room_394/syn_03.png,394,1
/content/dataset/synthetic/room_394/syn_04.png,394,1
/content/dataset/synthetic/room_394/syn_05.png,394,1
/content/dataset/synthetic/room_394/syn_06.png,394,1
/content/dataset/synthetic/room_394/syn_07.png,394,1
/content/dataset/synthetic/room_394/syn_08.png,394,1
/content/dataset/synthetic/room_394/syn_09.png,394,1
/content/dataset/real/room_395.jpeg,395,0
/content/dataset/synthetic/room_395/syn_00.png,395,1
/content/dataset/synthetic/room_395/syn_01.png,395,1
/content/dataset/synthetic/room_395/syn_02.png,395,1
/content/dataset/synthetic/room_395/syn_03.png,395,1
/content/dataset/synthetic/room_395/syn_04.png,395,1
/content/dataset/synthetic/room_395/syn_05.png,395,1
/content/dataset/synthetic/room_395/syn_06.png,395,1
/content/dataset/synthetic/room_395/syn_07.png,395,1
/content/dataset/synthetic/room_395/syn_08.png,395,1
/content/dataset/synthetic/room_395/syn_09.png,395,1
/content/dataset/real/room_396.jpg,396,0
/content/dataset/synthetic/room_396/syn_00.png,396,1
/content/dataset/synthetic/room_396/syn_01.png,396,1
/content/dataset/synthetic/room_396/syn_02.png,396,1
/content/dataset/synthetic/room_396/syn_03.png,396,1
/content/dataset/synthetic/room_396/syn_04.png,396,1
/content/dataset/synthetic/room_396/syn_05.png,396,1
/content/dataset/synthetic/room_396/syn_06.png,396,1
/content/dataset/synthetic/room_396/syn_07.png,396,1
/content/dataset/synthetic/room_396/syn_08.png,396,1
/content/dataset/synthetic/room_396/syn_09.png,396,1
/content/dataset/real/room_397.jpeg,397,0
/content/dataset/synthetic/room_397/syn_00.png,397,1
/content/dataset/synthetic/room_397/syn_01.png,397,1
/content/dataset/synthetic/room_397/syn_02.png,397,1
/content/dataset/synthetic/room_397/syn_03.png,397,1
/content/dataset/synthetic/room_397/syn_04.png,397,1
/content/dataset/synthetic/room_397/syn_05.png,397,1
/content/dataset/synthetic/room_397/syn_06.png,397,1
/content/dataset/synthetic/room_397/syn_07.png,397,1
/content/dataset/synthetic/room_397/syn_08.png,397,1
/content/dataset/synthetic/room_397/syn_09.png,397,1
/content/dataset/real/room_398.jpg,398,0
/content/dataset/synthetic/room_398/syn_00.png,398,1
/content/dataset/synthetic/room_398/syn_01.png,398,1
/content/dataset/synthetic/room_398/syn_02.png,398,1
/content/dataset/synthetic/room_398/syn_03.png,398,1
/content/dataset/synthetic/room_398/syn_04.png,398,1
/content/dataset/synthetic/room_398/syn_05.png,398,1
/content/dataset/synthetic/room_398/syn_06.png,398,1
/content/dataset/synthetic/room_398/syn_07.png,398,1
/content/dataset/synthetic/room_398/syn_08.png,398,1
/content/dataset/synthetic/room_398/syn_09.png,398,1
/content/dataset/real/room_399.jpeg,399,0
/content/dataset/synthetic/room_399/syn_00.png,399,1
/content/dataset/synthetic/room_399/syn_01.png,399,1
/content/dataset/synthetic/room_399/syn_02.png,399,1
/content/dataset/synthetic/room_399/syn_03.png,399,1
/content/dataset/synthetic/room_399/syn_04.png,399,1
/content/dataset/synthetic/room_399/syn_05.png,399,1
/content/dataset/synthetic/room_399/syn_06.png,399,1
/content/dataset/synthetic/room_399/syn_07.png,399,1
/content/dataset/synthetic/room_399/syn_08.png,399,1
/content/dataset/synthetic/room_399/syn_09.png,399,1
/content/dataset/real/room_400.jpg,400,0
/content/dataset/synthetic/room_400/syn_00.png,400,1
/content/dataset/synthetic/room_400/syn_01.png,400,1
/content/dataset/synthetic/room_400/syn_02.png,400,1
/content/dataset/synthetic/room_400/syn_03.png,400,1
/content/dataset/synthetic/room_400/syn_04.png,400,1
/content/dataset/synthetic/room_400/syn_05.png,400,1
/content/dataset/synthetic/room_400/syn_06.png,400,1
/content/dataset/synthetic/room_400/syn_07.png,400,1
/content/dataset/synthetic/room_400/syn_08.png,400,1
/content/dataset/synthetic/room_400/syn_09.png,400,1
/content/dataset/real/room_401.jpeg,401,0
/content/dataset/synthetic/room_401/syn_00.png,401,1
/content/dataset/synthetic/room_401/syn_01.png,401,1
/content/dataset/synthetic/room_401/syn_02.png,401,1
/content/dataset/synthetic/room_401/syn_03.png,401,1
/content/dataset/synthetic/room_401/syn_04.png,401,1
/content/dataset/synthetic/room_401/syn_05.png,401,1
/content/dataset/synthetic/room_401/syn_06.png,401,1
/content/dataset/synthetic/room_401/syn_07.png,401,1
/content/dataset/synthetic/room_401/syn_08.png,401,1
/content/dataset/synthetic/room_401/syn_09.png,401,1
/content/dataset/real/room_402.jpg,402,0
/content/dataset/synthetic/room_402/syn_00.png,402,1
/content/dataset/synthetic/room_402/syn_01.png,402,1
/content/dataset/synthetic/room_402/syn_02.png,402,1
/content/dataset/synthetic/room_402/syn_03.png,402,1
/content/dataset/synthetic/room_402/syn_04.png,402,1
/content/dataset/synthetic/room_402/syn_05.png,402,1
/content/dataset/synthetic/room_402/syn_06.png,402,1
/content/dataset/synthetic/room_402/syn_07.png,402,1
/content/dataset/synthetic/room_402/syn_08.png,402,1
/content/dataset/synthetic/room_402/syn_09.png,402,1
/content/dataset/real/room_403.jpeg,403,0
/content/dataset/synthetic/room_403/syn_00.png,403,1
/content/dataset/synthetic/room_403/syn_01.png,403,1
/content/dataset/synthetic/room_403/syn_02.png,403,1
/content/dataset/synthetic/room_403/syn_03.png,403,1
/content/dataset/synthetic/room_403/syn_04.png,403,1
/content/dataset/synthetic/room_403/syn_05.png,403,1
/content/dataset/synthetic/room_403/syn_06.png,403,1
/content/dataset/synthetic/room_403/syn_07.png,403,1
/content/dataset/synthetic/room_403/syn_08.png,403,1
/content/dataset/synthetic/room_403/syn_09.png,403,1
/content/dataset/real/room_404.jpg,404,0
/content/dataset/synthetic/room_404/syn_00.png,404,1
/content/dataset/synthetic/room_404/syn_01.png,404,1
/content/dataset/synthetic/room_404/syn_02.png,404,1
/content/dataset/synthetic/room_404/syn_03.png,404,1
/content/dataset/synthetic/room_404/syn_04.png,404,1
/content/dataset/synthetic/room_404/syn_05.png,404,1
/content/dataset/synthetic/room_404/syn_06.png,404,1
/content/dataset/synthetic/room_404/syn_07.png,404,1
/content/dataset/synthetic/room_404/syn_08.png,404,1
/content/dataset/synthetic/room_404/syn_09.png,404,1
/content/dataset/real/room_405.jpeg,405,0
/content/dataset/synthetic/room_405/syn_00.png,405,1
/content/dataset/synthetic/room_405/syn_01.png,405,1
/content/dataset/synthetic/room_405/syn_02.png,405,1
/content/dataset/synthetic/room_405/syn_03.png,405,1
/content/dataset/synthetic/room_405/syn_04.png,405,1
/content/dataset/synthetic/room_405/syn_05.png,405,1
/content/dataset/synthetic/room_405/syn_06.png,405,1
/content/dataset/synthetic/room_405/syn_07.png,405,1
/content/dataset/synthetic/room_405/syn_08.png,405,1
/content/dataset/synthetic/room_405/syn_09.png,405,1
/content/dataset/real/room_406.jpg,406,0
/content/dataset/synthetic/room_406/syn_00.png,406,1
/content/dataset/synthetic/room_406/syn_01.png,406,1
/content/dataset/synthetic/room_406/syn_02.png,406,1
/content/dataset/synthetic/room_406/syn_03.png,406,1
/content/dataset/synthetic/room_406/syn_04.png,406,1
/content/dataset/synthetic/room_406/syn_05.png,406,1
/content/dataset/synthetic/room_406/syn_06.png,406,1
/content/dataset/synthetic/room_406/syn_07.png,406,1
/content/dataset/synthetic/room_406/syn_08.png,406,1
/content/dataset/synthetic/room_406/syn_09.png,406,1
/content/dataset/real/room_407.jpeg,407,0
/content/dataset/synthetic/room_407/syn_00.png,407,1
/content/dataset/synthetic/room_407/syn_01.png,407,1
/content/dataset/synthetic/room_407/syn_02.png,407,1
/content/dataset/synthetic/room_407/syn_03.png,407,1
/content/dataset/synthetic/room_407/syn_04.png,407,1
/content/dataset/synthetic/room_407/syn_05.png,407,1
/content/dataset/synthetic/room_407/syn_06.png,407,1
/content/dataset/synthetic/room_407/syn_07.png,407,1
/content/dataset/synthetic/room_407/syn_08.png,407,1
/content/dataset/synthetic/room_407/syn_09.png,407,1
/content/dataset/real/room_408.jpg,408,0
/content/dataset/synthetic/room_408/syn_00.png,408,1
/content/dataset/synthetic/room_408/syn_01.png,408,1
/content/dataset/synthetic/room_408/syn_02.png,408,1
/content/dataset/synthetic/room_408/syn_03.png,408,1
/content/dataset/synthetic/room_408/syn_04.png,408,1
/content/dataset/synthetic/room_408/syn_05.png,408,1
/content/dataset/synthetic/room_408/syn_06.png,408,1
/content/dataset/synthetic/room_408/syn_07.png,408,1
/content/dataset/synthetic/room_408/syn_08.png,408,1
/content/dataset/synthetic/room_408/syn_09.png,408,1
/content/dataset/real/room_409.jpeg,409,0
/content/dataset/synthetic/room_409/syn_00.png,409,1
/content/dataset/synthetic/room_409/syn_01.png,409,1
/content/dataset/synthetic/room_409/syn_02.png,409,1
/content/dataset/synthetic/room_409/syn_03.png,409,1
/content/dataset/synthetic/room_409/syn_04.png,409,1
/content/dataset/synthetic/room_409/syn_05.png,409,1
/content/dataset/synthetic/room_409/syn_06.png,409,1
/content/dataset/synthetic/room_409/syn_07.png,409,1
/content/dataset/synthetic/room_409/syn_08.png,409,1
/content/dataset/synthetic/room_409/syn_09.png,409,1
/content/dataset/real/room_410.jpg,410,0
/content/dataset/synthetic/room_410/syn_00.png,410,1
/content/dataset/synthetic/room_410/syn_01.png,410,1
/content/dataset/synthetic/room_410/syn_02.png,410,1
/content/dataset/synthetic/room_410/syn_03.png,410,1
/content/dataset/synthetic/room_410/syn_04.png,410,1
/content/dataset/synthetic/room_410/syn_05.png,410,1
/content/dataset/synthetic/room_410/syn_06.png,410,1
/content/dataset/synthetic/room_410/syn_07.png,410,1
/content/dataset/synthetic/room_410/syn_08.png,410,1
/content/dataset/synthetic/room_410/syn_09.png,410,1
/content/dataset/real/room_411.jpeg,411,0
/content/dataset/synthetic/room_411/syn_00.png,411,1
/content/dataset/synthetic/room_411/syn_01.png,411,1
/content/dataset/synthetic/room_411/syn_02.png,411,1
/content/dataset/synthetic/room_411/syn_03.png,411,1
/content/dataset/synthetic/room_411/syn_04.png,411,1
/content/dataset/synthetic/room_411/syn_05.png,411,1
/content/dataset/synthetic/room_411/syn_06.png,411,1
/content/dataset/synthetic/room_411/syn_07.png,411,1
/content/dataset/synthetic/room_411/syn_08.png,411,1
/content/dataset/synthetic/room_411/syn_09.png,411,1
/content/dataset/real/room_412.jpg,412,0
/content/dataset/synthetic/room_412/syn_00.png,412,1
/content/dataset/synthetic/room_412/syn_01.png,412,1
/content/dataset/synthetic/room_412/syn_02.png,412,1
/content/dataset/synthetic/room_412/syn_03.png,412,1
/content/dataset/synthetic/room_412/syn_04.png,412,1
/content/dataset/synthetic/room_412/syn_05.png,412,1
/content/dataset/synthetic/room_412/syn_06.png,412,1
/content/dataset/synthetic/room_412/syn_07.png,412,1
/content/dataset/synthetic/room_412/syn_08.png,412,1
/content/dataset/synthetic/room_412/syn_09.png,412,1
/content/dataset/real/room_413.jpeg,413,0
/content/dataset/synthetic/room_413/syn_00.png,413,1
/content/dataset/synthetic/room_413/syn_01.png,413,1
/content/dataset/synthetic/room_413/syn_02.png,413,1
/content/dataset/synthetic/room_413/syn_03.png,413,1
/content/dataset/synthetic/room_413/syn_04.png,413,1
/content/dataset/synthetic/room_413/syn_05.png,413,1
/content/dataset/synthetic/room_413/syn_06.png,413,1
/content/dataset/synthetic/room_413/syn_07.png,413,1
/content/dataset/synthetic/room_413/syn_08.png,413,1
/content/dataset/synthetic/room_413/syn_09.png,413,1
/content/dataset/real/room_414.jpg,414,0
/content/dataset/synthetic/room_414/syn_00.png,414,1
/content/dataset/synthetic/room_414/syn_01.png,414,1
/content/dataset/synthetic/room_414/syn_02.png,414,1
/content/dataset/synthetic/room_414/syn_03.png,414,1
/content/dataset/synthetic/room_414/syn_04.png,414,1
/content/dataset/synthetic/room_414/syn_05.png,414,1
/content/dataset/synthetic/room_414/syn_06.png,414,1
/content/dataset/synthetic/room_414/syn_07.png,414,1
/content/dataset/synthetic/room_414/syn_08.png,414,1
/content/dataset/synthetic/room_414/syn_09.png,414,1
/content/dataset/real/room_415.jpeg,415,0
/content/dataset/synthetic/room_415/syn_00.png,415,1
/content/dataset/synthetic/room_415/syn_01.png,415,1
/content/dataset/synthetic/room_415/syn_02.png,415,1
/content/dataset/synthetic/room_415/syn_03.png,415,1
/content/dataset/synthetic/room_415/syn_04.png,415,1
/content/dataset/synthetic/room_415/syn_05.png,415,1
/content/dataset/synthetic/room_415/syn_06.png,415,1
/content/dataset/synthetic/room_415/syn_07.png,415,1
/content/dataset/synthetic/room_415/syn_08.png,415,1
/content/dataset/synthetic/room_415/syn_09.png,415,1
/content/dataset/real/room_416.jpg,416,0
/content/dataset/synthetic/room_416/syn_00.png,416,1
/content/dataset/synthetic/room_416/syn_01.png,416,1
/content/dataset/synthetic/room_416/syn_02.png,416,1
/content/dataset/synthetic/room_416/syn_03.png,416,1
/content/dataset/synthetic/room_416/syn_04.png,416,1
/content/dataset/synthetic/room_416/syn_05.png,416,1
/content/dataset/synthetic/room_416/syn_06.png,416,1
/content/dataset/synthetic/room_416/syn_07.png,416,1
/content/dataset/synthetic/room_416/syn_08.png,416,1
/content/dataset/synthetic/room_416/syn_09.png,416,1
/content/dataset/real/room_417.jpeg,417,0
/content/dataset/synthetic/room_417/syn_00.png,417,1
/content/dataset/synthetic/room_417/syn_01.png,417,1
/content/dataset/synthetic/room_417/syn_02.png,417,1
/content/dataset/synthetic/room_417/syn_03.png,417,1
/content/dataset/synthetic/room_417/syn_04.png,417,1
/content/dataset/synthetic/room_417/syn_05.png,417,1
/content/dataset/synthetic/room_417/syn_06.png,417,1
/content/dataset/synthetic/room_417/syn_07.png,417,1
/content/dataset/synthetic/room_417/syn_08.png,417,1
/content/dataset/synthetic/room_417/syn_09.png,417,1
/content/dataset/real/room_418.jpg,418,0
/content/dataset/synthetic/room_418/syn_00.png,418,1
/content/dataset/synthetic/room_418/syn_01.png,418,1
/content/dataset/synthetic/room_418/syn_02.png,418,1
/content/dataset/synthetic/room_418/syn_03.png,418,1
/content/dataset/synthetic/room_418/syn_04.png,418,1
/content/dataset/synthetic/room_418/syn_05.png,418,1
/content/dataset/synthetic/room_418/syn_06.png,418,1
/content/dataset/synthetic/room_418/syn_07.png,418,1
/content/dataset/synthetic/room_418/syn_08.png,418,1
/content/dataset/synthetic/room_418/syn_09.png,418,1
/content/dataset/real/room_419.jpeg,419,0
/content/dataset/synthetic/room_419/syn_00.png,419,1
/content/dataset/synthetic/room_419/syn_01.png,419,1
/content/dataset/synthetic/room_419/syn_02.png,419,1
/content/dataset/synthetic/room_419/syn_03.png,419,1
/content/dataset/synthetic/room_419/syn_04.png,419,1
/content/dataset/synthetic/room_419/syn_05.png,419,1
/content/dataset/synthetic/room_419/syn_06.png,419,1
/content/dataset/synthetic/room_419/syn_07.png,419,1
/content/dataset/synthetic/room_419/syn_08.png,419,1
/content/dataset/synthetic/room_419/syn_09.png,419,1
/content/dataset/real/room_420.jpg,420,0
/content/dataset/synthetic/room_420/syn_00.png,420,1
/content/dataset/synthetic/room_420/syn_01.png,420,1
/content/dataset/synthetic/room_420/syn_02.png,420,1
/content/dataset/synthetic/room_420/syn_03.png,420,1
/content/dataset/synthetic/room_420/syn_04.png,420,1
/content/dataset/synthetic/room_420/syn_05.png,420,1
/content/dataset/synthetic/room_420/syn_06.png,420,1
/content/dataset/synthetic/room_420/syn_07.png,420,1
/content/dataset/synthetic/room_420/syn_08.png,420,1
/content/dataset/synthetic/room_420/syn_09.png,420,1
/content/dataset/real/room_421.jpeg,421,0
/content/dataset/synthetic/room_421/syn_00.png,421,1
/content/dataset/synthetic/room_421/syn_01.png,421,1
/content/dataset/synthetic/room_421/syn_02.png,421,1
/content/dataset/synthetic/room_421/syn_03.png,421,1
/content/dataset/synthetic/room_421/syn_04.png,421,1
/content/dataset/synthetic/room_421/syn_05.png,421,1
/content/dataset/synthetic/room_421/syn_06.png,421,1
/content/dataset/synthetic/room_421/syn_07.png,421,1
/content/dataset/synthetic/room_421/syn_08.png,421,1
/content/dataset/synthetic/room_421/syn_09.png,421,1
/content/dataset/real/room_422.jpg,422,0
/content/dataset/synthetic/room_422/syn_00.png,422,1
/content/dataset/synthetic/room_422/syn_01.png,422,1
/content/dataset/synthetic/room_422/syn_02.png,422,1
/content/dataset/synthetic/room_422/syn_03.png,422,1
/content/dataset/synthetic/room_422/syn_04.png,422,1
/content/dataset/synthetic/room_422/syn_05.png,422,1
/content/dataset/synthetic/room_422/syn_06.png,422,1
/content/dataset/synthetic/room_422/syn_07.png,422,1
/content/dataset/synthetic/room_422/syn_08.png,422,1
/content/dataset/synthetic/room_422/syn_09.png,422,1
/content/dataset/real/room_423.jpeg,423,0
/content/dataset/synthetic/room_423/syn_00.png,423,1
/content/dataset/synthetic/room_423/syn_01.png,423,1
/content/dataset/synthetic/room_423/syn_02.png,423,1
/content/dataset/synthetic/room_423/syn_03.png,423,1
/content/dataset/synthetic/room_423/syn_04.png,423,1
/content/dataset/synthetic/room_423/syn_05.png,423,1
/content/dataset/synthetic/room_423/syn_06.png,423,1
/content/dataset/synthetic/room_423/syn_07.png,423,1
/content/dataset/synthetic/room_423/syn_08.png,423,1
/content/dataset/synthetic/room_423/syn_09.png,423,1
/content/dataset/real/room_424.jpg,424,0
/content/dataset/synthetic/room_424/syn_00.png,424,1
/content/dataset/synthetic/room_424/syn_01.png,424,1
/content/dataset/synthetic/room_424/syn_02.png,424,1
/content/dataset/synthetic/room_424/syn_03.png,424,1
/content/dataset/synthetic/room_424/syn_04.png,424,1
/content/dataset/synthetic/room_424/syn_05.png,424,1
/content/dataset/synthetic/room_424/syn_06.png,424,1
/content/dataset/synthetic/room_424/syn_07.png,424,1
/content/dataset/synthetic/room_424/syn_08.png,424,1
/content/dataset/synthetic/room_424/syn_09.png,424,1
/content/dataset/real/room_425.jpeg,425,0
/content/dataset/synthetic/room_425/syn_00.png,425,1
/content/dataset/synthetic/room_425/syn_01.png,425,1
/content/dataset/synthetic/room_425/syn_02.png,425,1
/content/dataset/synthetic/room_425/syn_03.png,425,1
/content/dataset/synthetic/room_425/syn_04.png,425,1
/content/dataset/synthetic/room_425/syn_05.png,425,1
/content/dataset/synthetic/room_425/syn_06.png,425,1
/content/dataset/synthetic/room_425/syn_07.png,425,1
/content/dataset/synthetic/room_425/syn_08.png,425,1
/content/dataset/synthetic/room_425/syn_09.png,425,1
/content/dataset/real/room_426.jpg,426,0
/content/dataset/synthetic/room_426/syn_00.png,426,1
/content/dataset/synthetic/room_426/syn_01.png,426,1
/content/dataset/synthetic/room_426/syn_02.png,426,1
/content/dataset/synthetic/room_426/syn_03.png,426,1
/content/dataset/synthetic/room_426/syn_04.png,426,1
/content/dataset/synthetic/room_426/syn_05.png,426,1
/content/dataset/synthetic/room_426/syn_06.png,426,1
/content/dataset/synthetic/room_426/syn_07.png,426,1
/content/dataset/synthetic/room_426/syn_08.png,426,1
/content/dataset/synthetic/room_426/syn_09.png,426,1
/content/dataset/real/room_427.jpeg,427,0
/content/dataset/synthetic/room_427/syn_00.png,427,1
/content/dataset/synthetic/room_427/syn_01.png,427,1
/content/dataset/synthetic/room_427/syn_02.png,427,1
/content/dataset/synthetic/room_427/syn_03.png,427,1
/content/dataset/synthetic/room_427/syn_04.png,427,1
/content/dataset/synthetic/room_427/syn_05.png,427,1
/content/dataset/synthetic/room_427/syn_06.png,427,1
/content/dataset/synthetic/room_427/syn_07.png,427,1
/content/dataset/synthetic/room_427/syn_08.png,427,1
/content/dataset/synthetic/room_427/syn_09.png,427,1
/content/dataset/real/room_428.jpg,428,0
/content/dataset/synthetic/room_428/syn_00.png,428,1
/content/dataset/synthetic/room_428/syn_01.png,428,1
/content/dataset/synthetic/room_428/syn_02.png,428,1
/content/dataset/synthetic/room_428/syn_03.png,428,1
/content/dataset/synthetic/room_428/syn_04.png,428,1
/content/dataset/synthetic/room_428/syn_05.png,428,1
/content/dataset/synthetic/room_428/syn_06.png,428,1
/content/dataset/synthetic/room_428/syn_07.png,428,1
/content/dataset/synthetic/room_428/syn_08.png,428,1
/content/dataset/synthetic/room_428/syn_09.png,428,1
/content/dataset/real/room_429.jpeg,429,0
/content/dataset/synthetic/room_429/syn_00.png,429,1
/content/dataset/synthetic/room_429/syn_01.png,429,1
/content/dataset/synthetic/room_429/syn_02.png,429,1
/content/dataset/synthetic/room_429/syn_03.png,429,1
/content/dataset/synthetic/room_429/syn_04.png,429,1
/content/dataset/synthetic/room_429/syn_05.png,429,1
/content/dataset/synthetic/room_429/syn_06.png,429,1
/content/dataset/synthetic/room_429/syn_07.png,429,1
/content/dataset/synthetic/room_429/syn_08.png,429,1
/content/dataset/synthetic/room_429/syn_09.png,429,1
/content/dataset/real/room_430.jpg,430,0
/content/dataset/synthetic/room_430/syn_00.png,430,1
/content/dataset/synthetic/room_430/syn_01.png,430,1
/content/dataset/synthetic/room_430/syn_02.png,430,1
/content/dataset/synthetic/room_430/syn_03.png,430,1
/content/dataset/synthetic/room_430/syn_04.png,430,1
/content/dataset/synthetic/room_430/syn_05.png,430,1
/content/dataset/synthetic/room_430/syn_06.png,430,1
/content/dataset/synthetic/room_430/syn_07.png,430,1
/content/dataset/synthetic/room_430/syn_08.png,430,1
/content/dataset/synthetic/room_430/syn_09.png,430,1
/content/dataset/real/room_431.jpeg,431,0
/content/dataset/synthetic/room_431/syn_00.png,431,1
/content/dataset/synthetic/room_431/syn_01.png,431,1
/content/dataset/synthetic/room_431/syn_02.png,431,1
/content/dataset/synthetic/room_431/syn_03.png,431,1
/content/dataset/synthetic/room_431/syn_04.png,431,1
/content/dataset/synthetic/room_431/syn_05.png,431,1
/content/dataset/synthetic/room_431/syn_06.png,431,1
/content/dataset/synthetic/room_431/syn_07.png,431,1
/content/dataset/synthetic/room_431/syn_08.png,431,1
/content/dataset/synthetic/room_431/syn_09.png,431,1
/content/dataset/real/room_432.jpg,432,0
/content/dataset/synthetic/room_432/syn_00.png,432,1
/content/dataset/synthetic/room_432/syn_01.png,432,1
/content/dataset/synthetic/room_432/syn_02.png,432,1
/content/dataset/synthetic/room_432/syn_03.png,432,1
/content/dataset/synthetic/room_432/syn_04.png,432,1
/content/dataset/synthetic/room_432/syn_05.png,432,1
/content/dataset/synthetic/room_432/syn_06.png,432,1
/content/dataset/synthetic/room_432/syn_07.png,432,1
/content/dataset/synthetic/room_432/syn_08.png,432,1
/content/dataset/synthetic/room_432/syn_09.png,432,1
/content/dataset/real/room_433.jpeg,433,0
/content/dataset/synthetic/room_433/syn_00.png,433,1
/content/dataset/synthetic/room_433/syn_01.png,433,1
/content/dataset/synthetic/room_433/syn_02.png,433,1
/content/dataset/synthetic/room_433/syn_03.png,433,1
/content/dataset/synthetic/room_433/syn_04.png,433,1
/content/dataset/synthetic/room_433/syn_05.png,433,1
/content/dataset/synthetic/room_433/syn_06.png,433,1
/content/dataset/synthetic/room_433/syn_07.png,433,1
/content/dataset/synthetic/room_433/syn_08.png,433,1
/content/dataset/synthetic/room_433/syn_09.png,433,1
/content/dataset/real/room_434.jpg,434,0
/content/dataset/synthetic/room_434/syn_00.png,434,1
/content/dataset/synthetic/room_434/syn_01.png,434,1
/content/dataset/synthetic/room_434/syn_02.png,434,1
/content/dataset/synthetic/room_434/syn_03.png,434,1
/content/dataset/synthetic/room_434/syn_04.png,434,1
/content/dataset/synthetic/room_434/syn_05.png,434,1
/content/dataset/synthetic/room_434/syn_06.png,434,1
/content/dataset/synthetic/room_434/syn_07.png,434,1
/content/dataset/synthetic/room_434/syn_08.png,434,1
/content/dataset/synthetic/room_434/syn_09.png,434,1
/content/dataset/real/room_435.jpeg,435,0
/content/dataset/synthetic/room_435/syn_00.png,435,1
/content/dataset/synthetic/room_435/syn_01.png,435,1
/content/dataset/synthetic/room_435/syn_02.png,435,1
/content/dataset/synthetic/room_435/syn_03.png,435,1
/content/dataset/synthetic/room_435/syn_04.png,435,1
/content/dataset/synthetic/room_435/syn_05.png,435,1
/content/dataset/synthetic/room_435/syn_06.png,435,1
/content/dataset/synthetic/room_435/syn_07.png,435,1
/content/dataset/synthetic/room_435/syn_08.png,435,1
/content/dataset/synthetic/room_435/syn_09.png,435,1
/content/dataset/real/room_436.jpg,436,0
/content/dataset/synthetic/room_436/syn_00.png,436,1
/content/dataset/synthetic/room_436/syn_01.png,436,1
/content/dataset/synthetic/room_436/syn_02.png,436,1
/content/dataset/synthetic/room_436/syn_03.png,436,1
/content/dataset/synthetic/room_436/syn_04.png,436,1
/content/dataset/synthetic/room_436/syn_05.png,436,1
/content/dataset/synthetic/room_436/syn_06.png,436,1
/content/dataset/synthetic/room_436/syn_07.png,436,1
/content/dataset/synthetic/room_436/syn_08.png,436,1
/content/dataset/synthetic/room_436/syn_09.png,436,1
/content/dataset/real/room_437.jpeg,437,0
/content/dataset/synthetic/room_437/syn_00.png,437,1
/content/dataset/synthetic/room_437/syn_01.png,437,1
/content/dataset/synthetic/room_437/syn_02.png,437,1
/content/dataset/synthetic/room_437/syn_03.png,437,1
/content/dataset/synthetic/room_437/syn_04.png,437,1
/content/dataset/synthetic/room_437/syn_05.png,437,1
/content/dataset/synthetic/room_437/syn_06.png,437,1
/content/dataset/synthetic/room_437/syn_07.png,437,1
/content/dataset/synthetic/room_437/syn_08.png,437,1
/content/dataset/synthetic/room_437/syn_09.png,437,1
/content/dataset/real/room_438.jpg,438,0
/content/dataset/synthetic/room_438/syn_00.png,438,1
/content/dataset/synthetic/room_438/syn_01.png,438,1
/content/dataset/synthetic/room_438/syn_02.png,438,1
/content/dataset/synthetic/room_438/syn_03.png,438,1
/content/dataset/synthetic/room_438/syn_04.png,438,1
/content/dataset/synthetic/room_438/syn_05.png,438,1
/content/dataset/synthetic/room_438/syn_06.png,438,1
/content/dataset/synthetic/room_438/syn_07.png,438,1
/content/dataset/synthetic/room_438/syn_08.png,438,1
/content/dataset/synthetic/room_438/syn_09.png,438,1
/content/dataset/real/room_439.jpeg,439,0
/content/dataset/synthetic/room_439/syn_00.png,439,1
/content/dataset/synthetic/room_439/syn_01.png,439,1
/content/dataset/synthetic/room_439/syn_02.png,439,1
/content/dataset/synthetic/room_439/syn_03.png,439,1
/content/dataset/synthetic/room_439/syn_04.png,439,1
/content/dataset/synthetic/room_439/syn_05.png,439,1
/content/dataset/synthetic/room_439/syn_06.png,439,1
/content/dataset/synthetic/room_439/syn_07.png,439,1
/content/dataset/synthetic/room_439/syn_08.png,439,1
/content/dataset/synthetic/room_439/syn_09.png,439,1
/content/dataset/real/room_440.jpg,440,0
/content/dataset/synthetic/room_440/syn_00.png,440,1
/content/dataset/synthetic/room_440/syn_01.png,440,1
/content/dataset/synthetic/room_440/syn_02.png,440,1
/content/dataset/synthetic/room_440/syn_03.png,440,1
/content/dataset/synthetic/room_440/syn_04.png,440,1
/content/dataset/synthetic/room_440/syn_05.png,440,1
/content/dataset/synthetic/room_440/syn_06.png,440,1
/content/dataset/synthetic/room_440/syn_07.png,440,1
/content/dataset/synthetic/room_440/syn_08.png,440,1
/content/dataset/synthetic/room_440/syn_09.png,440,1
/content/dataset/real/room_441.jpeg,441,0
/content/dataset/synthetic/room_441/syn_00.png,441,1
/content/dataset/synthetic/room_441/syn_01.png,441,1
/content/dataset/synthetic/room_441/syn_02.png,441,1
/content/dataset/synthetic/room_441/syn_03.png,441,1
/content/dataset/synthetic/room_441/syn_04.png,441,1
/content/dataset/synthetic/room_441/syn_05.png,441,1
/content/dataset/synthetic/room_441/syn_06.png,441,1
/content/dataset/synthetic/room_441/syn_07.png,441,1
/content/dataset/synthetic/room_441/syn_08.png,441,1
/content/dataset/synthetic/room_441/syn_09.png,441,1
/content/dataset/real/room_442.jpg,442,0
/content/dataset/synthetic/room_442/syn_00.png,442,1
/content/dataset/synthetic/room_442/syn_01.png,442,1
/content/dataset/synthetic/room_442/syn_02.png,442,1
/content/dataset/synthetic/room_442/syn_03.png,442,1
/content/dataset/synthetic/room_442/syn_04.png,442,1
/content/dataset/synthetic/room_442/syn_05.png,442,1
/content/dataset/synthetic/room_442/syn_06.png,442,1
/content/dataset/synthetic/room_442/syn_07.png,442,1
/content/dataset/synthetic/room_442/syn_08.png,442,1
/content/dataset/synthetic/room_442/syn_09.png,442,1
/content/dataset/real/room_443.jpeg,443,0
/content/dataset/synthetic/room_443/syn_00.png,443,1
/content/dataset/synthetic/room_443/syn_01.png,443,1
/content/dataset/synthetic/room_443/syn_02.png,443,1
/content/dataset/synthetic/room_443/syn_03.png,443,1
/content/dataset/synthetic/room_443/syn_04.png,443,1
/content/dataset/synthetic/room_443/syn_05.png,443,1
/content/dataset/synthetic/room_443/syn_06.png,443,1
/content/dataset/synthetic/room_443/syn_07.png,443,1
/content/dataset/synthetic/room_443/syn_08.png,443,1
/content/dataset/synthetic/room_443/syn_09.png,443,1
/content/dataset/real/room_444.jpg,444,0
/content/dataset/synthetic/room_444/syn_00.png,444,1
/content/dataset/synthetic/room_444/syn_01.png,444,1
/content/dataset/synthetic/room_444/syn_02.png,444,1
/content/dataset/synthetic/room_444/syn_03.png,444,1
/content/dataset/synthetic/room_444/syn_04.png,444,1
/content/dataset/synthetic/room_444/syn_05.png,444,1
/content/dataset/synthetic/room_444/syn_06.png,444,1
/content/dataset/synthetic/room_444/syn_07.png,444,1
/content/dataset/synthetic/room_444/syn_08.png,444,1
/content/dataset/synthetic/room_444/syn_09.png,444,1
/content/dataset/real/room_445.jpeg,445,0
/content/dataset/synthetic/room_445/syn_00.png,445,1
/content/dataset/synthetic/room_445/syn_01.png,445,1
/content/dataset/synthetic/room_445/syn_02.png,445,1
/content/dataset/synthetic/room_445/syn_03.png,445,1
/content/dataset/synthetic/room_445/syn_04.png,445,1
/content/dataset/synthetic/room_445/syn_05.png,445,1
/content/dataset/synthetic/room_445/syn_06.png,445,1
/content/dataset/synthetic/room_445/syn_07.png,445,1
/content/dataset/synthetic/room_445/syn_08.png,445,1
/content/dataset/synthetic/room_445/syn_09.png,445,1
/content/dataset/real/room_446.jpg,446,0
/content/dataset/synthetic/room_446/syn_00.png,446,1
/content/dataset/synthetic/room_446/syn_01.png,446,1
/content/dataset/synthetic/room_446/syn_02.png,446,1
/content/dataset/synthetic/room_446/syn_03.png,446,1
/content/dataset/synthetic/room_446/syn_04.png,446,1
/content/dataset/synthetic/room_446/syn_05.png,446,1
/content/dataset/synthetic/room_446/syn_06.png,446,1
/content/dataset/synthetic/room_446/syn_07.png,446,1
/content/dataset/synthetic/room_446/syn_08.png,446,1
/content/dataset/synthetic/room_446/syn_09.png,446,1
/content/dataset/real/room_447.jpeg,447,0
/content/dataset/synthetic/room_447/syn_00.png,447,1
/content/dataset/synthetic/room_447/syn_01.png,447,1
/content/dataset/synthetic/room_447/syn_02.png,447,1
/content/dataset/synthetic/room_447/syn_03.png,447,1
/content/dataset/synthetic/room_447/syn_04.png,447,1
/content/dataset/synthetic/room_447/syn_05.png,447,1
/content/dataset/synthetic/room_447/syn_06.png,447,1
/content/dataset/synthetic/room_447/syn_07.png,447,1
/content/dataset/synthetic/room_447/syn_08.png,447,1
/content/dataset/synthetic/room_447/syn_09.png,447,1
/content/dataset/real/room_448.jpg,448,0
/content/dataset/synthetic/room_448/syn_00.png,448,1
/content/dataset/synthetic/room_448/syn_01.png,448,1
/content/dataset/synthetic/room_448/syn_02.png,448,1
/content/dataset/synthetic/room_448/syn_03.png,448,1
/content/dataset/synthetic/room_448/syn_04.png,448,1
/content/dataset/synthetic/room_448/syn_05.png,448,1
/content/dataset/synthetic/room_448/syn_06.png,448,1
/content/dataset/synthetic/room_448/syn_07.png,448,1
/content/dataset/synthetic/room_448/syn_08.png,448,1
/content/dataset/synthetic/room_448/syn_09.png,448,1
/content/dataset/real/room_449.jpeg,449,0
/content/dataset/synthetic/room_449/syn_00.png,449,1
/content/dataset/synthetic/room_449/syn_01.png,449,1
/content/dataset/synthetic/room_449/syn_02.png,449,1
/content/dataset/synthetic/room_449/syn_03.png,449,1
/content/dataset/synthetic/room_449/syn_04.png,449,1
/content/dataset/synthetic/room_449/syn_05.png,449,1
/content/dataset/synthetic/room_449/syn_06.png,449,1
/content/dataset/synthetic/room_449/syn_07.png,449,1
/content/dataset/synthetic/room_449/syn_08.png,449,1
/content/dataset/synthetic/room_449/syn_09.png,449,1
/content/dataset/real/room_450.jpg,450,0
/content/dataset/synthetic/room_450/syn_00.png,450,1
/content/dataset/synthetic/room_450/syn_01.png,450,1
/content/dataset/synthetic/room_450/syn_02.png,450,1
/content/dataset/synthetic/room_450/syn_03.png,450,1
/content/dataset/synthetic/room_450/syn_04.png,450,1
/content/dataset/synthetic/room_450/syn_05.png,450,1
/content/dataset/synthetic/room_450/syn_06.png,450,1
/content/dataset/synthetic/room_450/syn_07.png,450,1
/content/dataset/synthetic/room_450/syn_08.png,450,1
/content/dataset/synthetic/room_450/syn_09.png,450,1
/content/dataset/real/room_451.jpeg,451,0
/content/dataset/synthetic/room_451/syn_00.png,451,1
/content/dataset/synthetic/room_451/syn_01.png,451,1
/content/dataset/synthetic/room_451/syn_02.png,451,1
/content/dataset/synthetic/room_451/syn_03.png,451,1
/content/dataset/synthetic/room_451/syn_04.png,451,1
/content/dataset/synthetic/room_451/syn_05.png,451,1
/content/dataset/synthetic/room_451/syn_06.png,451,1
/content/dataset/synthetic/room_451/syn_07.png,451,1
/content/dataset/synthetic/room_451/syn_08.png,451,1
/content/dataset/synthetic/room_451/syn_09.png,451,1
/content/dataset/real/room_452.jpg,452,0
/content/dataset/synthetic/room_452/syn_00.png,452,1
/content/dataset/synthetic/room_452/syn_01.png,452,1
/content/dataset/synthetic/room_452/syn_02.png,452,1
/content/dataset/synthetic/room_452/syn_03.png,452,1
/content/dataset/synthetic/room_452/syn_04.png,452,1
/content/dataset/synthetic/room_452/syn_05.png,452,1
/content/dataset/synthetic/room_452/syn_06.png,452,1
/content/dataset/synthetic/room_452/syn_07.png,452,1
/content/dataset/synthetic/room_452/syn_08.png,452,1
/content/dataset/synthetic/room_452/syn_09.png,452,1
/content/dataset/real/room_453.jpeg,453,0
/content/dataset/synthetic/room_453/syn_00.png,453,1
/content/dataset/synthetic/room_453/syn_01.png,453,1
/content/dataset/synthetic/room_453/syn_02.png,453,1
/content/dataset/synthetic/room_453/syn_03.png,453,1
/content/dataset/synthetic/room_453/syn_04.png,453,1
/content/dataset/synthetic/room_453/syn_05.png,453,1
/content/dataset/synthetic/room_453/syn_06.png,453,1
/content/dataset/synthetic/room_453/syn_07.png,453,1
/content/dataset/synthetic/room_453/syn_08.png,453,1
/content/dataset/synthetic/room_453/syn_09.png,453,1
/content/dataset/real/room_454.jpg,454,0
/content/dataset/synthetic/room_454/syn_00.png,454,1
/content/dataset/synthetic/room_454/syn_01.png,454,1
/content/dataset/synthetic/room_454/syn_02.png,454,1
/content/dataset/synthetic/room_454/syn_03.png,454,1
/content/dataset/synthetic/room_454/syn_04.png,454,1
/content/dataset/synthetic/room_454/syn_05.png,454,1
/content/dataset/synthetic/room_454/syn_06.png,454,1
/content/dataset/synthetic/room_454/syn_07.png,454,1
/content/dataset/synthetic/room_454/syn_08.png,454,1
/content/dataset/synthetic/room_454/syn_09.png,454,1
/content/dataset/real/room_455.jpeg,455,0
/content/dataset/synthetic/room_455/syn_00.png,455,1
/content/dataset/synthetic/room_455/syn_01.png,455,1
/content/dataset/synthetic/room_455/syn_02.png,455,1
/content/dataset/synthetic/room_455/syn_03.png,455,1
/content/dataset/synthetic/room_455/syn_04.png,455,1
/content/dataset/synthetic/room_455/syn_05.png,455,1
/content/dataset/synthetic/room_455/syn_06.png,455,1
/content/dataset/synthetic/room_455/syn_07.png,455,1
/content/dataset/synthetic/room_455/syn_08.png,455,1
/content/dataset/synthetic/room_455/syn_09.png,455,1
/content/dataset/real/room_456.jpg,456,0
/content/dataset/synthetic/room_456/syn_00.png,456,1
/content/dataset/synthetic/room_456/syn_01.png,456,1
/content/dataset/synthetic/room_456/syn_02.png,456,1
/content/dataset/synthetic/room_456/syn_03.png,456,1
/content/dataset/synthetic/room_456/syn_04.png,456,1
/content/dataset/synthetic/room_456/syn_05.png,456,1
/content/dataset/synthetic/room_456/syn_06.png,456,1
/content/dataset/synthetic/room_456/syn_07.png,456,1
/content/dataset/synthetic/room_456/syn_08.png,456,1
/content/dataset/synthetic/room_456/syn_09.png,456,1
/content/dataset/real/room_457.jpeg,457,0
/content/dataset/synthetic/room_457/syn_00.png,457,1
/content/dataset/synthetic/room_457/syn_01.png,457,1
/content/dataset/synthetic/room_457/syn_02.png,457,1
/content/dataset/synthetic/room_457/syn_03.png,457,1
/content/dataset/synthetic/room_457/syn_04.png,457,1
/content/dataset/synthetic/room_457/syn_05.png,457,1
/content/dataset/synthetic/room_457/syn_06.png,457,1
/content/dataset/synthetic/room_457/syn_07.png,457,1
/content/dataset/synthetic/room_457/syn_08.png,457,1
/content/dataset/synthetic/room_457/syn_09.png,457,1
/content/dataset/real/room_458.jpg,458,0
/content/dataset/synthetic/room_458/syn_00.png,458,1
/content/dataset/synthetic/room_458/syn_01.png,458,1
/content/dataset/synthetic/room_458/syn_02.png,458,1
/content/dataset/synthetic/room_458/syn_03.png,458,1
/content/dataset/synthetic/room_458/syn_04.png,458,1
/content/dataset/synthetic/room_458/syn_05.png,458,1
/content/dataset/synthetic/room_458/syn_06.png,458,1
/content/dataset/synthetic/room_458/syn_07.png,458,1
/content/dataset/synthetic/room_458/syn_08.png,458,1
/content/dataset/synthetic/room_458/syn_09.png,458,1
/content/dataset/real/room_459.jpeg,459,0
/content/dataset/synthetic/room_459/syn_00.png,459,1
/content/dataset/synthetic/room_459/syn_01.png,459,1
/content/dataset/synthetic/room_459/syn_02.png,459,1
/content/dataset/synthetic/room_459/syn_03.png,459,1
/content/dataset/synthetic/room_459/syn_04.png,459,1
/content/dataset/synthetic/room_459/syn_05.png,459,1
/content/dataset/synthetic/room_459/syn_06.png,459,1
/content/dataset/synthetic/room_459/syn_07.png,459,1
/content/dataset/synthetic/room_459/syn_08.png,459,1
/content/dataset/synthetic/room_459/syn_09.png,459,1
/content/dataset/real/room_460.jpg,460,0
/content/dataset/synthetic/room_460/syn_00.png,460,1
/content/dataset/synthetic/room_460/syn_01.png,460,1
/content/dataset/synthetic/room_460/syn_02.png,460,1
/content/dataset/synthetic/room_460/syn_03.png,460,1
/content/dataset/synthetic/room_460/syn_04.png,460,1
/content/dataset/synthetic/room_460/syn_05.png,460,1
/content/dataset/synthetic/room_460/syn_06.png,460,1
/content/dataset/synthetic/room_460/syn_07.png,460,1
/content/dataset/synthetic/room_460/syn_08.png,460,1
/content/dataset/synthetic/room_460/syn_09.png,460,1
/content/dataset/real/room_461.jpeg,461,0
/content/dataset/synthetic/room_461/syn_00.png,461,1
/content/dataset/synthetic/room_461/syn_01.png,461,1
/content/dataset/synthetic/room_461/syn_02.png,461,1
/content/dataset/synthetic/room_461/syn_03.png,461,1
/content/dataset/synthetic/room_461/syn_04.png,461,1
/content/dataset/synthetic/room_461/syn_05.png,461,1
/content/dataset/synthetic/room_461/syn_06.png,461,1
/content/dataset/synthetic/room_461/syn_07.png,461,1
/content/dataset/synthetic/room_461/syn_08.png,461,1
/content/dataset/synthetic/room_461/syn_09.png,461,1
/content/dataset/real/room_462.jpg,462,0
/content/dataset/synthetic/room_462/syn_00.png,462,1
/content/dataset/synthetic/room_462/syn_01.png,462,1
/content/dataset/synthetic/room_462/syn_02.png,462,1
/content/dataset/synthetic/room_462/syn_03.png,462,1
/content/dataset/synthetic/room_462/syn_04.png,462,1
/content/dataset/synthetic/room_462/syn_05.png,462,1
/content/dataset/synthetic/room_462/syn_06.png,462,1
/content/dataset/synthetic/room_462/syn_07.png,462,1
/content/dataset/synthetic/room_462/syn_08.png,462,1
/content/dataset/synthetic/room_462/syn_09.png,462,1
/content/dataset/real/room_463.jpeg,463,0
/content/dataset/synthetic/room_463/syn_00.png,463,1
/content/dataset/synthetic/room_463/syn_01.png,463,1
/content/dataset/synthetic/room_463/syn_02.png,463,1
/content/dataset/synthetic/room_463/syn_03.png,463,1
/content/dataset/synthetic/room_463/syn_04.png,463,1
/content/dataset/synthetic/room_463/syn_05.png,463,1
/content/dataset/synthetic/room_463/syn_06.png,463,1
/content/dataset/synthetic/room_463/syn_07.png,463,1
/content/dataset/synthetic/room_463/syn_08.png,463,1
/content/dataset/synthetic/room_463/syn_09.png,463,1
/content/dataset/real/room_464.jpg,464,0
/content/dataset/synthetic/room_464/syn_00.png,464,1
/content/dataset/synthetic/room_464/syn_01.png,464,1
/content/dataset/synthetic/room_464/syn_02.png,464,1
/content/dataset/synthetic/room_464/syn_03.png,464,1
/content/dataset/synthetic/room_464/syn_04.png,464,1
/content/dataset/synthetic/room_464/syn_05.png,464,1
/content/dataset/synthetic/room_464/syn_06.png,464,1
/content/dataset/synthetic/room_464/syn_07.png,464,1
/content/dataset/synthetic/room_464/syn_08.png,464,1
/content/dataset/synthetic/room_464/syn_09.png,464,1
/content/dataset/real/room_465.jpeg,465,0
/content/dataset/synthetic/room_465/syn_00.png,465,1
/content/dataset/synthetic/room_465/syn_01.png,465,1
/content/dataset/synthetic/room_465/syn_02.png,465,1
/content/dataset/synthetic/room_465/syn_03.png,465,1
/content/dataset/synthetic/room_465/syn_04.png,465,1
/content/dataset/synthetic/room_465/syn_05.png,465,1
/content/dataset/synthetic/room_465/syn_06.png,465,1
/content/dataset/synthetic/room_465/syn_07.png,465,1
/content/dataset/synthetic/room_465/syn_08.png,465,1
/content/dataset/synthetic/room_465/syn_09.png,465,1
/content/dataset/real/room_466.jpg,466,0
/content/dataset/synthetic/room_466/syn_00.png,466,1
/content/dataset/synthetic/room_466/syn_01.png,466,1
/content/dataset/synthetic/room_466/syn_02.png,466,1
/content/dataset/synthetic/room_466/syn_03.png,466,1
/content/dataset/synthetic/room_466/syn_04.png,466,1
/content/dataset/synthetic/room_466/syn_05.png,466,1
/content/dataset/synthetic/room_466/syn_06.png,466,1
/content/dataset/synthetic/room_466/syn_07.png,466,1
/content/dataset/synthetic/room_466/syn_08.png,466,1
/content/dataset/synthetic/room_466/syn_09.png,466,1
/content/dataset/real/room_467.jpeg,467,0
/content/dataset/synthetic/room_467/syn_00.png,467,1
/content/dataset/synthetic/room_467/syn_01.png,467,1
/content/dataset/synthetic/room_467/syn_02.png,467,1
/content/dataset/synthetic/room_467/syn_03.png,467,1
/content/dataset/synthetic/room_467/syn_04.png,467,1
/content/dataset/synthetic/room_467/syn_05.png,467,1
/content/dataset/synthetic/room_467/syn_06.png,467,1
/content/dataset/synthetic/room_467/syn_07.png,467,1
/content/dataset/synthetic/room_467/syn_08.png,467,1
/content/dataset/synthetic/room_467/syn_09.png,467,1
/content/dataset/real/room_468.jpg,468,0
/content/dataset/synthetic/room_468/syn_00.png,468,1
/content/dataset/synthetic/room_468/syn_01.png,468,1
/content/dataset/synthetic/room_468/syn_02.png,468,1
/content/dataset/synthetic/room_468/syn_03.png,468,1
/content/dataset/synthetic/room_468/syn_04.png,468,1
/content/dataset/synthetic/room_468/syn_05.png,468,1
/content/dataset/synthetic/room_468/syn_06.png,468,1
/content/dataset/synthetic/room_468/syn_07.png,468,1
/content/dataset/synthetic/room_468/syn_08.png,468,1
/content/dataset/synthetic/room_468/syn_09.png,468,1
/content/dataset/real/room_469.jpeg,469,0
/content/dataset/synthetic/room_469/syn_00.png,469,1
/content/dataset/synthetic/room_469/syn_01.png,469,1
/content/dataset/synthetic/room_469/syn_02.png,469,1
/content/dataset/synthetic/room_469/syn_03.png,469,1
/content/dataset/synthetic/room_469/syn_04.png,469,1
/content/dataset/synthetic/room_469/syn_05.png,469,1
/content/dataset/synthetic/room_469/syn_06.png,469,1
/content/dataset/synthetic/room_469/syn_07.png,469,1
/content/dataset/synthetic/room_469/syn_08.png,469,1
/content/dataset/synthetic/room_469/syn_09.png,469,1
/content/dataset/real/room_470.jpg,470,0
/content/dataset/synthetic/room_470/syn_00.png,470,1
/content/dataset/synthetic/room_470/syn_01.png,470,1
/content/dataset/synthetic/room_470/syn_02.png,470,1
/content/dataset/synthetic/room_470/syn_03.png,470,1
/content/dataset/synthetic/room_470/syn_04.png,470,1
/content/dataset/synthetic/room_470/syn_05.png,470,1
/content/dataset/synthetic/room_470/syn_06.png,470,1
/content/dataset/synthetic/room_470/syn_07.png,470,1
/content/dataset/synthetic/room_470/syn_08.png,470,1
/content/dataset/synthetic/room_470/syn_09.png,470,1
/content/dataset/real/room_471.jpeg,471,0
/content/dataset/synthetic/room_471/syn_00.png,471,1
/content/dataset/synthetic/room_471/syn_01.png,471,1
/content/dataset/synthetic/room_471/syn_02.png,471,1
/content/dataset/synthetic/room_471/syn_03.png,471,1
/content/dataset/synthetic/room_471/syn_04.png,471,1
/content/dataset/synthetic/room_471/syn_05.png,471,1
/content/dataset/synthetic/room_471/syn_06.png,471,1
/content/dataset/synthetic/room_471/syn_07.png,471,1
/content/dataset/synthetic/room_471/syn_08.png,471,1
/content/dataset/synthetic/room_471/syn_09.png,471,1
/content/dataset/real/room_472.jpg,472,0
/content/dataset/synthetic/room_472/syn_00.png,472,1
/content/dataset/synthetic/room_472/syn_01.png,472,1
/content/dataset/synthetic/room_472/syn_02.png,472,1
/content/dataset/synthetic/room_472/syn_03.png,472,1
/content/dataset/synthetic/room_472/syn_04.png,472,1
/content/dataset/synthetic/room_472/syn_05.png,472,1
/content/dataset/synthetic/room_472/syn_06.png,472,1
/content/dataset/synthetic/room_472/syn_07.png,472,1
/content/dataset/synthetic/room_472/syn_08.png,472,1
/content/dataset/synthetic/room_472/syn_09.png,472,1
/content/dataset/real/room_473.jpeg,473,0
/content/dataset/synthetic/room_473/syn_00.png,473,1
/content/dataset/synthetic/room_473/syn_01.png,473,1
/content/dataset/synthetic/room_473/syn_02.png,473,1
/content/dataset/synthetic/room_473/syn_03.png,473,1
/content/dataset/synthetic/room_473/syn_04.png,473,1
/content/dataset/synthetic/room_473/syn_05.png,473,1
/content/dataset/synthetic/room_473/syn_06.png,473,1
/content/dataset/synthetic/room_473/syn_07.png,473,1
/content/dataset/synthetic/room_473/syn_08.png,473,1
/content/dataset/synthetic/room_473/syn_09.png,473,1
/content/dataset/real/room_474.jpg,474,0
/content/dataset/synthetic/room_474/syn_00.png,474,1
/content/dataset/synthetic/room_474/syn_01.png,474,1
/content/dataset/synthetic/room_474/syn_02.png,474,1
/content/dataset/synthetic/room_474/syn_03.png,474,1
/content/dataset/synthetic/room_474/syn_04.png,474,1
/content/dataset/synthetic/room_474/syn_05.png,474,1
/content/dataset/synthetic/room_474/syn_06.png,474,1
/content/dataset/synthetic/room_474/syn_07.png,474,1
/content/dataset/synthetic/room_474/syn_08.png,474,1
/content/dataset/synthetic/room_474/syn_09.png,474,1
/content/dataset/real/room_475.jpeg,475,0
/content/dataset/synthetic/room_475/syn_00.png,475,1
/content/dataset/synthetic/room_475/syn_01.png,475,1
/content/dataset/synthetic/room_475/syn_02.png,475,1
/content/dataset/synthetic/room_475/syn_03.png,475,1
/content/dataset/synthetic/room_475/syn_04.png,475,1
/content/dataset/synthetic/room_475/syn_05.png,475,1
/content/dataset/synthetic/room_475/syn_06.png,475,1
/content/dataset/synthetic/room_475/syn_07.png,475,1
/content/dataset/synthetic/room_475/syn_08.png,475,1
/content/dataset/synthetic/room_475/syn_09.png,475,1
/content/dataset/real/room_476.jpg,476,0
/content/dataset/synthetic/room_476/syn_00.png,476,1
/content/dataset/synthetic/room_476/syn_01.png,476,1
/content/dataset/synthetic/room_476/syn_02.png,476,1
/content/dataset/synthetic/room_476/syn_03.png,476,1
/content/dataset/synthetic/room_476/syn_04.png,476,1
/content/dataset/synthetic/room_476/syn_05.png,476,1
/content/dataset/synthetic/room_476/syn_06.png,476,1
/content/dataset/synthetic/room_476/syn_07.png,476,1
/content/dataset/synthetic/room_476/syn_08.png,476,1
/content/dataset/synthetic/room_476/syn_09.png,476,1
/content/dataset/real/room_477.jpeg,477,0
/content/dataset/synthetic/room_477/syn_00.png,477,1
/content/dataset/synthetic/room_477/syn_01.png,477,1
/content/dataset/synthetic/room_477/syn_02.png,477,1
/content/dataset/synthetic/room_477/syn_03.png,477,1
/content/dataset/synthetic/room_477/syn_04.png,477,1
/content/dataset/synthetic/room_477/syn_05.png,477,1
/content/dataset/synthetic/room_477/syn_06.png,477,1
/content/dataset/synthetic/room_477/syn_07.png,477,1
/content/dataset/synthetic/room_477/syn_08.png,477,1
/content/dataset/synthetic/room_477/syn_09.png,477,1
/content/dataset/real/room_478.jpg,478,0
/content/dataset/synthetic/room_478/syn_00.png,478,1
/content/dataset/synthetic/room_478/syn_01.png,478,1
/content/dataset/synthetic/room_478/syn_02.png,478,1
/content/dataset/synthetic/room_478/syn_03.png,478,1
/content/dataset/synthetic/room_478/syn_04.png,478,1
/content/dataset/synthetic/room_478/syn_05.png,478,1
/content/dataset/synthetic/room_478/syn_06.png,478,1
/content/dataset/synthetic/room_478/syn_07.png,478,1
/content/dataset/synthetic/room_478/syn_08.png,478,1
/content/dataset/synthetic/room_478/syn_09.png,478,1
/content/dataset/real/room_479.jpeg,479,0
/content/dataset/synthetic/room_479/syn_00.png,479,1
/content/dataset/synthetic/room_479/syn_01.png,479,1
/content/dataset/synthetic/room_479/syn_02.png,479,1
/content/dataset/synthetic/room_479/syn_03.png,479,1
/content/dataset/synthetic/room_479/syn_04.png,479,1
/content/dataset/synthetic/room_479/syn_05.png,479,1
/content/dataset/synthetic/room_479/syn_06.png,479,1
/content/dataset/synthetic/room_479/syn_07.png,479,1
/content/dataset/synthetic/room_479/syn_08.png,479,1
/content/dataset/synthetic/room_479/syn_09.png,479,1
/content/dataset/real/room_480.jpg,480,0
/content/dataset/synthetic/room_480/syn_00.png,480,1
/content/dataset/synthetic/room_480/syn_01.png,480,1
/content/dataset/synthetic/room_480/syn_02.png,480,1
/content/dataset/synthetic/room_480/syn_03.png,480,1
/content/dataset/synthetic/room_480/syn_04.png,480,1
/content/dataset/synthetic/room_480/syn_05.png,480,1
/content/dataset/synthetic/room_480/syn_06.png,480,1
/content/dataset/synthetic/room_480/syn_07.png,480,1
/content/dataset/synthetic/room_480/syn_08.png,480,1
/content/dataset/synthetic/room_480/syn_09.png,480,1
/content/dataset/real/room_481.jpeg,481,0
/content/dataset/synthetic/room_481/syn_00.png,481,1
/content/dataset/synthetic/room_481/syn_01.png,481,1
/content/dataset/synthetic/room_481/syn_02.png,481,1
/content/dataset/synthetic/room_481/syn_03.png,481,1
/content/dataset/synthetic/room_481/syn_04.png,481,1
/content/dataset/synthetic/room_481/syn_05.png,481,1
/content/dataset/synthetic/room_481/syn_06.png,481,1
/content/dataset/synthetic/room_481/syn_07.png,481,1
/content/dataset/synthetic/room_481/syn_08.png,481,1
/content/dataset/synthetic/room_481/syn_09.png,481,1
/content/dataset/real/room_482.jpg,482,0
/content/dataset/synthetic/room_482/syn_00.png,482,1
/content/dataset/synthetic/room_482/syn_01.png,482,1
/content/dataset/synthetic/room_482/syn_02.png,482,1
/content/dataset/synthetic/room_482/syn_03.png,482,1
/content/dataset/synthetic/room_482/syn_04.png,482,1
/content/dataset/synthetic/room_482/syn_05.png,482,1
/content/dataset/synthetic/room_482/syn_06.png,482,1
/content/dataset/synthetic/room_482/syn_07.png,482,1
/content/dataset/synthetic/room_482/syn_08.png,482,1
/content/dataset/synthetic/room_482/syn_09.png,482,1
/content/dataset/real/room_483.jpeg,483,0
/content/dataset/synthetic/room_483/syn_00.png,483,1
/content/dataset/synthetic/room_483/syn_01.png,483,1
/content/dataset/synthetic/room_483/syn_02.png,483,1
/content/dataset/synthetic/room_483/syn_03.png,483,1
/content/dataset/synthetic/room_483/syn_04.png,483,1
/content/dataset/synthetic/room_483/syn_05.png,483,1
/content/dataset/synthetic/room_483/syn_06.png,483,1
/content/dataset/synthetic/room_483/syn_07.png,483,1
/content/dataset/synthetic/room_483/syn_08.png,483,1
/content/dataset/synthetic/room_483/syn_09.png,483,1
/content/dataset/real/room_484.jpg,484,0
/content/dataset/synthetic/room_484/syn_00.png,484,1
/content/dataset/synthetic/room_484/syn_01.png,484,1
/content/dataset/synthetic/room_484/syn_02.png,484,1
/content/dataset/synthetic/room_484/syn_03.png,484,1
/content/dataset/synthetic/room_484/syn_04.png,484,1
/content/dataset/synthetic/room_484/syn_05.png,484,1
/content/dataset/synthetic/room_484/syn_06.png,484,1
/content/dataset/synthetic/room_484/syn_07.png,484,1
/content/dataset/synthetic/room_484/syn_08.png,484,1
/content/dataset/synthetic/room_484/syn_09.png,484,1
/content/dataset/real/room_485.jpeg,485,0
/content/dataset/synthetic/room_485/syn_00.png,485,1
/content/dataset/synthetic/room_485/syn_01.png,485,1
/content/dataset/synthetic/room_485/syn_02.png,485,1
/content/dataset/synthetic/room_485/syn_03.png,485,1
/content/dataset/synthetic/room_485/syn_04.png,485,1
/content/dataset/synthetic/room_485/syn_05.png,485,1
/content/dataset/synthetic/room_485/syn_06.png,485,1
/content/dataset/synthetic/room_485/syn_07.png,485,1
/content/dataset/synthetic/room_485/syn_08.png,485,1
/content/dataset/synthetic/room_485/syn_09.png,485,1
/content/dataset/real/room_486.jpg,486,0
/content/dataset/synthetic/room_486/syn_00.png,486,1
/content/dataset/synthetic/room_486/syn_01.png,486,1
/content/dataset/synthetic/room_486/syn_02.png,486,1
/content/dataset/synthetic/room_486/syn_03.png,486,1
/content/dataset/synthetic/room_486/syn_04.png,486,1
/content/dataset/synthetic/room_486/syn_05.png,486,1
/content/dataset/synthetic/room_486/syn_06.png,486,1
/content/dataset/synthetic/room_486/syn_07.png,486,1
/content/dataset/synthetic/room_486/syn_08.png,486,1
/content/dataset/synthetic/room_486/syn_09.png,486,1
/content/dataset/real/room_487.jpeg,487,0
/content/dataset/synthetic/room_487/syn_00.png,487,1
/content/dataset/synthetic/room_487/syn_01.png,487,1
/content/dataset/synthetic/room_487/syn_02.png,487,1
/content/dataset/synthetic/room_487/syn_03.png,487,1
/content/dataset/synthetic/room_487/syn_04.png,487,1
/content/dataset/synthetic/room_487/syn_05.png,487,1
/content/dataset/synthetic/room_487/syn_06.png,487,1
/content/dataset/synthetic/room_487/syn_07.png,487,1
/content/dataset/synthetic/room_487/syn_08.png,487,1
/content/dataset/synthetic/room_487/syn_09.png,487,1
/content/dataset/real/room_488.jpg,488,0
/content/dataset/synthetic/room_488/syn_00.png,488,1
/content/dataset/synthetic/room_488/syn_01.png,488,1
/content/dataset/synthetic/room_488/syn_02.png,488,1
/content/dataset/synthetic/room_488/syn_03.png,488,1
/content/dataset/synthetic/room_488/syn_04.png,488,1
/content/dataset/synthetic/room_488/syn_05.png,488,1
/content/dataset/synthetic/room_488/syn_06.png,488,1
/content/dataset/synthetic/room_488/syn_07.png,488,1
/content/dataset/synthetic/room_488/syn_08.png,488,1
/content/dataset/synthetic/room_488/syn_09.png,488,1
/content/dataset/real/room_489.jpeg,489,0
/content/dataset/synthetic/room_489/syn_00.png,489,1
/content/dataset/synthetic/room_489/syn_01.png,489,1
/content/dataset/synthetic/room_489/syn_02.png,489,1
/content/dataset/synthetic/room_489/syn_03.png,489,1
/content/dataset/synthetic/room_489/syn_04.png,489,1
/content/dataset/synthetic/room_489/syn_05.png,489,1
/content/dataset/synthetic/room_489/syn_06.png,489,1
/content/dataset/synthetic/room_489/syn_07.png,489,1
/content/dataset/synthetic/room_489/syn_08.png,489,1
/content/dataset/synthetic/room_489/syn_09.png,489,1
/content/dataset/real/room_490.jpg,490,0
/content/dataset/synthetic/room_490/syn_00.png,490,1
/content/dataset/synthetic/room_490/syn_01.png,490,1
/content/dataset/synthetic/room_490/syn_02.png,490,1
/content/dataset/synthetic/room_490/syn_03.png,490,1
/content/dataset/synthetic/room_490/syn_04.png,490,1
/content/dataset/synthetic/room_490/syn_05.png,490,1
/content/dataset/synthetic/room_490/syn_06.png,490,1
/content/dataset/synthetic/room_490/syn_07.png,490,1
/content/dataset/synthetic/room_490/syn_08.png,490,1
/content/dataset/synthetic/room_490/syn_09.png,490,1
/content/dataset/real/room_491.jpeg,491,0
/content/dataset/synthetic/room_491/syn_00.png,491,1
/content/dataset/synthetic/room_491/syn_01.png,491,1
/content/dataset/synthetic/room_491/syn_02.png,491,1
/content/dataset/synthetic/room_491/syn_03.png,491,1
/content/dataset/synthetic/room_491/syn_04.png,491,1
/content/dataset/synthetic/room_491/syn_05.png,491,1
/content/dataset/synthetic/room_491/syn_06.png,491,1
/content/dataset/synthetic/room_491/syn_07.png,491,1
/content/dataset/synthetic/room_491/syn_08.png,491,1
/content/dataset/synthetic/room_491/syn_09.png,491,1
/content/dataset/real/room_492.jpg,492,0
/content/dataset/synthetic/room_492/syn_00.png,492,1
/content/dataset/synthetic/room_492/syn_01.png,492,1
/content/dataset/synthetic/room_492/syn_02.png,492,1
/content/dataset/synthetic/room_492/syn_03.png,492,1
/content/dataset/synthetic/room_492/syn_04.png,492,1
/content/dataset/synthetic/room_492/syn_05.png,492,1
/content/dataset/synthetic/room_492/syn_06.png,492,1
/content/dataset/synthetic/room_492/syn_07.png,492,1
/content/dataset/synthetic/room_492/syn_08.png,492,1
/content/dataset/synthetic/room_492/syn_09.png,492,1
/content/dataset/real/room_493.jpeg,493,0
/content/dataset/synthetic/room_493/syn_00.png,493,1
/content/dataset/synthetic/room_493/syn_01.png,493,1
/content/dataset/synthetic/room_493/syn_02.png,493,1
/content/dataset/synthetic/room_493/syn_03.png,493,1
/content/dataset/synthetic/room_493/syn_04.png,493,1
/content/dataset/synthetic/room_493/syn_05.png,493,1
/content/dataset/synthetic/room_493/syn_06.png,493,1
/content/dataset/synthetic/room_493/syn_07.png,493,1
/content/dataset/synthetic/room_493/syn_08.png,493,1
/content/dataset/synthetic/room_493/syn_09.png,493,1
/content/dataset/real/room_494.jpg,494,0
/content/dataset/synthetic/room_494/syn_00.png,494,1
/content/dataset/synthetic/room_494/syn_01.png,494,1
/content/dataset/synthetic/room_494/syn_02.png,494,1
/content/dataset/synthetic/room_494/syn_03.png,494,1
/content/dataset/synthetic/room_494/syn_04.png,494,1
/content/dataset/synthetic/room_494/syn_05.png,494,1
/content/dataset/synthetic/room_494/syn_06.png,494,1
/content/dataset/synthetic/room_494/syn_07.png,494,1
/content/dataset/synthetic/room_494/syn_08.png,494,1
/content/dataset/synthetic/room_494/syn_09.png,494,1
/content/dataset/real/room_495.jpeg,495,0
/content/dataset/synthetic/room_495/syn_00.png,495,1
/content/dataset/synthetic/room_495/syn_01.png,495,1
/content/dataset/synthetic/room_495/syn_02.png,495,1
/content/dataset/synthetic/room_495/syn_03.png,495,1
/content/dataset/synthetic/room_495/syn_04.png,495,1
/content/dataset/synthetic/room_495/syn_05.png,495,1
/content/dataset/synthetic/room_495/syn_06.png,495,1
/content/dataset/synthetic/room_495/syn_07.png,495,1
/content/dataset/synthetic/room_495/syn_08.png,495,1
/content/dataset/synthetic/room_495/syn_09.png,495,1
/content/dataset/real/room_496.jpg,496,0
/content/dataset/synthetic/room_496/syn_00.png,496,1
/content/dataset/synthetic/room_496/syn_01.png,496,1
/content/dataset/synthetic/room_496/syn_02.png,496,1
/content/dataset/synthetic/room_496/syn_03.png,496,1
/content/dataset/synthetic/room_496/syn_04.png,496,1
/content/dataset/synthetic/room_496/syn_05.png,496,1
/content/dataset/synthetic/room_496/syn_06.png,496,1
/content/dataset/synthetic/room_496/syn_07.png,496,1
/content/dataset/synthetic/room_496/syn_08.png,496,1
/content/dataset/synthetic/room_496/syn_09.png,496,1
/content/dataset/real/room_497.jpeg,497,0
/content/dataset/synthetic/room_497/syn_00.png,497,1
/content/dataset/synthetic/room_497/syn_01.png,497,1
/content/dataset/synthetic/room_497/syn_02.png,497,1
/content/dataset/synthetic/room_497/syn_03.png,497,1
/content/dataset/synthetic/room_497/syn_04.png,497,1
/content/dataset/synthetic/room_497/syn_05.png,497,1
/content/dataset/synthetic/room_497/syn_06.png,497,1
/content/dataset/synthetic/room_497/syn_07.png,497,1
/content/dataset/synthetic/room_497/syn_08.png,497,1
/content/dataset/synthetic/room_497/syn_09.png,497,1
/content/dataset/real/room_498.jpg,498,0
/content/dataset/synthetic/room_498/syn_00.png,498,1
/content/dataset/synthetic/room_498/syn_01.png,498,1
/content/dataset/synthetic/room_498/syn_02.png,498,1
/content/dataset/synthetic/room_498/syn_03.png,498,1
/content/dataset/synthetic/room_498/syn_04.png,498,1
/content/dataset/synthetic/room_498/syn_05.png,498,1
/content/dataset/synthetic/room_498/syn_06.png,498,1
/content/dataset/synthetic/room_498/syn_07.png,498,1
/content/dataset/synthetic/room_498/syn_08.png,498,1
/content/dataset/synthetic/room_498/syn_09.png,498,1
/content/dataset/real/room_499.jpeg,499,0
/content/dataset/synthetic/room_499/syn_00.png,499,1
/content/dataset/synthetic/room_499/syn_01.png,499,1
/content/dataset/synthetic/room_499/syn_02.png,499,1
/content/dataset/synthetic/room_499/syn_03.png,499,1
/content/dataset/synthetic/room_499/syn_04.png,499,1
/content/dataset/synthetic/room_499/syn_05.png,499,1
/content/dataset/synthetic/room_499/syn_06.png,499,1
/content/dataset/synthetic/room_499/syn_07.png,499,1
/content/dataset/synthetic/room_499/syn_08.png,499,1
/content/dataset/synthetic/room_499/syn_09.png,499,1
/content/dataset/real/room_500.jpg,500,0
/content/dataset/synthetic/room_500/syn_00.png,500,1
/content/dataset/synthetic/room_500/syn_01.png,500,1
/content/dataset/synthetic/room_500/syn_02.png,500,1
/content/dataset/synthetic/room_500/syn_03.png,500,1
/content/dataset/synthetic/room_500/syn_04.png,500,1
/content/dataset/synthetic/room_500/syn_05.png,500,1
/content/dataset/synthetic/room_500/syn_06.png,500,1
/content/dataset/synthetic/room_500/syn_07.png,500,1
/content/dataset/synthetic/room_500/syn_08.png,500,1
/content/dataset/synthetic/room_500/syn_09.png,500,1
/content/dataset/real/room_501.jpeg,501,0
/content/dataset/synthetic/room_501/syn_00.png,501,1
/content/dataset/synthetic/room_501/syn_01.png,501,1
/content/dataset/synthetic/room_501/syn_02.png,501,1
/content/dataset/synthetic/room_501/syn_03.png,501,1
/content/dataset/synthetic/room_501/syn_04.png,501,1
/content/dataset/synthetic/room_501/syn_05.png,501,1
/content/dataset/synthetic/room_501/syn_06.png,501,1
/content/dataset/synthetic/room_501/syn_07.png,501,1
/content/dataset/synthetic/room_501/syn_08.png,501,1
/content/dataset/synthetic/room_501/syn_09.png,501,1
/content/dataset/real/room_502.jpg,502,0
/content/dataset/synthetic/room_502/syn_00.png,502,1
/content/dataset/synthetic/room_502/syn_01.png,502,1
/content/dataset/synthetic/room_502/syn_02.png,502,1
/content/dataset/synthetic/room_502/syn_03.png,502,1
/content/dataset/synthetic/room_502/syn_04.png,502,1
/content/dataset/synthetic/room_502/syn_05.png,502,1
/content/dataset/synthetic/room_502/syn_06.png,502,1
/content/dataset/synthetic/room_502/syn_07.png,502,1
/content/dataset/synthetic/room_502/syn_08.png,502,1
/content/dataset/synthetic/room_502/syn_09.png,502,1
/content/dataset/real/room_503.jpeg,503,0
/content/dataset/synthetic/room_503/syn_00.png,503,1
/content/dataset/synthetic/room_503/syn_01.png,503,1
/content/dataset/synthetic/room_503/syn_02.png,503,1
/content/dataset/synthetic/room_503/syn_03.png,503,1
/content/dataset/synthetic/room_503/syn_04.png,503,1
/content/dataset/synthetic/room_503/syn_05.png,503,1
/content/dataset/synthetic/room_503/syn_06.png,503,1
/content/dataset/synthetic/room_503/syn_07.png,503,1
/content/dataset/synthetic/room_503/syn_08.png,503,1
/content/dataset/synthetic/room_503/syn_09.png,503,1
/content/dataset/real/room_504.jpg,504,0
/content/dataset/synthetic/room_504/syn_00.png,504,1
/content/dataset/synthetic/room_504/syn_01.png,504,1
/content/dataset/synthetic/room_504/syn_02.png,504,1
/content/dataset/synthetic/room_504/syn_03.png,504,1
/content/dataset/synthetic/room_504/syn_04.png,504,1
/content/dataset/synthetic/room_504/syn_05.png,504,1
/content/dataset/synthetic/room_504/syn_06.png,504,1
/content/dataset/synthetic/room_504/syn_07.png,504,1
/content/dataset/synthetic/room_504/syn_08.png,504,1
/content/dataset/synthetic/room_504/syn_09.png,504,1
/content/dataset/real/room_505.jpeg,505,0
/content/dataset/synthetic/room_505/syn_00.png,505,1
/content/dataset/synthetic/room_505/syn_01.png,505,1
/content/dataset/synthetic/room_505/syn_02.png,505,1
/content/dataset/synthetic/room_505/syn_03.png,505,1
/content/dataset/synthetic/room_505/syn_04.png,505,1
/content/dataset/synthetic/room_505/syn_05.png,505,1
/content/dataset/synthetic/room_505/syn_06.png,505,1
/content/dataset/synthetic/room_505/syn_07.png,505,1
/content/dataset/synthetic/room_505/syn_08.png,505,1
/content/dataset/synthetic/room_505/syn_09.png,505,1
/content/dataset/real/room_506.jpg,506,0
/content/dataset/synthetic/room_506/syn_00.png,506,1
/content/dataset/synthetic/room_506/syn_01.png,506,1
/content/dataset/synthetic/room_506/syn_02.png,506,1
/content/dataset/synthetic/room_506/syn_03.png,506,1
/content/dataset/synthetic/room_506/syn_04.png,506,1
/content/dataset/synthetic/room_506/syn_05.png,506,1
/content/dataset/synthetic/room_506/syn_06.png,506,1
/content/dataset/synthetic/room_506/syn_07.png,506,1
/content/dataset/synthetic/room_506/syn_08.png,506,1
/content/dataset/synthetic/room_506/syn_09.png,506,1
/content/dataset/real/room_507.jpeg,507,0
/content/dataset/synthetic/room_507/syn_00.png,507,1
/content/dataset/synthetic/room_507/syn_01.png,507,1
/content/dataset/synthetic/room_507/syn_02.png,507,1
/content/dataset/synthetic/room_507/syn_03.png,507,1
/content/dataset/synthetic/room_507/syn_04.png,507,1
/content/dataset/synthetic/room_507/syn_05.png,507,1
/content/dataset/synthetic/room_507/syn_06.png,507,1
/content/dataset/synthetic/room_507/syn_07.png,507,1
/content/dataset/synthetic/room_507/syn_08.png,507,1
/content/dataset/synthetic/room_507/syn_09.png,507,1
/content/dataset/real/room_508.jpg,508,0
/content/dataset/synthetic/room_508/syn_00.png,508,1
/content/dataset/synthetic/room_508/syn_01.png,508,1
/content/dataset/synthetic/room_508/syn_02.png,508,1
/content/dataset/synthetic/room_508/syn_03.png,508,1
/content/dataset/synthetic/room_508/syn_04.png,508,1
/content/dataset/synthetic/room_508/syn_05.png,508,1
/content/dataset/synthetic/room_508/syn_06.png,508,1
/content/dataset/synthetic/room_508/syn_07.png,508,1
/content/dataset/synthetic/room_508/syn_08.png,508,1
/content/dataset/synthetic/room_508/syn_09.png,508,1
/content/dataset/real/room_509.jpeg,509,0
/content/dataset/synthetic/room_509/syn_00.png,509,1
/content/dataset/synthetic/room_509/syn_01.png,509,1
/content/dataset/synthetic/room_509/syn_02.png,509,1
/content/dataset/synthetic/room_509/syn_03.png,509,1
/content/dataset/synthetic/room_509/syn_04.png,509,1
/content/dataset/synthetic/room_509/syn_05.png,509,1
/content/dataset/synthetic/room_509/syn_06.png,509,1
/content/dataset/synthetic/room_509/syn_07.png,509,1
/content/dataset/synthetic/room_509/syn_08.png,509,1
/content/dataset/synthetic/room_509/syn_09.png,509,1
/content/dataset/real/room_510.jpg,510,0
/content/dataset/synthetic/room_510/syn_00.png,510,1
/content/dataset/synthetic/room_510/syn_01.png,510,1
/content/dataset/synthetic/room_510/syn_02.png,510,1
/content/dataset/synthetic/room_510/syn_03.png,510,1
/content/dataset/synthetic/room_510/syn_04.png,510,1
/content/dataset/synthetic/room_510/syn_05.png,510,1
/content/dataset/synthetic/room_510/syn_06.png,510,1
/content/dataset/synthetic/room_510/syn_07.png,510,1
/content/dataset/synthetic/room_510/syn_08.png,510,1
/content/dataset/synthetic/room_510/syn_09.png,510,1
/content/dataset/real/room_511.jpeg,511,0
/content/dataset/synthetic/room_511/syn_00.png,511,1
/content/dataset/synthetic/room_511/syn_01.png,511,1
/content/dataset/synthetic/room_511/syn_02.png,511,1
/content/dataset/synthetic/room_511/syn_03.png,511,1
/content/dataset/synthetic/room_511/syn_04.png,511,1
/content/dataset/synthetic/room_511/syn_05.png,511,1
/content/dataset/synthetic/room_511/syn_06.png,511,1
/content/dataset/synthetic/room_511/syn_07.png,511,1
/content/dataset/synthetic/room_511/syn_08.png,511,1
/content/dataset/synthetic/room_511/syn_09.png,511,1
/content/dataset/real/room_512.jpg,512,0
/content/dataset/synthetic/room_512/syn_00.png,512,1
/content/dataset/synthetic/room_512/syn_01.png,512,1
/content/dataset/synthetic/room_512/syn_02.png,512,1
/content/dataset/synthetic/room_512/syn_03.png,512,1
/content/dataset/synthetic/room_512/syn_04.png,512,1
/content/dataset/synthetic/room_512/syn_05.png,512,1
/content/dataset/synthetic/room_512/syn_06.png,512,1
/content/dataset/synthetic/room_512/syn_07.png,512,1
/content/dataset/synthetic/room_512/syn_08.png,512,1
/content/dataset/synthetic/room_512/syn_09.png,512,1
/content/dataset/real/room_513.jpeg,513,0
/content/dataset/synthetic/room_513/syn_00.png,513,1
/content/dataset/synthetic/room_513/syn_01.png,513,1
/content/dataset/synthetic/room_513/syn_02.png,513,1
/content/dataset/synthetic/room_513/syn_03.png,513,1
/content/dataset/synthetic/room_513/syn_04.png,513,1
/content/dataset/synthetic/room_513/syn_05.png,513,1
/content/dataset/synthetic/room_513/syn_06.png,513,1
/content/dataset/synthetic/room_513/syn_07.png,513,1
/content/dataset/synthetic/room_513/syn_08.png,513,1
/content/dataset/synthetic/room_513/syn_09.png,513,1
/content/dataset/real/room_514.jpg,514,0
/content/dataset/synthetic/room_514/syn_00.png,514,1
/content/dataset/synthetic/room_514/syn_01.png,514,1
/content/dataset/synthetic/room_514/syn_02.png,514,1
/content/dataset/synthetic/room_514/syn_03.png,514,1
/content/dataset/synthetic/room_514/syn_04.png,514,1
/content/dataset/synthetic/room_514/syn_05.png,514,1
/content/dataset/synthetic/room_514/syn_06.png,514,1
/content/dataset/synthetic/room_514/syn_07.png,514,1
/content/dataset/synthetic/room_514/syn_08.png,514,1
/content/dataset/synthetic/room_514/syn_09.png,514,1
/content/dataset/real/room_515.jpeg,515,0
/content/dataset/synthetic/room_515/syn_00.png,515,1
/content/dataset/synthetic/room_515/syn_01.png,515,1
/content/dataset/synthetic/room_515/syn_02.png,515,1
/content/dataset/synthetic/room_515/syn_03.png,515,1
/content/dataset/synthetic/room_515/syn_04.png,515,1
/content/dataset/synthetic/room_515/syn_05.png,515,1
/content/dataset/synthetic/room_515/syn_06.png,515,1
/content/dataset/synthetic/room_515/syn_07.png,515,1
/content/dataset/synthetic/room_515/syn_08.png,515,1
/content/dataset/synthetic/room_515/syn_09.png,515,1
/content/dataset/real/room_516.jpg,516,0
/content/dataset/synthetic/room_516/syn_00.png,516,1
/content/dataset/synthetic/room_516/syn_01.png,516,1
/content/dataset/synthetic/room_516/syn_02.png,516,1
/content/dataset/synthetic/room_516/syn_03.png,516,1
/content/dataset/synthetic/room_516/syn_04.png,516,1
/content/dataset/synthetic/room_516/syn_05.png,516,1
/content/dataset/synthetic/room_516/syn_06.png,516,1
/content/dataset/synthetic/room_516/syn_07.png,516,1
/content/dataset/synthetic/room_516/syn_08.png,516,1
/content/dataset/synthetic/room_516/syn_09.png,516,1
/content/dataset/real/room_517.jpeg,517,0
/content/dataset/synthetic/room_517/syn_00.png,517,1
/content/dataset/synthetic/room_517/syn_01.png,517,1
/content/dataset/synthetic/room_517/syn_02.png,517,1
/content/dataset/synthetic/room_517/syn_03.png,517,1
/content/dataset/synthetic/room_517/syn_04.png,517,1
/content/dataset/synthetic/room_517/syn_05.png,517,1
/content/dataset/synthetic/room_517/syn_06.png,517,1
/content/dataset/synthetic/room_517/syn_07.png,517,1
/content/dataset/synthetic/room_517/syn_08.png,517,1
/content/dataset/synthetic/room_517/syn_09.png,517,1
/content/dataset/real/room_518.jpg,518,0
/content/dataset/synthetic/room_518/syn_00.png,518,1
/content/dataset/synthetic/room_518/syn_01.png,518,1
/content/dataset/synthetic/room_518/syn_02.png,518,1
/content/dataset/synthetic/room_518/syn_03.png,518,1
/content/dataset/synthetic/room_518/syn_04.png,518,1
/content/dataset/synthetic/room_518/syn_05.png,518,1
/content/dataset/synthetic/room_518/syn_06.png,518,1
/content/dataset/synthetic/room_518/syn_07.png,518,1
/content/dataset/synthetic/room_518/syn_08.png,518,1
/content/dataset/synthetic/room_518/syn_09.png,518,1
/content/dataset/real/room_519.jpeg,519,0
/content/dataset/synthetic/room_519/syn_00.png,519,1
/content/dataset/synthetic/room_519/syn_01.png,519,1
/content/dataset/synthetic/room_519/syn_02.png,519,1
/content/dataset/synthetic/room_519/syn_03.png,519,1
/content/dataset/synthetic/room_519/syn_04.png,519,1
/content/dataset/synthetic/room_519/syn_05.png,519,1
/content/dataset/synthetic/room_519/syn_06.png,519,1
/content/dataset/synthetic/room_519/syn_07.png,519,1
/content/dataset/synthetic/room_519/syn_08.png,519,1
/content/dataset/synthetic/room_519/syn_09.png,519,1
/content/dataset/real/room_520.jpg,520,0
/content/dataset/synthetic/room_520/syn_00.png,520,1
/content/dataset/synthetic/room_520/syn_01.png,520,1
/content/dataset/synthetic/room_520/syn_02.png,520,1
/content/dataset/synthetic/room_520/syn_03.png,520,1
/content/dataset/synthetic/room_520/syn_04.png,520,1
/content/dataset/synthetic/room_520/syn_05.png,520,1
/content/dataset/synthetic/room_520/syn_06.png,520,1
/content/dataset/synthetic/room_520/syn_07.png,520,1
/content/dataset/synthetic/room_520/syn_08.png,520,1
/content/dataset/synthetic/room_520/syn_09.png,520,1
/content/dataset/real/room_521.jpeg,521,0
/content/dataset/synthetic/room_521/syn_00.png,521,1
/content/dataset/synthetic/room_521/syn_01.png,521,1
/content/dataset/synthetic/room_521/syn_02.png,521,1
/content/dataset/synthetic/room_521/syn_03.png,521,1
/content/dataset/synthetic/room_521/syn_04.png,521,1
/content/dataset/synthetic/room_521/syn_05.png,521,1
/content/dataset/synthetic/room_521/syn_06.png,521,1
/content/dataset/synthetic/room_521/syn_07.png,521,1
/content/dataset/synthetic/room_521/syn_08.png,521,1
/content/dataset/synthetic/room_521/syn_09.png,521,1
/content/dataset/real/room_522.jpg,522,0
/content/dataset/synthetic/room_522/syn_00.png,522,1
/content/dataset/synthetic/room_522/syn_01.png,522,1
/content/dataset/synthetic/room_522/syn_02.png,522,1
/content/dataset/synthetic/room_522/syn_03.png,522,1
/content/dataset/synthetic/room_522/syn_04.png,522,1
/content/dataset/synthetic/room_522/syn_05.png,522,1
/content/dataset/synthetic/room_522/syn_06.png,522,1
/content/dataset/synthetic/room_522/syn_07.png,522,1
/content/dataset/synthetic/room_522/syn_08.png,522,1
/content/dataset/synthetic/room_522/syn_09.png,522,1
/content/dataset/real/room_523.jpeg,523,0
/content/dataset/synthetic/room_523/syn_00.png,523,1
/content/dataset/synthetic/room_523/syn_01.png,523,1
/content/dataset/synthetic/room_523/syn_02.png,523,1
/content/dataset/synthetic/room_523/syn_03.png,523,1
/content/dataset/synthetic/room_523/syn_04.png,523,1
/content/dataset/synthetic/room_523/syn_05.png,523,1
/content/dataset/synthetic/room_523/syn_06.png,523,1
/content/dataset/synthetic/room_523/syn_07.png,523,1
/content/dataset/synthetic/room_523/syn_08.png,523,1
/content/dataset/synthetic/room_523/syn_09.png,523,1
/content/dataset/real/room_524.jpg,524,0
/content/dataset/synthetic/room_524/syn_00.png,524,1
/content/dataset/synthetic/room_524/syn_01.png,524,1
/content/dataset/synthetic/room_524/syn_02.png,524,1
/content/dataset/synthetic/room_524/syn_03.png,524,1
/content/dataset/synthetic/room_524/syn_04.png,524,1
/content/dataset/synthetic/room_524/syn_05.png,524,1
/content/dataset/synthetic/room_524/syn_06.png,524,1
/content/dataset/synthetic/room_524/syn_07.png,524,1
/content/dataset/synthetic/room_524/syn_08.png,524,1
/content/dataset/synthetic/room_524/syn_09.png,524,1
/content/dataset/real/room_525.jpeg,525,0
/content/dataset/synthetic/room_525/syn_00.png,525,1
/content/dataset/synthetic/room_525/syn_01.png,525,1
/content/dataset/synthetic/room_525/syn_02.png,525,1
/content/dataset/synthetic/room_525/syn_03.png,525,1
/content/dataset/synthetic/room_525/syn_04.png,525,1
/content/dataset/synthetic/room_525/syn_05.png,525,1
/content/dataset/synthetic/room_525/syn_06.png,525,1
/content/dataset/synthetic/room_525/syn_07.png,525,1
/content/dataset/synthetic/room_525/syn_08.png,525,1
/content/dataset/synthetic/room_525/syn_09.png,525,1
/content/dataset/real/room_526.jpg,526,0
/content/dataset/synthetic/room_526/syn_00.png,526,1
/content/dataset/synthetic/room_526/syn_01.png,526,1
/content/dataset/synthetic/room_526/syn_02.png,526,1
/content/dataset/synthetic/room_526/syn_03.png,526,1
/content/dataset/synthetic/room_526/syn_04.png,526,1
/content/dataset/synthetic/room_526/syn_05.png,526,1
/content/dataset/synthetic/room_526/syn_06.png,526,1
/content/dataset/synthetic/room_526/syn_07.png,526,1
/content/dataset/synthetic/room_526/syn_08.png,526,1
/content/dataset/synthetic/room_526/syn_09.png,526,1
/content/dataset/real/room_527.jpeg,527,0
/content/dataset/synthetic/room_527/syn_00.png,527,1
/content/dataset/synthetic/room_527/syn_01.png,527,1
/content/dataset/synthetic/room_527/syn_02.png,527,1
/content/dataset/synthetic/room_527/syn_03.png,527,1
/content/dataset/synthetic/room_527/syn_04.png,527,1
/content/dataset/synthetic/room_527/syn_05.png,527,1
/content/dataset/synthetic/room_527/syn_06.png,527,1
/content/dataset/synthetic/room_527/syn_07.png,527,1
/content/dataset/synthetic/room_527/syn_08.png,527,1
/content/dataset/synthetic/room_527/syn_09.png,527,1
/content/dataset/real/room_528.jpg,528,0
/content/dataset/synthetic/room_528/syn_00.png,528,1
/content/dataset/synthetic/room_528/syn_01.png,528,1
/content/dataset/synthetic/room_528/syn_02.png,528,1
/content/dataset/synthetic/room_528/syn_03.png,528,1
/content/dataset/synthetic/room_528/syn_04.png,528,1
/content/dataset/synthetic/room_528/syn_05.png,528,1
/content/dataset/synthetic/room_528/syn_06.png,528,1
/content/dataset/synthetic/room_528/syn_07.png,528,1
/content/dataset/synthetic/room_528/syn_08.png,528,1
/content/dataset/synthetic/room_528/syn_09.png,528,1
/content/dataset/real/room_529.jpeg,529,0
/content/dataset/synthetic/room_529/syn_00.png,529,1
/content/dataset/synthetic/room_529/syn_01.png,529,1
/content/dataset/synthetic/room_529/syn_02.png,529,1
/content/dataset/synthetic/room_529/syn_03.png,529,1
/content/dataset/synthetic/room_529/syn_04.png,529,1
/content/dataset/synthetic/room_529/syn_05.png,529,1
/content/dataset/synthetic/room_529/syn_06.png,529,1
/content/dataset/synthetic/room_529/syn_07.png,529,1
/content/dataset/synthetic/room_529/syn_08.png,529,1
/content/dataset/synthetic/room_529/syn_09.png,529,1
/content/dataset/real/room_530.jpg,530,0
/content/dataset/synthetic/room_530/syn_00.png,530,1
/content/dataset/synthetic/room_530/syn_01.png,530,1
/content/dataset/synthetic/room_530/syn_02.png,530,1
/content/dataset/synthetic/room_530/syn_03.png,530,1
/content/dataset/synthetic/room_530/syn_04.png,530,1
/content/dataset/synthetic/room_530/syn_05.png,530,1
/content/dataset/synthetic/room_530/syn_06.png,530,1
/content/dataset/synthetic/room_530/syn_07.png,530,1
/content/dataset/synthetic/room_530/syn_08.png,530,1
/content/dataset/synthetic/room_530/syn_09.png,530,1
/content/dataset/real/room_531.jpeg,531,0
/content/dataset/synthetic/room_531/syn_00.png,531,1
/content/dataset/synthetic/room_531/syn_01.png,531,1
/content/dataset/synthetic/room_531/syn_02.png,531,1
/content/dataset/synthetic/room_531/syn_03.png,531,1
/content/dataset/synthetic/room_531/syn_04.png,531,1
/content/dataset/synthetic/room_531/syn_05.png,531,1
/content/dataset/synthetic/room_531/syn_06.png,531,1
/content/dataset/synthetic/room_531/syn_07.png,531,1
/content/dataset/synthetic/room_531/syn_08.png,531,1
/content/dataset/synthetic/room_531/syn_09.png,531,1
/content/dataset/real/room_532.jpg,532,0
/content/dataset/synthetic/room_532/syn_00.png,532,1
/content/dataset/synthetic/room_532/syn_01.png,532,1
/content/dataset/synthetic/room_532/syn_02.png,532,1
/content/dataset/synthetic/room_532/syn_03.png,532,1
/content/dataset/synthetic/room_532/syn_04.png,532,1
/content/dataset/synthetic/room_532/syn_05.png,532,1
/content/dataset/synthetic/room_532/syn_06.png,532,1
/content/dataset/synthetic/room_532/syn_07.png,532,1
/content/dataset/synthetic/room_532/syn_08.png,532,1
/content/dataset/synthetic/room_532/syn_09.png,532,1
/content/dataset/real/room_533.jpeg,533,0
/content/dataset/synthetic/room_533/syn_00.png,533,1
/content/dataset/synthetic/room_533/syn_01.png,533,1
/content/dataset/synthetic/room_533/syn_02.png,533,1
/content/dataset/synthetic/room_533/syn_03.png,533,1
/content/dataset/synthetic/room_533/syn_04.png,533,1
/content/dataset/synthetic/room_533/syn_05.png,533,1
/content/dataset/synthetic/room_533/syn_06.png,533,1
/content/dataset/synthetic/room_533/syn_07.png,533,1
/content/dataset/synthetic/room_533/syn_08.png,533,1
/content/dataset/synthetic/room_533/syn_09.png,533,1
/content/dataset/real/room_534.jpg,534,0
/content/dataset/synthetic/room_534/syn_00.png,534,1
/content/dataset/synthetic/room_534/syn_01.png,534,1
/content/dataset/synthetic/room_534/syn_02.png,534,1
/content/dataset/synthetic/room_534/syn_03.png,534,1
/content/dataset/synthetic/room_534/syn_04.png,534,1
/content/dataset/synthetic/room_534/syn_05.png,534,1
/content/dataset/synthetic/room_534/syn_06.png,534,1
/content/dataset/synthetic/room_534/syn_07.png,534,1
/content/dataset/synthetic/room_534/syn_08.png,534,1
/content/dataset/synthetic/room_534/syn_09.png,534,1
/content/dataset/real/room_535.jpeg,535,0
/content/dataset/synthetic/room_535/syn_00.png,535,1
/content/dataset/synthetic/room_535/syn_01.png,535,1
/content/dataset/synthetic/room_535/syn_02.png,535,1
/content/dataset/synthetic/room_535/syn_03.png,535,1
/content/dataset/synthetic/room_535/syn_04.png,535,1
/content/dataset/synthetic/room_535/syn_05.png,535,1
/content/dataset/synthetic/room_535/syn_06.png,535,1
/content/dataset/synthetic/room_535/syn_07.png,535,1
/content/dataset/synthetic/room_535/syn_08.png,535,1
/content/dataset/synthetic/room_535/syn_09.png,535,1
/content/dataset/real/room_536.jpg,536,0
/content/dataset/synthetic/room_536/syn_00.png,536,1
/content/dataset/synthetic/room_536/syn_01.png,536,1
/content/dataset/synthetic/room_536/syn_02.png,536,1
/content/dataset/synthetic/room_536/syn_03.png,536,1
/content/dataset/synthetic/room_536/syn_04.png,536,1
/content/dataset/synthetic/room_536/syn_05.png,536,1
/content/dataset/synthetic/room_536/syn_06.png,536,1
/content/dataset/synthetic/room_536/syn_07.png,536,1
/content/dataset/synthetic/room_536/syn_08.png,536,1
/content/dataset/synthetic/room_536/syn_09.png,536,1
/content/dataset/real/room_537.jpeg,537,0
/content/dataset/synthetic/room_537/syn_00.png,537,1
/content/dataset/synthetic/room_537/syn_01.png,537,1
/content/dataset/synthetic/room_537/syn_02.png,537,1
/content/dataset/synthetic/room_537/syn_03.png,537,1
/content/dataset/synthetic/room_537/syn_04.png,537,1
/content/dataset/synthetic/room_537/syn_05.png,537,1
/content/dataset/synthetic/room_537/syn_06.png,537,1
/content/dataset/synthetic/room_537/syn_07.png,537,1
/content/dataset/synthetic/room_537/syn_08.png,537,1
/content/dataset/synthetic/room_537/syn_09.png,537,1
/content/dataset/real/room_538.jpg,538,0
/content/dataset/synthetic/room_538/syn_00.png,538,1
/content/dataset/synthetic/room_538/syn_01.png,538,1
/content/dataset/synthetic/room_538/syn_02.png,538,1
/content/dataset/synthetic/room_538/syn_03.png,538,1
/content/dataset/synthetic/room_538/syn_04.png,538,1
/content/dataset/synthetic/room_538/syn_05.png,538,1
/content/dataset/synthetic/room_538/syn_06.png,538,1
/content/dataset/synthetic/room_538/syn_07.png,538,1
/content/dataset/synthetic/room_538/syn_08.png,538,1
/content/dataset/synthetic/room_538/syn_09.png,538,1
/content/dataset/real/room_539.jpeg,539,0
/content/dataset/synthetic/room_539/syn_00.png,539,1
/content/dataset/synthetic/room_539/syn_01.png,539,1
/content/dataset/synthetic/room_539/syn_02.png,539,1
/content/dataset/synthetic/room_539/syn_03.png,539,1
/content/dataset/synthetic/room_539/syn_04.png,539,1
/content/dataset/synthetic/room_539/syn_05.png,539,1
/content/dataset/synthetic/room_539/syn_06.png,539,1
/content/dataset/synthetic/room_539/syn_07.png,539,1
/content/dataset/synthetic/room_539/syn_08.png,539,1
/content/dataset/synthetic/room_539/syn_09.png,539,1
/content/dataset/real/room_540.jpg,540,0
/content/dataset/synthetic/room_540/syn_00.png,540,1
/content/dataset/synthetic/room_540/syn_01.png,540,1
/content/dataset/synthetic/room_540/syn_02.png,540,1
/content/dataset/synthetic/room_540/syn_03.png,540,1
/content/dataset/synthetic/room_540/syn_04.png,540,1
/content/dataset/synthetic/room_540/syn_05.png,540,1
/content/dataset/synthetic/room_540/syn_06.png,540,1
/content/dataset/synthetic/room_540/syn_07.png,540,1
/content/dataset/synthetic/room_540/syn_08.png,540,1
/content/dataset/synthetic/room_540/syn_09.png,540,1
/content/dataset/real/room_541.jpeg,541,0
/content/dataset/synthetic/room_541/syn_00.png,541,1
/content/dataset/synthetic/room_541/syn_01.png,541,1
/content/dataset/synthetic/room_541/syn_02.png,541,1
/content/dataset/synthetic/room_541/syn_03.png,541,1
/content/dataset/synthetic/room_541/syn_04.png,541,1
/content/dataset/synthetic/room_541/syn_05.png,541,1
/content/dataset/synthetic/room_541/syn_06.png,541,1
/content/dataset/synthetic/room_541/syn_07.png,541,1
/content/dataset/synthetic/room_541/syn_08.png,541,1
/content/dataset/synthetic/room_541/syn_09.png,541,1
/content/dataset/real/room_542.jpg,542,0
/content/dataset/synthetic/room_542/syn_00.png,542,1
/content/dataset/synthetic/room_542/syn_01.png,542,1
/content/dataset/synthetic/room_542/syn_02.png,542,1
/content/dataset/synthetic/room_542/syn_03.png,542,1
/content/dataset/synthetic/room_542/syn_04.png,542,1
/content/dataset/synthetic/room_542/syn_05.png,542,1
/content/dataset/synthetic/room_542/syn_06.png,542,1
/content/dataset/synthetic/room_542/syn_07.png,542,1
/content/dataset/synthetic/room_542/syn_08.png,542,1
/content/dataset/synthetic/room_542/syn_09.png,542,1
/content/dataset/real/room_543.jpeg,543,0
/content/dataset/synthetic/room_543/syn_00.png,543,1
/content/dataset/synthetic/room_543/syn_01.png,543,1
/content/dataset/synthetic/room_543/syn_02.png,543,1
/content/dataset/synthetic/room_543/syn_03.png,543,1
/content/dataset/synthetic/room_543/syn_04.png,543,1
/content/dataset/synthetic/room_543/syn_05.png,543,1
/content/dataset/synthetic/room_543/syn_06.png,543,1
/content/dataset/synthetic/room_543/syn_07.png,543,1
/content/dataset/synthetic/room_543/syn_08.png,543,1
/content/dataset/synthetic/room_543/syn_09.png,543,1
/content/dataset/real/room_544.jpg,544,0
/content/dataset/synthetic/room_544/syn_00.png,544,1
/content/dataset/synthetic/room_544/syn_01.png,544,1
/content/dataset/synthetic/room_544/syn_02.png,544,1
/content/dataset/synthetic/room_544/syn_03.png,544,1
/content/dataset/synthetic/room_544/syn_04.png,544,1
/content/dataset/synthetic/room_544/syn_05.png,544,1
/content/dataset/synthetic/room_544/syn_06.png,544,1
/content/dataset/synthetic/room_544/syn_07.png,544,1
/content/dataset/synthetic/room_544/syn_08.png,544,1
/content/dataset/synthetic/room_544/syn_09.png,544,1
/content/dataset/real/room_545.jpeg,545,0
/content/dataset/synthetic/room_545/syn_00.png,545,1
/content/dataset/synthetic/room_545/syn_01.png,545,1
/content/dataset/synthetic/room_545/syn_02.png,545,1
/content/dataset/synthetic/room_545/syn_03.png,545,1
/content/dataset/synthetic/room_545/syn_04.png,545,1
/content/dataset/synthetic/room_545/syn_05.png,545,1
/content/dataset/synthetic/room_545/syn_06.png,545,1
/content/dataset/synthetic/room_545/syn_07.png,545,1
/content/dataset/synthetic/room_545/syn_08.png,545,1
/content/dataset/synthetic/room_545/syn_09.png,545,1
/content/dataset/real/room_546.jpg,546,0
/content/dataset/synthetic/room_546/syn_00.png,546,1
/content/dataset/synthetic/room_546/syn_01.png,546,1
/content/dataset/synthetic/room_546/syn_02.png,546,1
/content/dataset/synthetic/room_546/syn_03.png,546,1
/content/dataset/synthetic/room_546/syn_04.png,546,1
/content/dataset/synthetic/room_546/syn_05.png,546,1
/content/dataset/synthetic/room_546/syn_06.png,546,1
/content/dataset/synthetic/room_546/syn_07.png,546,1
/content/dataset/synthetic/room_546/syn_08.png,546,1
/content/dataset/synthetic/room_546/syn_09.png,546,1
/content/dataset/real/room_547.jpeg,547,0
/content/dataset/synthetic/room_547/syn_00.png,547,1
/content/dataset/synthetic/room_547/syn_01.png,547,1
/content/dataset/synthetic/room_547/syn_02.png,547,1
/content/dataset/synthetic/room_547/syn_03.png,547,1
/content/dataset/synthetic/room_547/syn_04.png,547,1
/content/dataset/synthetic/room_547/syn_05.png,547,1
/content/dataset/synthetic/room_547/syn_06.png,547,1
/content/dataset/synthetic/room_547/syn_07.png,547,1
/content/dataset/synthetic/room_547/syn_08.png,547,1
/content/dataset/synthetic/room_547/syn_09.png,547,1
/content/dataset/real/room_548.jpg,548,0
/content/dataset/synthetic/room_548/syn_00.png,548,1
/content/dataset/synthetic/room_548/syn_01.png,548,1
/content/dataset/synthetic/room_548/syn_02.png,548,1
/content/dataset/synthetic/room_548/syn_03.png,548,1
/content/dataset/synthetic/room_548/syn_04.png,548,1
/content/dataset/synthetic/room_548/syn_05.png,548,1
/content/dataset/synthetic/room_548/syn_06.png,548,1
/content/dataset/synthetic/room_548/syn_07.png,548,1
/content/dataset/synthetic/room_548/syn_08.png,548,1
/content/dataset/synthetic/room_548/syn_09.png,548,1
/content/dataset/real/room_549.jpeg,549,0
/content/dataset/synthetic/room_549/syn_00.png,549,1
/content/dataset/synthetic/room_549/syn_01.png,549,1
/content/dataset/synthetic/room_549/syn_02.png,549,1
/content/dataset/synthetic/room_549/syn_03.png,549,1
/content/dataset/synthetic/room_549/syn_04.png,549,1
/content/dataset/synthetic/room_549/syn_05.png,549,1
/content/dataset/synthetic/room_549/syn_06.png,549,1
/content/dataset/synthetic/room_549/syn_07.png,549,1
/content/dataset/synthetic/room_549/syn_08.png,549,1
/content/dataset/synthetic/room_549/syn_09.png,549,1
/content/dataset/real/room_550.jpg,550,0
/content/dataset/synthetic/room_550/syn_00.png,550,1
/content/dataset/synthetic/room_550/syn_01.png,550,1
/content/dataset/synthetic/room_550/syn_02.png,550,1
/content/dataset/synthetic/room_550/syn_03.png,550,1
/content/dataset/synthetic/room_550/syn_04.png,550,1
/content/dataset/synthetic/room_550/syn_05.png,550,1
/content/dataset/synthetic/room_550/syn_06.png,550,1
/content/dataset/synthetic/room_550/syn_07.png,550,1
/content/dataset/synthetic/room_550/syn_08.png,550,1
/content/dataset/synthetic/room_550/syn_09.png,550,1
/content/dataset/real/room_551.jpeg,551,0
/content/dataset/synthetic/room_551/syn_00.png,551,1
/content/dataset/synthetic/room_551/syn_01.png,551,1
/content/dataset/synthetic/room_551/syn_02.png,551,1
/content/dataset/synthetic/room_551/syn_03.png,551,1
/content/dataset/synthetic/room_551/syn_04.png,551,1
/content/dataset/synthetic/room_551/syn_05.png,551,1
/content/dataset/synthetic/room_551/syn_06.png,551,1
/content/dataset/synthetic/room_551/syn_07.png,551,1
/content/dataset/synthetic/room_551/syn_08.png,551,1
/content/dataset/synthetic/room_551/syn_09.png,551,1
/content/dataset/real/room_552.jpg,552,0
/content/dataset/synthetic/room_552/syn_00.png,552,1
/content/dataset/synthetic/room_552/syn_01.png,552,1
/content/dataset/synthetic/room_552/syn_02.png,552,1
/content/dataset/synthetic/room_552/syn_03.png,552,1
/content/dataset/synthetic/room_552/syn_04.png,552,1
/content/dataset/synthetic/room_552/syn_05.png,552,1
/content/dataset/synthetic/room_552/syn_06.png,552,1
/content/dataset/synthetic/room_552/syn_07.png,552,1
/content/dataset/synthetic/room_552/syn_08.png,552,1
/content/dataset/synthetic/room_552/syn_09.png,552,1
/content/dataset/real/room_553.jpeg,553,0
/content/dataset/synthetic/room_553/syn_00.png,553,1
/content/dataset/synthetic/room_553/syn_01.png,553,1
/content/dataset/synthetic/room_553/syn_02.png,553,1
/content/dataset/synthetic/room_553/syn_03.png,553,1
/content/dataset/synthetic/room_553/syn_04.png,553,1
/content/dataset/synthetic/room_553/syn_05.png,553,1
/content/dataset/synthetic/room_553/syn_06.png,553,1
/content/dataset/synthetic/room_553/syn_07.png,553,1
/content/dataset/synthetic/room_553/syn_08.png,553,1
/content/dataset/synthetic/room_553/syn_09.png,553,1
/content/dataset/real/room_554.jpg,554,0
/content/dataset/synthetic/room_554/syn_00.png,554,1
/content/dataset/synthetic/room_554/syn_01.png,554,1
/content/dataset/synthetic/room_554/syn_02.png,554,1
/content/dataset/synthetic/room_554/syn_03.png,554,1
/content/dataset/synthetic/room_554/syn_04.png,554,1
/content/dataset/synthetic/room_554/syn_05.png,554,1
/content/dataset/synthetic/room_554/syn_06.png,554,1
/content/dataset/synthetic/room_554/syn_07.png,554,1
/content/dataset/synthetic/room_554/syn_08.png,554,1
/content/dataset/synthetic/room_554/syn_09.png,554,1
/content/dataset/real/room_555.jpeg,555,0
/content/dataset/synthetic/room_555/syn_00.png,555,1
/content/dataset/synthetic/room_555/syn_01.png,555,1
/content/dataset/synthetic/room_555/syn_02.png,555,1
/content/dataset/synthetic/room_555/syn_03.png,555,1
/content/dataset/synthetic/room_555/syn_04.png,555,1
/content/dataset/synthetic/room_555/syn_05.png,555,1
/content/dataset/synthetic/room_555/syn_06.png,555,1
/content/dataset/synthetic/room_555/syn_07.png,555,1
/content/dataset/synthetic/room_555/syn_08.png,555,1
/content/dataset/synthetic/room_555/syn_09.png,555,1
/content/dataset/real/room_556.jpg,556,0
/content/dataset/synthetic/room_556/syn_00.png,556,1
/content/dataset/synthetic/room_556/syn_01.png,556,1
/content/dataset/synthetic/room_556/syn_02.png,556,1
/content/dataset/synthetic/room_556/syn_03.png,556,1
/content/dataset/synthetic/room_556/syn_04.png,556,1
/content/dataset/synthetic/room_556/syn_05.png,556,1
/content/dataset/synthetic/room_556/syn_06.png,556,1
/content/dataset/synthetic/room_556/syn_07.png,556,1
/content/dataset/synthetic/room_556/syn_08.png,556,1
/content/dataset/synthetic/room_556/syn_09.png,556,1
/content/dataset/real/room_557.jpeg,557,0
/content/dataset/synthetic/room_557/syn_00.png,557,1
/content/dataset/synthetic/room_557/syn_01.png,557,1
/content/dataset/synthetic/room_557/syn_02.png,557,1
/content/dataset/synthetic/room_557/syn_03.png,557,1
/content/dataset/synthetic/room_557/syn_04.png,557,1
/content/dataset/synthetic/room_557/syn_05.png,557,1
/content/dataset/synthetic/room_557/syn_06.png,557,1
/content/dataset/synthetic/room_557/syn_07.png,557,1
/content/dataset/synthetic/room_557/syn_08.png,557,1
/content/dataset/synthetic/room_557/syn_09.png,557,1
/content/dataset/real/room_558.jpg,558,0
/content/dataset/synthetic/room_558/syn_00.png,558,1
/content/dataset/synthetic/room_558/syn_01.png,558,1
/content/dataset/synthetic/room_558/syn_02.png,558,1
/content/dataset/synthetic/room_558/syn_03.png,558,1
/content/dataset/synthetic/room_558/syn_04.png,558,1
/content/dataset/synthetic/room_558/syn_05.png,558,1
/content/dataset/synthetic/room_558/syn_06.png,558,1
/content/dataset/synthetic/room_558/syn_07.png,558,1
/content/dataset/synthetic/room_558/syn_08.png,558,1
/content/dataset/synthetic/room_558/syn_09.png,558,1
/content/dataset/real/room_559.jpeg,559,0
/content/dataset/synthetic/room_559/syn_00.png,559,1
/content/dataset/synthetic/room_559/syn_01.png,559,1
/content/dataset/synthetic/room_559/syn_02.png,559,1
/content/dataset/synthetic/room_559/syn_03.png,559,1
/content/dataset/synthetic/room_559/syn_04.png,559,1
/content/dataset/synthetic/room_559/syn_05.png,559,1
/content/dataset/synthetic/room_559/syn_06.png,559,1
/content/dataset/synthetic/room_559/syn_07.png,559,1
/content/dataset/synthetic/room_559/syn_08.png,559,1
/content/dataset/synthetic/room_559/syn_09.png,559,1
/content/dataset/real/room_560.jpg,560,0
/content/dataset/synthetic/room_560/syn_00.png,560,1
/content/dataset/synthetic/room_560/syn_01.png,560,1
/content/dataset/synthetic/room_560/syn_02.png,560,1
/content/dataset/synthetic/room_560/syn_03.png,560,1
/content/dataset/synthetic/room_560/syn_04.png,560,1
/content/dataset/synthetic/room_560/syn_05.png,560,1
/content/dataset/synthetic/room_560/syn_06.png,560,1
/content/dataset/synthetic/room_560/syn_07.png,560,1
/content/dataset/synthetic/room_560/syn_08.png,560,1
/content/dataset/synthetic/room_560/syn_09.png,560,1
/content/dataset/real/room_561.jpeg,561,0
/content/dataset/synthetic/room_561/syn_00.png,561,1
/content/dataset/synthetic/room_561/syn_01.png,561,1
/content/dataset/synthetic/room_561/syn_02.png,561,1
/content/dataset/synthetic/room_561/syn_03.png,561,1
/content/dataset/synthetic/room_561/syn_04.png,561,1
/content/dataset/synthetic/room_561/syn_05.png,561,1
/content/dataset/synthetic/room_561/syn_06.png,561,1
/content/dataset/synthetic/room_561/syn_07.png,561,1
/content/dataset/synthetic/room_561/syn_08.png,561,1
/content/dataset/synthetic/room_561/syn_09.png,561,1
/content/dataset/real/room_562.jpg,562,0
/content/dataset/synthetic/room_562/syn_00.png,562,1
/content/dataset/synthetic/room_562/syn_01.png,562,1
/content/dataset/synthetic/room_562/syn_02.png,562,1
/content/dataset/synthetic/room_562/syn_03.png,562,1
/content/dataset/synthetic/room_562/syn_04.png,562,1
/content/dataset/synthetic/room_562/syn_05.png,562,1
/content/dataset/synthetic/room_562/syn_06.png,562,1
/content/dataset/synthetic/room_562/syn_07.png,562,1
/content/dataset/synthetic/room_562/syn_08.png,562,1
/content/dataset/synthetic/room_562/syn_09.png,562,1
/content/dataset/real/room_563.jpeg,563,0
/content/dataset/synthetic/room_563/syn_00.png,563,1
/content/dataset/synthetic/room_563/syn_01.png,563,1
/content/dataset/synthetic/room_563/syn_02.png,563,1
/content/dataset/synthetic/room_563/syn_03.png,563,1
/content/dataset/synthetic/room_563/syn_04.png,563,1
/content/dataset/synthetic/room_563/syn_05.png,563,1
/content/dataset/synthetic/room_563/syn_06.png,563,1
/content/dataset/synthetic/room_563/syn_07.png,563,1
/content/dataset/synthetic/room_563/syn_08.png,563,1
/content/dataset/synthetic/room_563/syn_09.png,563,1
/content/dataset/real/room_564.jpg,564,0
/content/dataset/synthetic/room_564/syn_00.png,564,1
/content/dataset/synthetic/room_564/syn_01.png,564,1
/content/dataset/synthetic/room_564/syn_02.png,564,1
/content/dataset/synthetic/room_564/syn_03.png,564,1
/content/dataset/synthetic/room_564/syn_04.png,564,1
/content/dataset/synthetic/room_564/syn_05.png,564,1
/content/dataset/synthetic/room_564/syn_06.png,564,1
/content/dataset/synthetic/room_564/syn_07.png,564,1
/content/dataset/synthetic/room_564/syn_08.png,564,1
/content/dataset/synthetic/room_564/syn_09.png,564,1
/content/dataset/real/room_565.jpeg,565,0
/content/dataset/synthetic/room_565/syn_00.png,565,1
/content/dataset/synthetic/room_565/syn_01.png,565,1
/content/dataset/synthetic/room_565/syn_02.png,565,1
/content/dataset/synthetic/room_565/syn_03.png,565,1
/content/dataset/synthetic/room_565/syn_04.png,565,1
/content/dataset/synthetic/room_565/syn_05.png,565,1
/content/dataset/synthetic/room_565/syn_06.png,565,1
/content/dataset/synthetic/room_565/syn_07.png,565,1
/content/dataset/synthetic/room_565/syn_08.png,565,1
/content/dataset/synthetic/room_565/syn_09.png,565,1
/content/dataset/real/room_566.jpg,566,0
/content/dataset/synthetic/room_566/syn_00.png,566,1
/content/dataset/synthetic/room_566/syn_01.png,566,1
/content/dataset/synthetic/room_566/syn_02.png,566,1
/content/dataset/synthetic/room_566/syn_03.png,566,1
/content/dataset/synthetic/room_566/syn_04.png,566,1
/content/dataset/synthetic/room_566/syn_05.png,566,1
/content/dataset/synthetic/room_566/syn_06.png,566,1
/content/dataset/synthetic/room_566/syn_07.png,566,1
/content/dataset/synthetic/room_566/syn_08.png,566,1
/content/dataset/synthetic/room_566/syn_09.png,566,1
/content/dataset/real/room_567.jpeg,567,0
/content/dataset/synthetic/room_567/syn_00.png,567,1
/content/dataset/synthetic/room_567/syn_01.png,567,1
/content/dataset/synthetic/room_567/syn_02.png,567,1
/content/dataset/synthetic/room_567/syn_03.png,567,1
/content/dataset/synthetic/room_567/syn_04.png,567,1
/content/dataset/synthetic/room_567/syn_05.png,567,1
/content/dataset/synthetic/room_567/syn_06.png,567,1
/content/dataset/synthetic/room_567/syn_07.png,567,1
/content/dataset/synthetic/room_567/syn_08.png,567,1
/content/dataset/synthetic/room_567/syn_09.png,567,1
/content/dataset/real/room_568.jpg,568,0
/content/dataset/synthetic/room_568/syn_00.png,568,1
/content/dataset/synthetic/room_568/syn_01.png,568,1
/content/dataset/synthetic/room_568/syn_02.png,568,1
/content/dataset/synthetic/room_568/syn_03.png,568,1
/content/dataset/synthetic/room_568/syn_04.png,568,1
/content/dataset/synthetic/room_568/syn_05.png,568,1
/content/dataset/synthetic/room_568/syn_06.png,568,1
/content/dataset/synthetic/room_568/syn_07.png,568,1
/content/dataset/synthetic/room_568/syn_08.png,568,1
/content/dataset/synthetic/room_568/syn_09.png,568,1
/content/dataset/real/room_569.jpeg,569,0
/content/dataset/synthetic/room_569/syn_00.png,569,1
/content/dataset/synthetic/room_569/syn_01.png,569,1
/content/dataset/synthetic/room_569/syn_02.png,569,1
/content/dataset/synthetic/room_569/syn_03.png,569,1
/content/dataset/synthetic/room_569/syn_04.png,569,1
/content/dataset/synthetic/room_569/syn_05.png,569,1
/content/dataset/synthetic/room_569/syn_06.png,569,1
/content/dataset/synthetic/room_569/syn_07.png,569,1
/content/dataset/synthetic/room_569/syn_08.png,569,1
/content/dataset/synthetic/room_569/syn_09.png,569,1
/content/dataset/real/room_570.jpg,570,0
/content/dataset/synthetic/room_570/syn_00.png,570,1
/content/dataset/synthetic/room_570/syn_01.png,570,1
/content/dataset/synthetic/room_570/syn_02.png,570,1
/content/dataset/synthetic/room_570/syn_03.png,570,1
/content/dataset/synthetic/room_570/syn_04.png,570,1
/content/dataset/synthetic/room_570/syn_05.png,570,1
/content/dataset/synthetic/room_570/syn_06.png,570,1
/content/dataset/synthetic/room_570/syn_07.png,570,1
/content/dataset/synthetic/room_570/syn_08.png,570,1
/content/dataset/synthetic/room_570/syn_09.png,570,1
/content/dataset/real/room_571.jpeg,571,0
/content/dataset/synthetic/room_571/syn_00.png,571,1
/content/dataset/synthetic/room_571/syn_01.png,571,1
/content/dataset/synthetic/room_571/syn_02.png,571,1
/content/dataset/synthetic/room_571/syn_03.png,571,1
/content/dataset/synthetic/room_571/syn_04.png,571,1
/content/dataset/synthetic/room_571/syn_05.png,571,1
/content/dataset/synthetic/room_571/syn_06.png,571,1
/content/dataset/synthetic/room_571/syn_07.png,571,1
/content/dataset/synthetic/room_571/syn_08.png,571,1
/content/dataset/synthetic/room_571/syn_09.png,571,1
/content/dataset/real/room_572.jpg,572,0
/content/dataset/synthetic/room_572/syn_00.png,572,1
/content/dataset/synthetic/room_572/syn_01.png,572,1
/content/dataset/synthetic/room_572/syn_02.png,572,1
/content/dataset/synthetic/room_572/syn_03.png,572,1
/content/dataset/synthetic/room_572/syn_04.png,572,1
/content/dataset/synthetic/room_572/syn_05.png,572,1
/content/dataset/synthetic/room_572/syn_06.png,572,1
/content/dataset/synthetic/room_572/syn_07.png,572,1
/content/dataset/synthetic/room_572/syn_08.png,572,1
/content/dataset/synthetic/room_572/syn_09.png,572,1
/content/dataset/real/room_573.jpeg,573,0
/content/dataset/synthetic/room_573/syn_00.png,573,1
/content/dataset/synthetic/room_573/syn_01.png,573,1
/content/dataset/synthetic/room_573/syn_02.png,573,1
/content/dataset/synthetic/room_573/syn_03.png,573,1
/content/dataset/synthetic/room_573/syn_04.png,573,1
/content/dataset/synthetic/room_573/syn_05.png,573,1
/content/dataset/synthetic/room_573/syn_06.png,573,1
/content/dataset/synthetic/room_573/syn_07.png,573,1
/content/dataset/synthetic/room_573/syn_08.png,573,1
/content/dataset/synthetic/room_573/syn_09.png,573,1
/content/dataset/real/room_574.jpg,574,0
/content/dataset/synthetic/room_574/syn_00.png,574,1
/content/dataset/synthetic/room_574/syn_01.png,574,1
/content/dataset/synthetic/room_574/syn_02.png,574,1
/content/dataset/synthetic/room_574/syn_03.png,574,1
/content/dataset/synthetic/room_574/syn_04.png,574,1
/content/dataset/synthetic/room_574/syn_05.png,574,1
/content/dataset/synthetic/room_574/syn_06.png,574,1
/content/dataset/synthetic/room_574/syn_07.png,574,1
/content/dataset/synthetic/room_574/syn_08.png,574,1
/content/dataset/synthetic/room_574/syn_09.png,574,1
/content/dataset/real/room_575.jpeg,575,0
/content/dataset/synthetic/room_575/syn_00.png,575,1
/content/dataset/synthetic/room_575/syn_01.png,575,1
/content/dataset/synthetic/room_575/syn_02.png,575,1
/content/dataset/synthetic/room_575/syn_03.png,575,1
/content/dataset/synthetic/room_575/syn_04.png,575,1
/content/dataset/synthetic/room_575/syn_05.png,575,1
/content/dataset/synthetic/room_575/syn_06.png,575,1
/content/dataset/synthetic/room_575/syn_07.png,575,1
/content/dataset/synthetic/room_575/syn_08.png,575,1
/content/dataset/synthetic/room_575/syn_09.png,575,1
/content/dataset/real/room_576.jpg,576,0
/content/dataset/synthetic/room_576/syn_00.png,576,1
/content/dataset/synthetic/room_576/syn_01.png,576,1
/content/dataset/synthetic/room_576/syn_02.png,576,1
/content/dataset/synthetic/room_576/syn_03.png,576,1
/content/dataset/synthetic/room_576/syn_04.png,576,1
/content/dataset/synthetic/room_576/syn_05.png,576,1
/content/dataset/synthetic/room_576/syn_06.png,576,1
/content/dataset/synthetic/room_576/syn_07.png,576,1
/content/dataset/synthetic/room_576/syn_08.png,576,1
/content/dataset/synthetic/room_576/syn_09.png,576,1
/content/dataset/real/room_577.jpeg,577,0
/content/dataset/synthetic/room_577/syn_00.png,577,1
/content/dataset/synthetic/room_577/syn_01.png,577,1
/content/dataset/synthetic/room_577/syn_02.png,577,1
/content/dataset/synthetic/room_577/syn_03.png,577,1
/content/dataset/synthetic/room_577/syn_04.png,577,1
/content/dataset/synthetic/room_577/syn_05.png,577,1
/content/dataset/synthetic/room_577/syn_06.png,577,1
/content/dataset/synthetic/room_577/syn_07.png,577,1
/content/dataset/synthetic/room_577/syn_08.png,577,1
/content/dataset/synthetic/room_577/syn_09.png,577,1
/content/dataset/real/room_578.jpg,578,0
/content/dataset/synthetic/room_578/syn_00.png,578,1
/content/dataset/synthetic/room_578/syn_01.png,578,1
/content/dataset/synthetic/room_578/syn_02.png,578,1
/content/dataset/synthetic/room_578/syn_03.png,578,1
/content/dataset/synthetic/room_578/syn_04.png,578,1
/content/dataset/synthetic/room_578/syn_05.png,578,1
/content/dataset/synthetic/room_578/syn_06.png,578,1
/content/dataset/synthetic/room_578/syn_07.png,578,1
/content/dataset/synthetic/room_578/syn_08.png,578,1
/content/dataset/synthetic/room_578/syn_09.png,578,1
/content/dataset/real/room_579.jpeg,579,0
/content/dataset/synthetic/room_579/syn_00.png,579,1
/content/dataset/synthetic/room_579/syn_01.png,579,1
/content/dataset/synthetic/room_579/syn_02.png,579,1
/content/dataset/synthetic/room_579/syn_03.png,579,1
/content/dataset/synthetic/room_579/syn_04.png,579,1
/content/dataset/synthetic/room_579/syn_05.png,579,1
/content/dataset/synthetic/room_579/syn_06.png,579,1
/content/dataset/synthetic/room_579/syn_07.png,579,1
/content/dataset/synthetic/room_579/syn_08.png,579,1
/content/dataset/synthetic/room_579/syn_09.png,579,1
/content/dataset/real/room_580.jpg,580,0
/content/dataset/synthetic/room_580/syn_00.png,580,1
/content/dataset/synthetic/room_580/syn_01.png,580,1
/content/dataset/synthetic/room_580/syn_02.png,580,1
/content/dataset/synthetic/room_580/syn_03.png,580,1
/content/dataset/synthetic/room_580/syn_04.png,580,1
/content/dataset/synthetic/room_580/syn_05.png,580,1
/content/dataset/synthetic/room_580/syn_06.png,580,1
/content/dataset/synthetic/room_580/syn_07.png,580,1
/content/dataset/synthetic/room_580/syn_08.png,580,1
/content/dataset/synthetic/room_580/syn_09.png,580,1
/content/dataset/real/room_581.jpeg,581,0
/content/dataset/synthetic/room_581/syn_00.png,581,1
/content/dataset/synthetic/room_581/syn_01.png,581,1
/content/dataset/synthetic/room_581/syn_02.png,581,1
/content/dataset/synthetic/room_581/syn_03.png,581,1
/content/dataset/synthetic/room_581/syn_04.png,581,1
/content/dataset/synthetic/room_581/syn_05.png,581,1
/content/dataset/synthetic/room_581/syn_06.png,581,1
/content/dataset/synthetic/room_581/syn_07.png,581,1
/content/dataset/synthetic/room_581/syn_08.png,581,1
/content/dataset/synthetic/room_581/syn_09.png,581,1
/content/dataset/real/room_582.jpg,582,0
/content/dataset/synthetic/room_582/syn_00.png,582,1
/content/dataset/synthetic/room_582/syn_01.png,582,1
/content/dataset/synthetic/room_582/syn_02.png,582,1
/content/dataset/synthetic/room_582/syn_03.png,582,1
/content/dataset/synthetic/room_582/syn_04.png,582,1
/content/dataset/synthetic/room_582/syn_05.png,582,1
/content/dataset/synthetic/room_582/syn_06.png,582,1
/content/dataset/synthetic/room_582/syn_07.png,582,1
/content/dataset/synthetic/room_582/syn_08.png,582,1
/content/dataset/synthetic/room_582/syn_09.png,582,1
/content/dataset/real/room_583.jpeg,583,0
/content/dataset/synthetic/room_583/syn_00.png,583,1
/content/dataset/synthetic/room_583/syn_01.png,583,1
/content/dataset/synthetic/room_583/syn_02.png,583,1
/content/dataset/synthetic/room_583/syn_03.png,583,1
/content/dataset/synthetic/room_583/syn_04.png,583,1
/content/dataset/synthetic/room_583/syn_05.png,583,1
/content/dataset/synthetic/room_583/syn_06.png,583,1
/content/dataset/synthetic/room_583/syn_07.png,583,1
/content/dataset/synthetic/room_583/syn_08.png,583,1
/content/dataset/synthetic/room_583/syn_09.png,583,1
/content/dataset/real/room_584.jpg,584,0
/content/dataset/synthetic/room_584/syn_00.png,584,1
/content/dataset/synthetic/room_584/syn_01.png,584,1
/content/dataset/synthetic/room_584/syn_02.png,584,1
/content/dataset/synthetic/room_584/syn_03.png,584,1
/content/dataset/synthetic/room_584/syn_04.png,584,1
/content/dataset/synthetic/room_584/syn_05.png,584,1
/content/dataset/synthetic/room_584/syn_06.png,584,1
/content/dataset/synthetic/room_584/syn_07.png,584,1
/content/dataset/synthetic/room_584/syn_08.png,584,1
/content/dataset/synthetic/room_584/syn_09.png,584,1
/content/dataset/real/room_585.jpeg,585,0
/content/dataset/synthetic/room_585/syn_00.png,585,1
/content/dataset/synthetic/room_585/syn_01.png,585,1
/content/dataset/synthetic/room_585/syn_02.png,585,1
/content/dataset/synthetic/room_585/syn_03.png,585,1
/content/dataset/synthetic/room_585/syn_04.png,585,1
/content/dataset/synthetic/room_585/syn_05.png,585,1
/content/dataset/synthetic/room_585/syn_06.png,585,1
/content/dataset/synthetic/room_585/syn_07.png,585,1
/content/dataset/synthetic/room_585/syn_08.png,585,1
/content/dataset/synthetic/room_585/syn_09.png,585,1
/content/dataset/real/room_586.jpg,586,0
/content/dataset/synthetic/room_586/syn_00.png,586,1
/content/dataset/synthetic/room_586/syn_01.png,586,1
/content/dataset/synthetic/room_586/syn_02.png,586,1
/content/dataset/synthetic/room_586/syn_03.png,586,1
/content/dataset/synthetic/room_586/syn_04.png,586,1
/content/dataset/synthetic/room_586/syn_05.png,586,1
/content/dataset/synthetic/room_586/syn_06.png,586,1
/content/dataset/synthetic/room_586/syn_07.png,586,1
/content/dataset/synthetic/room_586/syn_08.png,586,1
/content/dataset/synthetic/room_586/syn_09.png,586,1
/content/dataset/real/room_587.jpeg,587,0
/content/dataset/synthetic/room_587/syn_00.png,587,1
/content/dataset/synthetic/room_587/syn_01.png,587,1
/content/dataset/synthetic/room_587/syn_02.png,587,1
/content/dataset/synthetic/room_587/syn_03.png,587,1
/content/dataset/synthetic/room_587/syn_04.png,587,1
/content/dataset/synthetic/room_587/syn_05.png,587,1
/content/dataset/synthetic/room_587/syn_06.png,587,1
/content/dataset/synthetic/room_587/syn_07.png,587,1
/content/dataset/synthetic/room_587/syn_08.png,587,1
/content/dataset/synthetic/room_587/syn_09.png,587,1
/content/dataset/real/room_588.jpg,588,0
/content/dataset/synthetic/room_588/syn_00.png,588,1
/content/dataset/synthetic/room_588/syn_01.png,588,1
/content/dataset/synthetic/room_588/syn_02.png,588,1
/content/dataset/synthetic/room_588/syn_03.png,588,1
/content/dataset/synthetic/room_588/syn_04.png,588,1
/content/dataset/synthetic/room_588/syn_05.png,588,1
/content/dataset/synthetic/room_588/syn_06.png,588,1
/content/dataset/synthetic/room_588/syn_07.png,588,1
/content/dataset/synthetic/room_588/syn_08.png,588,1
/content/dataset/synthetic/room_588/syn_09.png,588,1
/content/dataset/real/room_589.jpeg,589,0
/content/dataset/synthetic/room_589/syn_00.png,589,1
/content/dataset/synthetic/room_589/syn_01.png,589,1
/content/dataset/synthetic/room_589/syn_02.png,589,1
/content/dataset/synthetic/room_589/syn_03.png,589,1
/content/dataset/synthetic/room_589/syn_04.png,589,1
/content/dataset/synthetic/room_589/syn_05.png,589,1
/content/dataset/synthetic/room_589/syn_06.png,589,1
/content/dataset/synthetic/room_589/syn_07.png,589,1
/content/dataset/synthetic/room_589/syn_08.png,589,1
/content/dataset/synthetic/room_589/syn_09.png,589,1
/content/dataset/real/room_590.jpg,590,0
/content/dataset/synthetic/room_590/syn_00.png,590,1
/content/dataset/synthetic/room_590/syn_01.png,590,1
/content/dataset/synthetic/room_590/syn_02.png,590,1
/content/dataset/synthetic/room_590/syn_03.png,590,1
/content/dataset/synthetic/room_590/syn_04.png,590,1
/content/dataset/synthetic/room_590/syn_05.png,590,1
/content/dataset/synthetic/room_590/syn_06.png,590,1
/content/dataset/synthetic/room_590/syn_07.png,590,1
/content/dataset/synthetic/room_590/syn_08.png,590,1
/content/dataset/synthetic/room_590/syn_09.png,590,1
/content/dataset/real/room_591.jpeg,591,0
/content/dataset/synthetic/room_591/syn_00.png,591,1
/content/dataset/synthetic/room_591/syn_01.png,591,1
/content/dataset/synthetic/room_591/syn_02.png,591,1
/content/dataset/synthetic/room_591/syn_03.png,591,1
/content/dataset/synthetic/room_591/syn_04.png,591,1
/content/dataset/synthetic/room_591/syn_05.png,591,1
/content/dataset/synthetic/room_591/syn_06.png,591,1
/content/dataset/synthetic/room_591/syn_07.png,591,1
/content/dataset/synthetic/room_591/syn_08.png,591,1
/content/dataset/synthetic/room_591/syn_09.png,591,1
/content/dataset/real/room_592.jpg,592,0
/content/dataset/synthetic/room_592/syn_00.png,592,1
/content/dataset/synthetic/room_592/syn_01.png,592,1
/content/dataset/synthetic/room_592/syn_02.png,592,1
/content/dataset/synthetic/room_592/syn_03.png,592,1
/content/dataset/synthetic/room_592/syn_04.png,592,1
/content/dataset/synthetic/room_592/syn_05.png,592,1
/content/dataset/synthetic/room_592/syn_06.png,592,1
/content/dataset/synthetic/room_592/syn_07.png,592,1
/content/dataset/synthetic/room_592/syn_08.png,592,1
/content/dataset/synthetic/room_592/syn_09.png,592,1
/content/dataset/real/room_593.jpeg,593,0
/content/dataset/synthetic/room_593/syn_00.png,593,1
/content/dataset/synthetic/room_593/syn_01.png,593,1
/content/dataset/synthetic/room_593/syn_02.png,593,1
/content/dataset/synthetic/room_593/syn_03.png,593,1
/content/dataset/synthetic/room_593/syn_04.png,593,1
/content/dataset/synthetic/room_593/syn_05.png,593,1
/content/dataset/synthetic/room_593/syn_06.png,593,1
/content/dataset/synthetic/room_593/syn_07.png,593,1
/content/dataset/synthetic/room_593/syn_08.png,593,1
/content/dataset/synthetic/room_593/syn_09.png,593,1
/content/dataset/real/room_594.jpg,594,0
/content/dataset/synthetic/room_594/syn_00.png,594,1
/content/dataset/synthetic/room_594/syn_01.png,594,1
/content/dataset/synthetic/room_594/syn_02.png,594,1
/content/dataset/synthetic/room_594/syn_03.png,594,1
/content/dataset/synthetic/room_594/syn_04.png,594,1
/content/dataset/synthetic/room_594/syn_05.png,594,1
/content/dataset/synthetic/room_594/syn_06.png,594,1
/content/dataset/synthetic/room_594/syn_07.png,594,1
/content/dataset/synthetic/room_594/syn_08.png,594,1
/content/dataset/synthetic/room_594/syn_09.png,594,1
/content/dataset/real/room_595.jpeg,595,0
/content/dataset/synthetic/room_595/syn_00.png,595,1
/content/dataset/synthetic/room_595/syn_01.png,595,1
/content/dataset/synthetic/room_595/syn_02.png,595,1
/content/dataset/synthetic/room_595/syn_03.png,595,1
/content/dataset/synthetic/room_595/syn_04.png,595,1
/content/dataset/synthetic/room_595/syn_05.png,595,1
/content/dataset/synthetic/room_595/syn_06.png,595,1
/content/dataset/synthetic/room_595/syn_07.png,595,1
/content/dataset/synthetic/room_595/syn_08.png,595,1
/content/dataset/synthetic/room_595/syn_09.png,595,1
/content/dataset/real/room_596.jpg,596,0
/content/dataset/synthetic/room_596/syn_00.png,596,1
/content/dataset/synthetic/room_596/syn_01.png,596,1
/content/dataset/synthetic/room_596/syn_02.png,596,1
/content/dataset/synthetic/room_596/syn_03.png,596,1
/content/dataset/synthetic/room_596/syn_04.png,596,1
/content/dataset/synthetic/room_596/syn_05.png,596,1
/content/dataset/synthetic/room_596/syn_06.png,596,1
/content/dataset/synthetic/room_596/syn_07.png,596,1
/content/dataset/synthetic/room_596/syn_08.png,596,1
/content/dataset/synthetic/room_596/syn_09.png,596,1
/content/dataset/real/room_597.jpeg,597,0
/content/dataset/synthetic/room_597/syn_00.png,597,1
/content/dataset/synthetic/room_597/syn_01.png,597,1
/content/dataset/synthetic/room_597/syn_02.png,597,1
/content/dataset/synthetic/room_597/syn_03.png,597,1
/content/dataset/synthetic/room_597/syn_04.png,597,1
/content/dataset/synthetic/room_597/syn_05.png,597,1
/content/dataset/synthetic/room_597/syn_06.png,597,1
/content/dataset/synthetic/room_597/syn_07.png,597,1
/content/dataset/synthetic/room_597/syn_08.png,597,1
/content/dataset/synthetic/room_597/syn_09.png,597,1
/content/dataset/real/room_598.jpg,598,0
/content/dataset/synthetic/room_598/syn_00.png,598,1
/content/dataset/synthetic/room_598/syn_01.png,598,1
/content/dataset/synthetic/room_598/syn_02.png,598,1
/content/dataset/synthetic/room_598/syn_03.png,598,1
/content/dataset/synthetic/room_598/syn_04.png,598,1
/content/dataset/synthetic/room_598/syn_05.png,598,1
/content/dataset/synthetic/room_598/syn_06.png,598,1
/content/dataset/synthetic/room_598/syn_07.png,598,1
/content/dataset/synthetic/room_598/syn_08.png,598,1
/content/dataset/synthetic/room_598/syn_09.png,598,1
/content/dataset/real/room_599.jpeg,599,0
/content/dataset/synthetic/room_599/syn_00.png,599,1
/content/dataset/synthetic/room_599/syn_01.png,599,1
/content/dataset/synthetic/room_599/syn_02.png,599,1
/content/dataset/synthetic/room_599/syn_03.png,599,1
/content/dataset/synthetic/room_599/syn_04.png,599,1
/content/dataset/synthetic/room_599/syn_05.png,599,1
/content/dataset/synthetic/room_599/syn_06.png,599,1
/content/dataset/synthetic/room_599/syn_07.png,599,1
/content/dataset/synthetic/room_599/syn_08.png,599,1
/content/dataset/synthetic/room_599/syn_09.png,599,1
/content/dataset/real/room_600.jpg,600,0
/content/dataset/synthetic/room_600/syn_00.png,600,1
/content/dataset/synthetic/room_600/syn_01.png,600,1
/content/dataset/synthetic/room_600/syn_02.png,600,1
/content/dataset/synthetic/room_600/syn_03.png,600,1
/content/dataset/synthetic/room_600/syn_04.png,600,1
/content/dataset/synthetic/room_600/syn_05.png,600,1
/content/dataset/synthetic/room_600/syn_06.png,600,1
/content/dataset/synthetic/room_600/syn_07.png,600,1
/content/dataset/synthetic/room_600/syn_08.png,600,1
/content/dataset/synthetic/room_600/syn_09.png,600,1
/content/dataset/real/room_601.jpeg,601,0
/content/dataset/synthetic/room_601/syn_00.png,601,1
/content/dataset/synthetic/room_601/syn_01.png,601,1
/content/dataset/synthetic/room_601/syn_02.png,601,1
/content/dataset/synthetic/room_601/syn_03.png,601,1
/content/dataset/synthetic/room_601/syn_04.png,601,1
/content/dataset/synthetic/room_601/syn_05.png,601,1
/content/dataset/synthetic/room_601/syn_06.png,601,1
/content/dataset/synthetic/room_601/syn_07.png,601,1
/content/dataset/synthetic/room_601/syn_08.png,601,1
/content/dataset/synthetic/room_601/syn_09.png,601,1
/content/dataset/real/room_602.jpg,602,0
/content/dataset/synthetic/room_602/syn_00.png,602,1
/content/dataset/synthetic/room_602/syn_01.png,602,1
/content/dataset/synthetic/room_602/syn_02.png,602,1
/content/dataset/synthetic/room_602/syn_03.png,602,1
/content/dataset/synthetic/room_602/syn_04.png,602,1
/content/dataset/synthetic/room_602/syn_05.png,602,1
/content/dataset/synthetic/room_602/syn_06.png,602,1
/content/dataset/synthetic/room_602/syn_07.png,602,1
/content/dataset/synthetic/room_602/syn_08.png,602,1
/content/dataset/synthetic/room_602/syn_09.png,602,1
/content/dataset/real/room_603.jpeg,603,0
/content/dataset/synthetic/room_603/syn_00.png,603,1
/content/dataset/synthetic/room_603/syn_01.png,603,1
/content/dataset/synthetic/room_603/syn_02.png,603,1
/content/dataset/synthetic/room_603/syn_03.png,603,1
/content/dataset/synthetic/room_603/syn_04.png,603,1
/content/dataset/synthetic/room_603/syn_05.png,603,1
/content/dataset/synthetic/room_603/syn_06.png,603,1
/content/dataset/synthetic/room_603/syn_07.png,603,1
/content/dataset/synthetic/room_603/syn_08.png,603,1
/content/dataset/synthetic/room_603/syn_09.png,603,1
/content/dataset/real/room_604.jpg,604,0
/content/dataset/synthetic/room_604/syn_00.png,604,1
/content/dataset/synthetic/room_604/syn_01.png,604,1
/content/dataset/synthetic/room_604/syn_02.png,604,1
/content/dataset/synthetic/room_604/syn_03.png,604,1
/content/dataset/synthetic/room_604/syn_04.png,604,1
/content/dataset/synthetic/room_604/syn_05.png,604,1
/content/dataset/synthetic/room_604/syn_06.png,604,1
/content/dataset/synthetic/room_604/syn_07.png,604,1
/content/dataset/synthetic/room_604/syn_08.png,604,1
/content/dataset/synthetic/room_604/syn_09.png,604,1
/content/dataset/real/room_605.jpeg,605,0
/content/dataset/synthetic/room_605/syn_00.png,605,1
/content/dataset/synthetic/room_605/syn_01.png,605,1
/content/dataset/synthetic/room_605/syn_02.png,605,1
/content/dataset/synthetic/room_605/syn_03.png,605,1
/content/dataset/synthetic/room_605/syn_04.png,605,1
/content/dataset/synthetic/room_605/syn_05.png,605,1
/content/dataset/synthetic/room_605/syn_06.png,605,1
/content/dataset/synthetic/room_605/syn_07.png,605,1
/content/dataset/synthetic/room_605/syn_08.png,605,1
/content/dataset/synthetic/room_605/syn_09.png,605,1
/content/dataset/real/room_606.jpg,606,0
/content/dataset/synthetic/room_606/syn_00.png,606,1
/content/dataset/synthetic/room_606/syn_01.png,606,1
/content/dataset/synthetic/room_606/syn_02.png,606,1
/content/dataset/synthetic/room_606/syn_03.png,606,1
/content/dataset/synthetic/room_606/syn_04.png,606,1
/content/dataset/synthetic/room_606/syn_05.png,606,1
/content/dataset/synthetic/room_606/syn_06.png,606,1
/content/dataset/synthetic/room_606/syn_07.png,606,1
/content/dataset/synthetic/room_606/syn_08.png,606,1
/content/dataset/synthetic/room_606/syn_09.png,606,1
/content/dataset/real/room_607.jpeg,607,0
/content/dataset/synthetic/room_607/syn_00.png,607,1
/content/dataset/synthetic/room_607/syn_01.png,607,1
/content/dataset/synthetic/room_607/syn_02.png,607,1
/content/dataset/synthetic/room_607/syn_03.png,607,1
/content/dataset/synthetic/room_607/syn_04.png,607,1
/content/dataset/synthetic/room_607/syn_05.png,607,1
/content/dataset/synthetic/room_607/syn_06.png,607,1
/content/dataset/synthetic/room_607/syn_07.png,607,1
/content/dataset/synthetic/room_607/syn_08.png,607,1
/content/dataset/synthetic/room_607/syn_09.png,607,1
/content/dataset/real/room_608.jpg,608,0
/content/dataset/synthetic/room_608/syn_00.png,608,1
/content/dataset/synthetic/room_608/syn_01.png,608,1
/content/dataset/synthetic/room_608/syn_02.png,608,1
/content/dataset/synthetic/room_608/syn_03.png,608,1
/content/dataset/synthetic/room_608/syn_04.png,608,1
/content/dataset/synthetic/room_608/syn_05.png,608,1
/content/dataset/synthetic/room_608/syn_06.png,608,1
/content/dataset/synthetic/room_608/syn_07.png,608,1
/content/dataset/synthetic/room_608/syn_08.png,608,1
/content/dataset/synthetic/room_608/syn_09.png,608,1
/content/dataset/real/room_609.jpeg,609,0
/content/dataset/synthetic/room_609/syn_00.png,609,1
/content/dataset/synthetic/room_609/syn_01.png,609,1
/content/dataset/synthetic/room_609/syn_02.png,609,1
/content/dataset/synthetic/room_609/syn_03.png,609,1
/content/dataset/synthetic/room_609/syn_04.png,609,1
/content/dataset/synthetic/room_609/syn_05.png,609,1
/content/dataset/synthetic/room_609/syn_06.png,609,1
/content/dataset/synthetic/room_609/syn_07.png,609,1
/content/dataset/synthetic/room_609/syn_08.png,609,1
/content/dataset/synthetic/room_609/syn_09.png,609,1
/content/dataset/real/room_610.jpg,610,0
/content/dataset/synthetic/room_610/syn_00.png,610,1
/content/dataset/synthetic/room_610/syn_01.png,610,1
/content/dataset/synthetic/room_610/syn_02.png,610,1
/content/dataset/synthetic/room_610/syn_03.png,610,1
/content/dataset/synthetic/room_610/syn_04.png,610,1
/content/dataset/synthetic/room_610/syn_05.png,610,1
/content/dataset/synthetic/room_610/syn_06.png,610,1
/content/dataset/synthetic/room_610/syn_07.png,610,1
/content/dataset/synthetic/room_610/syn_08.png,610,1
/content/dataset/synthetic/room_610/syn_09.png,610,1
/content/dataset/real/room_611.jpeg,611,0
/content/dataset/synthetic/room_611/syn_00.png,611,1
/content/dataset/synthetic/room_611/syn_01.png,611,1
/content/dataset/synthetic/room_611/syn_02.png,611,1
/content/dataset/synthetic/room_611/syn_03.png,611,1
/content/dataset/synthetic/room_611/syn_04.png,611,1
/content/dataset/synthetic/room_611/syn_05.png,611,1
/content/dataset/synthetic/room_611/syn_06.png,611,1
/content/dataset/synthetic/room_611/syn_07.png,611,1
/content/dataset/synthetic/room_611/syn_08.png,611,1
/content/dataset/synthetic/room_611/syn_09.png,611,1
/content/dataset/real/room_612.jpg,612,0
/content/dataset/synthetic/room_612/syn_00.png,612,1
/content/dataset/synthetic/room_612/syn_01.png,612,1
/content/dataset/synthetic/room_612/syn_02.png,612,1
/content/dataset/synthetic/room_612/syn_03.png,612,1
/content/dataset/synthetic/room_612/syn_04.png,612,1
/content/dataset/synthetic/room_612/syn_05.png,612,1
/content/dataset/synthetic/room_612/syn_06.png,612,1
/content/dataset/synthetic/room_612/syn_07.png,612,1
/content/dataset/synthetic/room_612/syn_08.png,612,1
/content/dataset/synthetic/room_612/syn_09.png,612,1
/content/dataset/real/room_613.jpeg,613,0
/content/dataset/synthetic/room_613/syn_00.png,613,1
/content/dataset/synthetic/room_613/syn_01.png,613,1
/content/dataset/synthetic/room_613/syn_02.png,613,1
/content/dataset/synthetic/room_613/syn_03.png,613,1
/content/dataset/synthetic/room_613/syn_04.png,613,1
/content/dataset/synthetic/room_613/syn_05.png,613,1
/content/dataset/synthetic/room_613/syn_06.png,613,1
/content/dataset/synthetic/room_613/syn_07.png,613,1
/content/dataset/synthetic/room_613/syn_08.png,613,1
/content/dataset/synthetic/room_613/syn_09.png,613,1
/content/dataset/real/room_614.jpg,614,0
/content/dataset/synthetic/room_614/syn_00.png,614,1
/content/dataset/synthetic/room_614/syn_01.png,614,1
/content/dataset/synthetic/room_614/syn_02.png,614,1
/content/dataset/synthetic/room_614/syn_03.png,614,1
/content/dataset/synthetic/room_614/syn_04.png,614,1
/content/dataset/synthetic/room_614/syn_05.png,614,1
/content/dataset/synthetic/room_614/syn_06.png,614,1
/content/dataset/synthetic/room_614/syn_07.png,614,1
/content/dataset/synthetic/room_614/syn_08.png,614,1
/content/dataset/synthetic/room_614/syn_09.png,614,1
/content/dataset/real/room_615.jpeg,615,0
/content/dataset/synthetic/room_615/syn_00.png,615,1
/content/dataset/synthetic/room_615/syn_01.png,615,1
/content/dataset/synthetic/room_615/syn_02.png,615,1
/content/dataset/synthetic/room_615/syn_03.png,615,1
/content/dataset/synthetic/room_615/syn_04.png,615,1
/content/dataset/synthetic/room_615/syn_05.png,615,1
/content/dataset/synthetic/room_615/syn_06.png,615,1
/content/dataset/synthetic/room_615/syn_07.png,615,1
/content/dataset/synthetic/room_615/syn_08.png,615,1
/content/dataset/synthetic/room_615/syn_09.png,615,1
/content/dataset/real/room_616.jpg,616,0
/content/dataset/synthetic/room_616/syn_00.png,616,1
/content/dataset/synthetic/room_616/syn_01.png,616,1
/content/dataset/synthetic/room_616/syn_02.png,616,1
/content/dataset/synthetic/room_616/syn_03.png,616,1
/content/dataset/synthetic/room_616/syn_04.png,616,1
/content/dataset/synthetic/room_616/syn_05.png,616,1
/content/dataset/synthetic/room_616/syn_06.png,616,1
/content/dataset/synthetic/room_616/syn_07.png,616,1
/content/dataset/synthetic/room_616/syn_08.png,616,1
/content/dataset/synthetic/room_616/syn_09.png,616,1
/content/dataset/real/room_617.jpeg,617,0
/content/dataset/synthetic/room_617/syn_00.png,617,1
/content/dataset/synthetic/room_617/syn_01.png,617,1
/content/dataset/synthetic/room_617/syn_02.png,617,1
/content/dataset/synthetic/room_617/syn_03.png,617,1
/content/dataset/synthetic/room_617/syn_04.png,617,1
/content/dataset/synthetic/room_617/syn_05.png,617,1
/content/dataset/synthetic/room_617/syn_06.png,617,1
/content/dataset/synthetic/room_617/syn_07.png,617,1
/content/dataset/synthetic/room_617/syn_08.png,617,1
/content/dataset/synthetic/room_617/syn_09.png,617,1
/content/dataset/real/room_618.jpg,618,0
/content/dataset/synthetic/room_618/syn_00.png,618,1
/content/dataset/synthetic/room_618/syn_01.png,618,1
/content/dataset/synthetic/room_618/syn_02.png,618,1
/content/dataset/synthetic/room_618/syn_03.png,618,1
/content/dataset/synthetic/room_618/syn_04.png,618,1
/content/dataset/synthetic/room_618/syn_05.png,618,1
/content/dataset/synthetic/room_618/syn_06.png,618,1
/content/dataset/synthetic/room_618/syn_07.png,618,1
/content/dataset/synthetic/room_618/syn_08.png,618,1
/content/dataset/synthetic/room_618/syn_09.png,618,1
/content/dataset/real/room_619.jpeg,619,0
/content/dataset/synthetic/room_619/syn_00.png,619,1
/content/dataset/synthetic/room_619/syn_01.png,619,1
/content/dataset/synthetic/room_619/syn_02.png,619,1
/content/dataset/synthetic/room_619/syn_03.png,619,1
/content/dataset/synthetic/room_619/syn_04.png,619,1
/content/dataset/synthetic/room_619/syn_05.png,619,1
/content/dataset/synthetic/room_619/syn_06.png,619,1
/content/dataset/synthetic/room_619/syn_07.png,619,1
/content/dataset/synthetic/room_619/syn_08.png,619,1
/content/dataset/synthetic/room_619/syn_09.png,619,1
/content/dataset/real/room_620.jpg,620,0
/content/dataset/synthetic/room_620/syn_00.png,620,1
/content/dataset/synthetic/room_620/syn_01.png,620,1
/content/dataset/synthetic/room_620/syn_02.png,620,1
/content/dataset/synthetic/room_620/syn_03.png,620,1
/content/dataset/synthetic/room_620/syn_04.png,620,1
/content/dataset/synthetic/room_620/syn_05.png,620,1
/content/dataset/synthetic/room_620/syn_06.png,620,1
/content/dataset/synthetic/room_620/syn_07.png,620,1
/content/dataset/synthetic/room_620/syn_08.png,620,1
/content/dataset/synthetic/room_620/syn_09.png,620,1
/content/dataset/real/room_621.jpeg,621,0
/content/dataset/synthetic/room_621/syn_00.png,621,1
/content/dataset/synthetic/room_621/syn_01.png,621,1
/content/dataset/synthetic/room_621/syn_02.png,621,1
/content/dataset/synthetic/room_621/syn_03.png,621,1
/content/dataset/synthetic/room_621/syn_04.png,621,1
/content/dataset/synthetic/room_621/syn_05.png,621,1
/content/dataset/synthetic/room_621/syn_06.png,621,1
/content/dataset/synthetic/room_621/syn_07.png,621,1
/content/dataset/synthetic/room_621/syn_08.png,621,1
/content/dataset/synthetic/room_621/syn_09.png,621,1
/content/dataset/real/room_622.jpg,622,0
/content/dataset/synthetic/room_622/syn_00.png,622,1
/content/dataset/synthetic/room_622/syn_01.png,622,1
/content/dataset/synthetic/room_622/syn_02.png,622,1
/content/dataset/synthetic/room_622/syn_03.png,622,1
/content/dataset/synthetic/room_622/syn_04.png,622,1
/content/dataset/synthetic/room_622/syn_05.png,622,1
/content/dataset/synthetic/room_622/syn_06.png,622,1
/content/dataset/synthetic/room_622/syn_07.png,622,1
/content/dataset/synthetic/room_622/syn_08.png,622,1
/content/dataset/synthetic/room_622/syn_09.png,622,1
/content/dataset/real/room_623.jpeg,623,0
/content/dataset/synthetic/room_623/syn_00.png,623,1
/content/dataset/synthetic/room_623/syn_01.png,623,1
/content/dataset/synthetic/room_623/syn_02.png,623,1
/content/dataset/synthetic/room_623/syn_03.png,623,1
/content/dataset/synthetic/room_623/syn_04.png,623,1
/content/dataset/synthetic/room_623/syn_05.png,623,1
/content/dataset/synthetic/room_623/syn_06.png,623,1
/content/dataset/synthetic/room_623/syn_07.png,623,1
/content/dataset/synthetic/room_623/syn_08.png,623,1
/content/dataset/synthetic/room_623/syn_09.png,623,1
/content/dataset/real/room_624.jpg,624,0
/content/dataset/synthetic/room_624/syn_00.png,624,1
/content/dataset/synthetic/room_624/syn_01.png,624,1
/content/dataset/synthetic/room_624/syn_02.png,624,1
/content/dataset/synthetic/room_624/syn_03.png,624,1
/content/dataset/synthetic/room_624/syn_04.png,624,1
/content/dataset/synthetic/room_624/syn_05.png,624,1
/content/dataset/synthetic/room_624/syn_06.png,624,1
/content/dataset/synthetic/room_624/syn_07.png,624,1
/content/dataset/synthetic/room_624/syn_08.png,624,1
/content/dataset/synthetic/room_624/syn_09.png,624,1
/content/dataset/real/room_625.jpeg,625,0
/content/dataset/synthetic/room_625/syn_00.png,625,1
/content/dataset/synthetic/room_625/syn_01.png,625,1
/content/dataset/synthetic/room_625/syn_02.png,625,1
/content/dataset/synthetic/room_625/syn_03.png,625,1
/content/dataset/synthetic/room_625/syn_04.png,625,1
/content/dataset/synthetic/room_625/syn_05.png,625,1
/content/dataset/synthetic/room_625/syn_06.png,625,1
/content/dataset/synthetic/room_625/syn_07.png,625,1
/content/dataset/synthetic/room_625/syn_08.png,625,1
/content/dataset/synthetic/room_625/syn_09.png,625,1
/content/dataset/real/room_626.jpg,626,0
/content/dataset/synthetic/room_626/syn_00.png,626,1
/content/dataset/synthetic/room_626/syn_01.png,626,1
/content/dataset/synthetic/room_626/syn_02.png,626,1
/content/dataset/synthetic/room_626/syn_03.png,626,1
/content/dataset/synthetic/room_626/syn_04.png,626,1
/content/dataset/synthetic/room_626/syn_05.png,626,1
/content/dataset/synthetic/room_626/syn_06.png,626,1
/content/dataset/synthetic/room_626/syn_07.png,626,1
/content/dataset/synthetic/room_626/syn_08.png,626,1
/content/dataset/synthetic/room_626/syn_09.png,626,1
/content/dataset/real/room_627.jpeg,627,0
/content/dataset/synthetic/room_627/syn_00.png,627,1
/content/dataset/synthetic/room_627/syn_01.png,627,1
/content/dataset/synthetic/room_627/syn_02.png,627,1
/content/dataset/synthetic/room_627/syn_03.png,627,1
/content/dataset/synthetic/room_627/syn_04.png,627,1
/content/dataset/synthetic/room_627/syn_05.png,627,1
/content/dataset/synthetic/room_627/syn_06.png,627,1
/content/dataset/synthetic/room_627/syn_07.png,627,1
/content/dataset/synthetic/room_627/syn_08.png,627,1
/content/dataset/synthetic/room_627/syn_09.png,627,1
/content/dataset/real/room_628.jpg,628,0
/content/dataset/synthetic/room_628/syn_00.png,628,1
/content/dataset/synthetic/room_628/syn_01.png,628,1
/content/dataset/synthetic/room_628/syn_02.png,628,1
/content/dataset/synthetic/room_628/syn_03.png,628,1
/content/dataset/synthetic/room_628/syn_04.png,628,1
/content/dataset/synthetic/room_628/syn_05.png,628,1
/content/dataset/synthetic/room_628/syn_06.png,628,1
/content/dataset/synthetic/room_628/syn_07.png,628,1
/content/dataset/synthetic/room_628/syn_08.png,628,1
/content/dataset/synthetic/room_628/syn_09.png,628,1
/content/dataset/real/room_629.jpeg,629,0
/content/dataset/synthetic/room_629/syn_00.png,629,1
/content/dataset/synthetic/room_629/syn_01.png,629,1
/content/dataset/synthetic/room_629/syn_02.png,629,1
/content/dataset/synthetic/room_629/syn_03.png,629,1
/content/dataset/synthetic/room_629/syn_04.png,629,1
/content/dataset/synthetic/room_629/syn_05.png,629,1
/content/dataset/synthetic/room_629/syn_06.png,629,1
/content/dataset/synthetic/room_629/syn_07.png,629,1
/content/dataset/synthetic/room_629/syn_08.png,629,1
/content/dataset/synthetic/room_629/syn_09.png,629,1
/content/dataset/real/room_630.jpg,630,0
/content/dataset/synthetic/room_630/syn_00.png,630,1
/content/dataset/synthetic/room_630/syn_01.png,630,1
/content/dataset/synthetic/room_630/syn_02.png,630,1
/content/dataset/synthetic/room_630/syn_03.png,630,1
/content/dataset/synthetic/room_630/syn_04.png,630,1
/content/dataset/synthetic/room_630/syn_05.png,630,1
/content/dataset/synthetic/room_630/syn_06.png,630,1
/content/dataset/synthetic/room_630/syn_07.png,630,1
/content/dataset/synthetic/room_630/syn_08.png,630,1
/content/dataset/synthetic/room_630/syn_09.png,630,1
/content/dataset/real/room_631.jpeg,631,0
/content/dataset/synthetic/room_631/syn_00.png,631,1
/content/dataset/synthetic/room_631/syn_01.png,631,1
/content/dataset/synthetic/room_631/syn_02.png,631,1
/content/dataset/synthetic/room_631/syn_03.png,631,1
/content/dataset/synthetic/room_631/syn_04.png,631,1
/content/dataset/synthetic/room_631/syn_05.png,631,1
/content/dataset/synthetic/room_631/syn_06.png,631,1
/content/dataset/synthetic/room_631/syn_07.png,631,1
/content/dataset/synthetic/room_631/syn_08.png,631,1
/content/dataset/synthetic/room_631/syn_09.png,631,1
/content/dataset/real/room_632.jpg,632,0
/content/dataset/synthetic/room_632/syn_00.png,632,1
/content/dataset/synthetic/room_632/syn_01.png,632,1
/content/dataset/synthetic/room_632/syn_02.png,632,1
/content/dataset/synthetic/room_632/syn_03.png,632,1
/content/dataset/synthetic/room_632/syn_04.png,632,1
/content/dataset/synthetic/room_632/syn_05.png,632,1
/content/dataset/synthetic/room_632/syn_06.png,632,1
/content/dataset/synthetic/room_632/syn_07.png,632,1
/content/dataset/synthetic/room_632/syn_08.png,632,1
/content/dataset/synthetic/room_632/syn_09.png,632,1
/content/dataset/real/room_633.jpeg,633,0
/content/dataset/synthetic/room_633/syn_00.png,633,1
/content/dataset/synthetic/room_633/syn_01.png,633,1
/content/dataset/synthetic/room_633/syn_02.png,633,1
/content/dataset/synthetic/room_633/syn_03.png,633,1
/content/dataset/synthetic/room_633/syn_04.png,633,1
/content/dataset/synthetic/room_633/syn_05.png,633,1
/content/dataset/synthetic/room_633/syn_06.png,633,1
/content/dataset/synthetic/room_633/syn_07.png,633,1
/content/dataset/synthetic/room_633/syn_08.png,633,1
/content/dataset/synthetic/room_633/syn_09.png,633,1
/content/dataset/real/room_634.jpg,634,0
/content/dataset/synthetic/room_634/syn_00.png,634,1
/content/dataset/synthetic/room_634/syn_01.png,634,1
/content/dataset/synthetic/room_634/syn_02.png,634,1
/content/dataset/synthetic/room_634/syn_03.png,634,1
/content/dataset/synthetic/room_634/syn_04.png,634,1
/content/dataset/synthetic/room_634/syn_05.png,634,1
/content/dataset/synthetic/room_634/syn_06.png,634,1
/content/dataset/synthetic/room_634/syn_07.png,634,1
/content/dataset/synthetic/room_634/syn_08.png,634,1
/content/dataset/synthetic/room_634/syn_09.png,634,1
/content/dataset/real/room_635.jpeg,635,0
/content/dataset/synthetic/room_635/syn_00.png,635,1
/content/dataset/synthetic/room_635/syn_01.png,635,1
/content/dataset/synthetic/room_635/syn_02.png,635,1
/content/dataset/synthetic/room_635/syn_03.png,635,1
/content/dataset/synthetic/room_635/syn_04.png,635,1
/content/dataset/synthetic/room_635/syn_05.png,635,1
/content/dataset/synthetic/room_635/syn_06.png,635,1
/content/dataset/synthetic/room_635/syn_07.png,635,1
/content/dataset/synthetic/room_635/syn_08.png,635,1
/content/dataset/synthetic/room_635/syn_09.png,635,1
/content/dataset/real/room_636.jpg,636,0
/content/dataset/synthetic/room_636/syn_00.png,636,1
/content/dataset/synthetic/room_636/syn_01.png,636,1
/content/dataset/synthetic/room_636/syn_02.png,636,1
/content/dataset/synthetic/room_636/syn_03.png,636,1
/content/dataset/synthetic/room_636/syn_04.png,636,1
/content/dataset/synthetic/room_636/syn_05.png,636,1
/content/dataset/synthetic/room_636/syn_06.png,636,1
/content/dataset/synthetic/room_636/syn_07.png,636,1
/content/dataset/synthetic/room_636/syn_08.png,636,1
/content/dataset/synthetic/room_636/syn_09.png,636,1
/content/dataset/real/room_637.jpeg,637,0
/content/dataset/synthetic/room_637/syn_00.png,637,1
/content/dataset/synthetic/room_637/syn_01.png,637,1
/content/dataset/synthetic/room_637/syn_02.png,637,1
/content/dataset/synthetic/room_637/syn_03.png,637,1
/content/dataset/synthetic/room_637/syn_04.png,637,1
/content/dataset/synthetic/room_637/syn_05.png,637,1
/content/dataset/synthetic/room_637/syn_06.png,637,1
/content/dataset/synthetic/room_637/syn_07.png,637,1
/content/dataset/synthetic/room_637/syn_08.png,637,1
/content/dataset/synthetic/room_637/syn_09.png,637,1
/content/dataset/real/room_638.jpg,638,0
/content/dataset/synthetic/room_638/syn_00.png,638,1
/content/dataset/synthetic/room_638/syn_01.png,638,1
/content/dataset/synthetic/room_638/syn_02.png,638,1
/content/dataset/synthetic/room_638/syn_03.png,638,1
/content/dataset/synthetic/room_638/syn_04.png,638,1
/content/dataset/synthetic/room_638/syn_05.png,638,1
/content/dataset/synthetic/room_638/syn_06.png,638,1
/content/dataset/synthetic/room_638/syn_07.png,638,1
/content/dataset/synthetic/room_638/syn_08.png,638,1
/content/dataset/synthetic/room_638/syn_09.png,638,1
/content/dataset/real/room_639.jpeg,639,0
/content/dataset/synthetic/room_639/syn_00.png,639,1
/content/dataset/synthetic/room_639/syn_01.png,639,1
/content/dataset/synthetic/room_639/syn_02.png,639,1
/content/dataset/synthetic/room_639/syn_03.png,639,1
/content/dataset/synthetic/room_639/syn_04.png,639,1
/content/dataset/synthetic/room_639/syn_05.png,639,1
/content/dataset/synthetic/room_639/syn_06.png,639,1
/content/dataset/synthetic/room_639/syn_07.png,639,1
/content/dataset/synthetic/room_639/syn_08.png,639,1
/content/dataset/synthetic/room_639/syn_09.png,639,1
/content/dataset/real/room_640.jpg,640,0
/content/dataset/synthetic/room_640/syn_00.png,640,1
/content/dataset/synthetic/room_640/syn_01.png,640,1
/content/dataset/synthetic/room_640/syn_02.png,640,1
/content/dataset/synthetic/room_640/syn_03.png,640,1
/content/dataset/synthetic/room_640/syn_04.png,640,1
/content/dataset/synthetic/room_640/syn_05.png,640,1
/content/dataset/synthetic/room_640/syn_06.png,640,1
/content/dataset/synthetic/room_640/syn_07.png,640,1
/content/dataset/synthetic/room_640/syn_08.png,640,1
/content/dataset/synthetic/room_640/syn_09.png,640,1
/content/dataset/real/room_641.jpeg,641,0
/content/dataset/synthetic/room_641/syn_00.png,641,1
/content/dataset/synthetic/room_641/syn_01.png,641,1
/content/dataset/synthetic/room_641/syn_02.png,641,1
/content/dataset/synthetic/room_641/syn_03.png,641,1
/content/dataset/synthetic/room_641/syn_04.png,641,1
/content/dataset/synthetic/room_641/syn_05.png,641,1
/content/dataset/synthetic/room_641/syn_06.png,641,1
/content/dataset/synthetic/room_641/syn_07.png,641,1
/content/dataset/synthetic/room_641/syn_08.png,641,1
/content/dataset/synthetic/room_641/syn_09.png,641,1
/content/dataset/real/room_642.jpg,642,0
/content/dataset/synthetic/room_642/syn_00.png,642,1
/content/dataset/synthetic/room_642/syn_01.png,642,1
/content/dataset/synthetic/room_642/syn_02.png,642,1
/content/dataset/synthetic/room_642/syn_03.png,642,1
/content/dataset/synthetic/room_642/syn_04.png,642,1
/content/dataset/synthetic/room_642/syn_05.png,642,1
/content/dataset/synthetic/room_642/syn_06.png,642,1
/content/dataset/synthetic/room_642/syn_07.png,642,1
/content/dataset/synthetic/room_642/syn_08.png,642,1
/content/dataset/synthetic/room_642/syn_09.png,642,1
/content/dataset/real/room_643.jpeg,643,0
/content/dataset/synthetic/room_643/syn_00.png,643,1
/content/dataset/synthetic/room_643/syn_01.png,643,1
/content/dataset/synthetic/room_643/syn_02.png,643,1
/content/dataset/synthetic/room_643/syn_03.png,643,1
/content/dataset/synthetic/room_643/syn_04.png,643,1
/content/dataset/synthetic/room_643/syn_05.png,643,1
/content/dataset/synthetic/room_643/syn_06.png,643,1
/content/dataset/synthetic/room_643/syn_07.png,643,1
/content/dataset/synthetic/room_643/syn_08.png,643,1
/content/dataset/synthetic/room_643/syn_09.png,643,1
/content/dataset/real/room_644.jpg,644,0
/content/dataset/synthetic/room_644/syn_00.png,644,1
/content/dataset/synthetic/room_644/syn_01.png,644,1
/content/dataset/synthetic/room_644/syn_02.png,644,1
/content/dataset/synthetic/room_644/syn_03.png,644,1
/content/dataset/synthetic/room_644/syn_04.png,644,1
/content/dataset/synthetic/room_644/syn_05.png,644,1
/content/dataset/synthetic/room_644/syn_06.png,644,1
/content/dataset/synthetic/room_644/syn_07.png,644,1
/content/dataset/synthetic/room_644/syn_08.png,644,1
/content/dataset/synthetic/room_644/syn_09.png,644,1
/content/dataset/real/room_645.jpeg,645,0
/content/dataset/synthetic/room_645/syn_00.png,645,1
/content/dataset/synthetic/room_645/syn_01.png,645,1
/content/dataset/synthetic/room_645/syn_02.png,645,1
/content/dataset/synthetic/room_645/syn_03.png,645,1
/content/dataset/synthetic/room_645/syn_04.png,645,1
/content/dataset/synthetic/room_645/syn_05.png,645,1
/content/dataset/synthetic/room_645/syn_06.png,645,1
/content/dataset/synthetic/room_645/syn_07.png,645,1
/content/dataset/synthetic/room_645/syn_08.png,645,1
/content/dataset/synthetic/room_645/syn_09.png,645,1
/content/dataset/real/room_646.jpg,646,0
/content/dataset/synthetic/room_646/syn_00.png,646,1
/content/dataset/synthetic/room_646/syn_01.png,646,1
/content/dataset/synthetic/room_646/syn_02.png,646,1
/content/dataset/synthetic/room_646/syn_03.png,646,1
/content/dataset/synthetic/room_646/syn_04.png,646,1
/content/dataset/synthetic/room_646/syn_05.png,646,1
/content/dataset/synthetic/room_646/syn_06.png,646,1
/content/dataset/synthetic/room_646/syn_07.png,646,1
/content/dataset/synthetic/room_646/syn_08.png,646,1
/content/dataset/synthetic/room_646/syn_09.png,646,1
/content/dataset/real/room_647.jpeg,647,0
/content/dataset/synthetic/room_647/syn_00.png,647,1
/content/dataset/synthetic/room_647/syn_01.png,647,1
/content/dataset/synthetic/room_647/syn_02.png,647,1
/content/dataset/synthetic/room_647/syn_03.png,647,1
/content/dataset/synthetic/room_647/syn_04.png,647,1
/content/dataset/synthetic/room_647/syn_05.png,647,1
/content/dataset/synthetic/room_647/syn_06.png,647,1
/content/dataset/synthetic/room_647/syn_07.png,647,1
/content/dataset/synthetic/room_647/syn_08.png,647,1
/content/dataset/synthetic/room_647/syn_09.png,647,1
/content/dataset/real/room_648.jpg,648,0
/content/dataset/synthetic/room_648/syn_00.png,648,1
/content/dataset/synthetic/room_648/syn_01.png,648,1
/content/dataset/synthetic/room_648/syn_02.png,648,1
/content/dataset/synthetic/room_648/syn_03.png,648,1
/content/dataset/synthetic/room_648/syn_04.png,648,1
/content/dataset/synthetic/room_648/syn_05.png,648,1
/content/dataset/synthetic/room_648/syn_06.png,648,1
/content/dataset/synthetic/room_648/syn_07.png,648,1
/content/dataset/synthetic/room_648/syn_08.png,648,1
/content/dataset/synthetic/room_648/syn_09.png,648,1
/content/dataset/real/room_649.jpeg,649,0
/content/dataset/synthetic/room_649/syn_00.png,649,1
/content/dataset/synthetic/room_649/syn_01.png,649,1
/content/dataset/synthetic/room_649/syn_02.png,649,1
/content/dataset/synthetic/room_649/syn_03.png,649,1
/content/dataset/synthetic/room_649/syn_04.png,649,1
/content/dataset/synthetic/room_649/syn_05.png,649,1
/content/dataset/synthetic/room_649/syn_06.png,649,1
/content/dataset/synthetic/room_649/syn_07.png,649,1
/content/dataset/synthetic/room_649/syn_08.png,649,1
/content/dataset/synthetic/room_649/syn_09.png,649,1
/content/dataset/real/room_650.jpg,650,0
/content/dataset/synthetic/room_650/syn_00.png,650,1
/content/dataset/synthetic/room_650/syn_01.png,650,1
/content/dataset/synthetic/room_650/syn_02.png,650,1
/content/dataset/synthetic/room_650/syn_03.png,650,1
/content/dataset/synthetic/room_650/syn_04.png,650,1
/content/dataset/synthetic/room_650/syn_05.png,650,1
/content/dataset/synthetic/room_650/syn_06.png,650,1
/content/dataset/synthetic/room_650/syn_07.png,650,1
/content/dataset/synthetic/room_650/syn_08.png,650,1
/content/dataset/synthetic/room_650/syn_09.png,650,1
/content/dataset/real/room_651.jpeg,651,0
/content/dataset/synthetic/room_651/syn_00.png,651,1
/content/dataset/synthetic/room_651/syn_01.png,651,1
/content/dataset/synthetic/room_651/syn_02.png,651,1
/content/dataset/synthetic/room_651/syn_03.png,651,1
/content/dataset/synthetic/room_651/syn_04.png,651,1
/content/dataset/synthetic/room_651/syn_05.png,651,1
/content/dataset/synthetic/room_651/syn_06.png,651,1
/content/dataset/synthetic/room_651/syn_07.png,651,1
/content/dataset/synthetic/room_651/syn_08.png,651,1
/content/dataset/synthetic/room_651/syn_09.png,651,1
/content/dataset/real/room_652.jpg,652,0
/content/dataset/synthetic/room_652/syn_00.png,652,1
/content/dataset/synthetic/room_652/syn_01.png,652,1
/content/dataset/synthetic/room_652/syn_02.png,652,1
/content/dataset/synthetic/room_652/syn_03.png,652,1
/content/dataset/synthetic/room_652/syn_04.png,652,1
/content/dataset/synthetic/room_652/syn_05.png,652,1
/content/dataset/synthetic/room_652/syn_06.png,652,1
/content/dataset/synthetic/room_652/syn_07.png,652,1
/content/dataset/synthetic/room_652/syn_08.png,652,1
/content/dataset/synthetic/room_652/syn_09.png,652,1
/content/dataset/real/room_653.jpeg,653,0
/content/dataset/synthetic/room_653/syn_00.png,653,1
/content/dataset/synthetic/room_653/syn_01.png,653,1
/content/dataset/synthetic/room_653/syn_02.png,653,1
/content/dataset/synthetic/room_653/syn_03.png,653,1
/content/dataset/synthetic/room_653/syn_04.png,653,1
/content/dataset/synthetic/room_653/syn_05.png,653,1
/content/dataset/synthetic/room_653/syn_06.png,653,1
/content/dataset/synthetic/room_653/syn_07.png,653,1
/content/dataset/synthetic/room_653/syn_08.png,653,1
/content/dataset/synthetic/room_653/syn_09.png,653,1
/content/dataset/real/room_654.jpg,654,0
/content/dataset/synthetic/room_654/syn_00.png,654,1
/content/dataset/synthetic/room_654/syn_01.png,654,1
/content/dataset/synthetic/room_654/syn_02.png,654,1
/content/dataset/synthetic/room_654/syn_03.png,654,1
/content/dataset/synthetic/room_654/syn_04.png,654,1
/content/dataset/synthetic/room_654/syn_05.png,654,1
/content/dataset/synthetic/room_654/syn_06.png,654,1
/content/dataset/synthetic/room_654/syn_07.png,654,1
/content/dataset/synthetic/room_654/syn_08.png,654,1
/content/dataset/synthetic/room_654/syn_09.png,654,1
/content/dataset/real/room_655.jpeg,655,0
/content/dataset/synthetic/room_655/syn_00.png,655,1
/content/dataset/synthetic/room_655/syn_01.png,655,1
/content/dataset/synthetic/room_655/syn_02.png,655,1
/content/dataset/synthetic/room_655/syn_03.png,655,1
/content/dataset/synthetic/room_655/syn_04.png,655,1
/content/dataset/synthetic/room_655/syn_05.png,655,1
/content/dataset/synthetic/room_655/syn_06.png,655,1
/content/dataset/synthetic/room_655/syn_07.png,655,1
/content/dataset/synthetic/room_655/syn_08.png,655,1
/content/dataset/synthetic/room_655/syn_09.png,655,1
/content/dataset/real/room_656.jpg,656,0
/content/dataset/synthetic/room_656/syn_00.png,656,1
/content/dataset/synthetic/room_656/syn_01.png,656,1
/content/dataset/synthetic/room_656/syn_02.png,656,1
/content/dataset/synthetic/room_656/syn_03.png,656,1
/content/dataset/synthetic/room_656/syn_04.png,656,1
/content/dataset/synthetic/room_656/syn_05.png,656,1
/content/dataset/synthetic/room_656/syn_06.png,656,1
/content/dataset/synthetic/room_656/syn_07.png,656,1
/content/dataset/synthetic/room_656/syn_08.png,656,1
/content/dataset/synthetic/room_656/syn_09.png,656,1
/content/dataset/real/room_657.jpeg,657,0
/content/dataset/synthetic/room_657/syn_00.png,657,1
/content/dataset/synthetic/room_657/syn_01.png,657,1
/content/dataset/synthetic/room_657/syn_02.png,657,1
/content/dataset/synthetic/room_657/syn_03.png,657,1
/content/dataset/synthetic/room_657/syn_04.png,657,1
/content/dataset/synthetic/room_657/syn_05.png,657,1
/content/dataset/synthetic/room_657/syn_06.png,657,1
/content/dataset/synthetic/room_657/syn_07.png,657,1
/content/dataset/synthetic/room_657/syn_08.png,657,1
/content/dataset/synthetic/room_657/syn_09.png,657,1
/content/dataset/real/room_658.jpg,658,0
/content/dataset/synthetic/room_658/syn_00.png,658,1
/content/dataset/synthetic/room_658/syn_01.png,658,1
/content/dataset/synthetic/room_658/syn_02.png,658,1
/content/dataset/synthetic/room_658/syn_03.png,658,1
/content/dataset/synthetic/room_658/syn_04.png,658,1
/content/dataset/synthetic/room_658/syn_05.png,658,1
/content/dataset/synthetic/room_658/syn_06.png,658,1
/content/dataset/synthetic/room_658/syn_07.png,658,1
/content/dataset/synthetic/room_658/syn_08.png,658,1
/content/dataset/synthetic/room_658/syn_09.png,658,1
/content/dataset/real/room_659.jpeg,659,0
/content/dataset/synthetic/room_659/syn_00.png,659,1
/content/dataset/synthetic/room_659/syn_01.png,659,1
/content/dataset/synthetic/room_659/syn_02.png,659,1
/content/dataset/synthetic/room_659/syn_03.png,659,1
/content/dataset/synthetic/room_659/syn_04.png,659,1
/content/dataset/synthetic/room_659/syn_05.png,659,1
/content/dataset/synthetic/room_659/syn_06.png,659,1
/content/dataset/synthetic/room_659/syn_07.png,659,1
/content/dataset/synthetic/room_659/syn_08.png,659,1
/content/dataset/synthetic/room_659/syn_09.png,659,1
/content/dataset/real/room_660.jpg,660,0
/content/dataset/synthetic/room_660/syn_00.png,660,1
/content/dataset/synthetic/room_660/syn_01.png,660,1
/content/dataset/synthetic/room_660/syn_02.png,660,1
/content/dataset/synthetic/room_660/syn_03.png,660,1
/content/dataset/synthetic/room_660/syn_04.png,660,1
/content/dataset/synthetic/room_660/syn_05.png,660,1
/content/dataset/synthetic/room_660/syn_06.png,660,1
/content/dataset/synthetic/room_660/syn_07.png,660,1
/content/dataset/synthetic/room_660/syn_08.png,660,1
/content/dataset/synthetic/room_660/syn_09.png,660,1
/content/dataset/real/room_661.jpeg,661,0
/content/dataset/synthetic/room_661/syn_00.png,661,1
/content/dataset/synthetic/room_661/syn_01.png,661,1
/content/dataset/synthetic/room_661/syn_02.png,661,1
/content/dataset/synthetic/room_661/syn_03.png,661,1
/content/dataset/synthetic/room_661/syn_04.png,661,1
/content/dataset/synthetic/room_661/syn_05.png,661,1
/content/dataset/synthetic/room_661/syn_06.png,661,1
/content/dataset/synthetic/room_661/syn_07.png,661,1
/content/dataset/synthetic/room_661/syn_08.png,661,1
/content/dataset/synthetic/room_661/syn_09.png,661,1
/content/dataset/real/room_662.jpg,662,0
/content/dataset/synthetic/room_662/syn_00.png,662,1
/content/dataset/synthetic/room_662/syn_01.png,662,1
/content/dataset/synthetic/room_662/syn_02.png,662,1
/content/dataset/synthetic/room_662/syn_03.png,662,1
/content/dataset/synthetic/room_662/syn_04.png,662,1
/content/dataset/synthetic/room_662/syn_05.png,662,1
/content/dataset/synthetic/room_662/syn_06.png,662,1
/content/dataset/synthetic/room_662/syn_07.png,662,1
/content/dataset/synthetic/room_662/syn_08.png,662,1
/content/dataset/synthetic/room_662/syn_09.png,662,1
/content/dataset/real/room_663.jpeg,663,0
/content/dataset/synthetic/room_663/syn_00.png,663,1
/content/dataset/synthetic/room_663/syn_01.png,663,1
/content/dataset/synthetic/room_663/syn_02.png,663,1
/content/dataset/synthetic/room_663/syn_03.png,663,1
/content/dataset/synthetic/room_663/syn_04.png,663,1
/content/dataset/synthetic/room_663/syn_05.png,663,1
/content/dataset/synthetic/room_663/syn_06.png,663,1
/content/dataset/synthetic/room_663/syn_07.png,663,1
/content/dataset/synthetic/room_663/syn_08.png,663,1
/content/dataset/synthetic/room_663/syn_09.png,663,1
/content/dataset/real/room_664.jpg,664,0
/content/dataset/synthetic/room_664/syn_00.png,664,1
/content/dataset/synthetic/room_664/syn_01.png,664,1
/content/dataset/synthetic/room_664/syn_02.png,664,1
/content/dataset/synthetic/room_664/syn_03.png,664,1
/content/dataset/synthetic/room_664/syn_04.png,664,1
/content/dataset/synthetic/room_664/syn_05.png,664,1
/content/dataset/synthetic/room_664/syn_06.png,664,1
/content/dataset/synthetic/room_664/syn_07.png,664,1
/content/dataset/synthetic/room_664/syn_08.png,664,1
/content/dataset/synthetic/room_664/syn_09.png,664,1
/content/dataset/real/room_665.jpeg,665,0
/content/dataset/synthetic/room_665/syn_00.png,665,1
/content/dataset/synthetic/room_665/syn_01.png,665,1
/content/dataset/synthetic/room_665/syn_02.png,665,1
/content/dataset/synthetic/room_665/syn_03.png,665,1
/content/dataset/synthetic/room_665/syn_04.png,665,1
/content/dataset/synthetic/room_665/syn_05.png,665,1
/content/dataset/synthetic/room_665/syn_06.png,665,1
/content/dataset/synthetic/room_665/syn_07.png,665,1
/content/dataset/synthetic/room_665/syn_08.png,665,1
/content/dataset/synthetic/room_665/syn_09.png,665,1
/content/dataset/real/room_666.jpg,666,0
/content/dataset/synthetic/room_666/syn_00.png,666,1
/content/dataset/synthetic/room_666/syn_01.png,666,1
/content/dataset/synthetic/room_666/syn_02.png,666,1
/content/dataset/synthetic/room_666/syn_03.png,666,1
/content/dataset/synthetic/room_666/syn_04.png,666,1
/content/dataset/synthetic/room_666/syn_05.png,666,1
/content/dataset/synthetic/room_666/syn_06.png,666,1
/content/dataset/synthetic/room_666/syn_07.png,666,1
/content/dataset/synthetic/room_666/syn_08.png,666,1
/content/dataset/synthetic/room_666/syn_09.png,666,1
/content/dataset/real/room_667.jpeg,667,0
/content/dataset/synthetic/room_667/syn_00.png,667,1
/content/dataset/synthetic/room_667/syn_01.png,667,1
/content/dataset/synthetic/room_667/syn_02.png,667,1
/content/dataset/synthetic/room_667/syn_03.png,667,1
/content/dataset/synthetic/room_667/syn_04.png,667,1
/content/dataset/synthetic/room_667/syn_05.png,667,1
/content/dataset/synthetic/room_667/syn_06.png,667,1
/content/dataset/synthetic/room_667/syn_07.png,667,1
/content/dataset/synthetic/room_667/syn_08.png,667,1
/content/dataset/synthetic/room_667/syn_09.png,667,1
/content/dataset/real/room_668.jpg,668,0
/content/dataset/synthetic/room_668/syn_00.png,668,1
/content/dataset/synthetic/room_668/syn_01.png,668,1
/content/dataset/synthetic/room_668/syn_02.png,668,1
/content/dataset/synthetic/room_668/syn_03.png,668,1
/content/dataset/synthetic/room_668/syn_04.png,668,1
/content/dataset/synthetic/room_668/syn_05.png,668,1
/content/dataset/synthetic/room_668/syn_06.png,668,1
/content/dataset/synthetic/room_668/syn_07.png,668,1
/content/dataset/synthetic/room_668/syn_08.png,668,1
/content/dataset/synthetic/room_668/syn_09.png,668,1
/content/dataset/real/room_669.jpeg,669,0
/content/dataset/synthetic/room_669/syn_00.png,669,1
/content/dataset/synthetic/room_669/syn_01.png,669,1
/content/dataset/synthetic/room_669/syn_02.png,669,1
/content/dataset/synthetic/room_669/syn_03.png,669,1
/content/dataset/synthetic/room_669/syn_04.png,669,1
/content/dataset/synthetic/room_669/syn_05.png,669,1
/content/dataset/synthetic/room_669/syn_06.png,669,1
/content/dataset/synthetic/room_669/syn_07.png,669,1
/content/dataset/synthetic/room_669/syn_08.png,669,1
/content/dataset/synthetic/room_669/syn_09.png,669,1
/content/dataset/real/room_670.jpg,670,0
/content/dataset/synthetic/room_670/syn_00.png,670,1
/content/dataset/synthetic/room_670/syn_01.png,670,1
/content/dataset/synthetic/room_670/syn_02.png,670,1
/content/dataset/synthetic/room_670/syn_03.png,670,1
/content/dataset/synthetic/room_670/syn_04.png,670,1
/content/dataset/synthetic/room_670/syn_05.png,670,1
/content/dataset/synthetic/room_670/syn_06.png,670,1
/content/dataset/synthetic/room_670/syn_07.png,670,1
/content/dataset/synthetic/room_670/syn_08.png,670,1
/content/dataset/synthetic/room_670/syn_09.png,670,1
/content/dataset/real/room_671.jpeg,671,0
/content/dataset/synthetic/room_671/syn_00.png,671,1
/content/dataset/synthetic/room_671/syn_01.png,671,1
/content/dataset/synthetic/room_671/syn_02.png,671,1
/content/dataset/synthetic/room_671/syn_03.png,671,1
/content/dataset/synthetic/room_671/syn_04.png,671,1
/content/dataset/synthetic/room_671/syn_05.png,671,1
/content/dataset/synthetic/room_671/syn_06.png,671,1
/content/dataset/synthetic/room_671/syn_07.png,671,1
/content/dataset/synthetic/room_671/syn_08.png,671,1
/content/dataset/synthetic/room_671/syn_09.png,671,1
/content/dataset/real/room_672.jpg,672,0
/content/dataset/synthetic/room_672/syn_00.png,672,1
/content/dataset/synthetic/room_672/syn_01.png,672,1
/content/dataset/synthetic/room_672/syn_02.png,672,1
/content/dataset/synthetic/room_672/syn_03.png,672,1
/content/dataset/synthetic/room_672/syn_04.png,672,1
/content/dataset/synthetic/room_672/syn_05.png,672,1
/content/dataset/synthetic/room_672/syn_06.png,672,1
/content/dataset/synthetic/room_672/syn_07.png,672,1
/content/dataset/synthetic/room_672/syn_08.png,672,1
/content/dataset/synthetic/room_672/syn_09.png,672,1
/content/dataset/real/room_673.jpeg,673,0
/content/dataset/synthetic/room_673/syn_00.png,673,1
/content/dataset/synthetic/room_673/syn_01.png,673,1
/content/dataset/synthetic/room_673/syn_02.png,673,1
/content/dataset/synthetic/room_673/syn_03.png,673,1
/content/dataset/synthetic/room_673/syn_04.png,673,1
/content/dataset/synthetic/room_673/syn_05.png,673,1
/content/dataset/synthetic/room_673/syn_06.png,673,1
/content/dataset/synthetic/room_673/syn_07.png,673,1
/content/dataset/synthetic/room_673/syn_08.png,673,1
/content/dataset/synthetic/room_673/syn_09.png,673,1
/content/dataset/real/room_674.jpg,674,0
/content/dataset/synthetic/room_674/syn_00.png,674,1
/content/dataset/synthetic/room_674/syn_01.png,674,1
/content/dataset/synthetic/room_674/syn_02.png,674,1
/content/dataset/synthetic/room_674/syn_03.png,674,1
/content/dataset/synthetic/room_674/syn_04.png,674,1
/content/dataset/synthetic/room_674/syn_05.png,674,1
/content/dataset/synthetic/room_674/syn_06.png,674,1
/content/dataset/synthetic/room_674/syn_07.png,674,1
/content/dataset/synthetic/room_674/syn_08.png,674,1
/content/dataset/synthetic/room_674/syn_09.png,674,1
/content/dataset/real/room_675.jpeg,675,0
/content/dataset/synthetic/room_675/syn_00.png,675,1
/content/dataset/synthetic/room_675/syn_01.png,675,1
/content/dataset/synthetic/room_675/syn_02.png,675,1
/content/dataset/synthetic/room_675/syn_03.png,675,1
/content/dataset/synthetic/room_675/syn_04.png,675,1
/content/dataset/synthetic/room_675/syn_05.png,675,1
/content/dataset/synthetic/room_675/syn_06.png,675,1
/content/dataset/synthetic/room_675/syn_07.png,675,1
/content/dataset/synthetic/room_675/syn_08.png,675,1
/content/dataset/synthetic/room_675/syn_09.png,675,1
/content/dataset/real/room_676.jpg,676,0
/content/dataset/synthetic/room_676/syn_00.png,676,1
/content/dataset/synthetic/room_676/syn_01.png,676,1
/content/dataset/synthetic/room_676/syn_02.png,676,1
/content/dataset/synthetic/room_676/syn_03.png,676,1
/content/dataset/synthetic/room_676/syn_04.png,676,1
/content/dataset/synthetic/room_676/syn_05.png,676,1
/content/dataset/synthetic/room_676/syn_06.png,676,1
/content/dataset/synthetic/room_676/syn_07.png,676,1
/content/dataset/synthetic/room_676/syn_08.png,676,1
/content/dataset/synthetic/room_676/syn_09.png,676,1
/content/dataset/real/room_677.jpeg,677,0
/content/dataset/synthetic/room_677/syn_00.png,677,1
/content/dataset/synthetic/room_677/syn_01.png,677,1
/content/dataset/synthetic/room_677/syn_02.png,677,1
/content/dataset/synthetic/room_677/syn_03.png,677,1
/content/dataset/synthetic/room_677/syn_04.png,677,1
/content/dataset/synthetic/room_677/syn_05.png,677,1
/content/dataset/synthetic/room_677/syn_06.png,677,1
/content/dataset/synthetic/room_677/syn_07.png,677,1
/content/dataset/synthetic/room_677/syn_08.png,677,1
/content/dataset/synthetic/room_677/syn_09.png,677,1
/content/dataset/real/room_678.jpg,678,0
/content/dataset/synthetic/room_678/syn_00.png,678,1
/content/dataset/synthetic/room_678/syn_01.png,678,1
/content/dataset/synthetic/room_678/syn_02.png,678,1
/content/dataset/synthetic/room_678/syn_03.png,678,1
/content/dataset/synthetic/room_678/syn_04.png,678,1
/content/dataset/synthetic/room_678/syn_05.png,678,1
/content/dataset/synthetic/room_678/syn_06.png,678,1
/content/dataset/synthetic/room_678/syn_07.png,678,1
/content/dataset/synthetic/room_678/syn_08.png,678,1
/content/dataset/synthetic/room_678/syn_09.png,678,1
/content/dataset/real/room_679.jpeg,679,0
/content/dataset/synthetic/room_679/syn_00.png,679,1
/content/dataset/synthetic/room_679/syn_01.png,679,1
/content/dataset/synthetic/room_679/syn_02.png,679,1
/content/dataset/synthetic/room_679/syn_03.png,679,1
/content/dataset/synthetic/room_679/syn_04.png,679,1
/content/dataset/synthetic/room_679/syn_05.png,679,1
/content/dataset/synthetic/room_679/syn_06.png,679,1
/content/dataset/synthetic/room_679/syn_07.png,679,1
/content/dataset/synthetic/room_679/syn_08.png,679,1
/content/dataset/synthetic/room_679/syn_09.png,679,1
/content/dataset/real/room_680.jpg,680,0
/content/dataset/synthetic/room_680/syn_00.png,680,1
/content/dataset/synthetic/room_680/syn_01.png,680,1
/content/dataset/synthetic/room_680/syn_02.png,680,1
/content/dataset/synthetic/room_680/syn_03.png,680,1
/content/dataset/synthetic/room_680/syn_04.png,680,1
/content/dataset/synthetic/room_680/syn_05.png,680,1
/content/dataset/synthetic/room_680/syn_06.png,680,1
/content/dataset/synthetic/room_680/syn_07.png,680,1
/content/dataset/synthetic/room_680/syn_08.png,680,1
/content/dataset/synthetic/room_680/syn_09.png,680,1
/content/dataset/real/room_681.jpeg,681,0
/content/dataset/synthetic/room_681/syn_00.png,681,1
/content/dataset/synthetic/room_681/syn_01.png,681,1
/content/dataset/synthetic/room_681/syn_02.png,681,1
/content/dataset/synthetic/room_681/syn_03.png,681,1
/content/dataset/synthetic/room_681/syn_04.png,681,1
/content/dataset/synthetic/room_681/syn_05.png,681,1
/content/dataset/synthetic/room_681/syn_06.png,681,1
/content/dataset/synthetic/room_681/syn_07.png,681,1
/content/dataset/synthetic/room_681/syn_08.png,681,1
/content/dataset/synthetic/room_681/syn_09.png,681,1
/content/dataset/real/room_682.jpg,682,0
/content/dataset/synthetic/room_682/syn_00.png,682,1
/content/dataset/synthetic/room_682/syn_01.png,682,1
/content/dataset/synthetic/room_682/syn_02.png,682,1
/content/dataset/synthetic/room_682/syn_03.png,682,1
/content/dataset/synthetic/room_682/syn_04.png,682,1
/content/dataset/synthetic/room_682/syn_05.png,682,1
/content/dataset/synthetic/room_682/syn_06.png,682,1
/content/dataset/synthetic/room_682/syn_07.png,682,1
/content/dataset/synthetic/room_682/syn_08.png,682,1
/content/dataset/synthetic/room_682/syn_09.png,682,1
/content/dataset/real/room_683.jpeg,683,0
/content/dataset/synthetic/room_683/syn_00.png,683,1
/content/dataset/synthetic/room_683/syn_01.png,683,1
/content/dataset/synthetic/room_683/syn_02.png,683,1
/content/dataset/synthetic/room_683/syn_03.png,683,1
/content/dataset/synthetic/room_683/syn_04.png,683,1
/content/dataset/synthetic/room_683/syn_05.png,683,1
/content/dataset/synthetic/room_683/syn_06.png,683,1
/content/dataset/synthetic/room_683/syn_07.png,683,1
/content/dataset/synthetic/room_683/syn_08.png,683,1
/content/dataset/synthetic/room_683/syn_09.png,683,1
/content/dataset/real/room_684.jpg,684,0
/content/dataset/synthetic/room_684/syn_00.png,684,1
/content/dataset/synthetic/room_684/syn_01.png,684,1
/content/dataset/synthetic/room_684/syn_02.png,684,1
/content/dataset/synthetic/room_684/syn_03.png,684,1
/content/dataset/synthetic/room_684/syn_04.png,684,1
/content/dataset/synthetic/room_684/syn_05.png,684,1
/content/dataset/synthetic/room_684/syn_06.png,684,1
/content/dataset/synthetic/room_684/syn_07.png,684,1
/content/dataset/synthetic/room_684/syn_08.png,684,1
/content/dataset/synthetic/room_684/syn_09.png,684,1
/content/dataset/real/room_685.jpeg,685,0
/content/dataset/synthetic/room_685/syn_00.png,685,1
/content/dataset/synthetic/room_685/syn_01.png,685,1
/content/dataset/synthetic/room_685/syn_02.png,685,1
/content/dataset/synthetic/room_685/syn_03.png,685,1
/content/dataset/synthetic/room_685/syn_04.png,685,1
/content/dataset/synthetic/room_685/syn_05.png,685,1
/content/dataset/synthetic/room_685/syn_06.png,685,1
/content/dataset/synthetic/room_685/syn_07.png,685,1
/content/dataset/synthetic/room_685/syn_08.png,685,1
/content/dataset/synthetic/room_685/syn_09.png,685,1
/content/dataset/real/room_686.jpg,686,0
/content/dataset/synthetic/room_686/syn_00.png,686,1
/content/dataset/synthetic/room_686/syn_01.png,686,1
/content/dataset/synthetic/room_686/syn_02.png,686,1
/content/dataset/synthetic/room_686/syn_03.png,686,1
/content/dataset/synthetic/room_686/syn_04.png,686,1
/content/dataset/synthetic/room_686/syn_05.png,686,1
/content/dataset/synthetic/room_686/syn_06.png,686,1
/content/dataset/synthetic/room_686/syn_07.png,686,1
/content/dataset/synthetic/room_686/syn_08.png,686,1
/content/dataset/synthetic/room_686/syn_09.png,686,1
/content/dataset/real/room_687.jpeg,687,0
/content/dataset/synthetic/room_687/syn_00.png,687,1
/content/dataset/synthetic/room_687/syn_01.png,687,1
/content/dataset/synthetic/room_687/syn_02.png,687,1
/content/dataset/synthetic/room_687/syn_03.png,687,1
/content/dataset/synthetic/room_687/syn_04.png,687,1
/content/dataset/synthetic/room_687/syn_05.png,687,1
/content/dataset/synthetic/room_687/syn_06.png,687,1
/content/dataset/synthetic/room_687/syn_07.png,687,1
/content/dataset/synthetic/room_687/syn_08.png,687,1
/content/dataset/synthetic/room_687/syn_09.png,687,1
/content/dataset/real/room_688.jpg,688,0
/content/dataset/synthetic/room_688/syn_00.png,688,1
/content/dataset/synthetic/room_688/syn_01.png,688,1
/content/dataset/synthetic/room_688/syn_02.png,688,1
/content/dataset/synthetic/room_688/syn_03.png,688,1
/content/dataset/synthetic/room_688/syn_04.png,688,1
/content/dataset/synthetic/room_688/syn_05.png,688,1
/content/dataset/synthetic/room_688/syn_06.png,688,1
/content/dataset/synthetic/room_688/syn_07.png,688,1
/content/dataset/synthetic/room_688/syn_08.png,688,1
/content/dataset/synthetic/room_688/syn_09.png,688,1
/content/dataset/real/room_689.jpeg,689,0
/content/dataset/synthetic/room_689/syn_00.png,689,1
/content/dataset/synthetic/room_689/syn_01.png,689,1
/content/dataset/synthetic/room_689/syn_02.png,689,1
/content/dataset/synthetic/room_689/syn_03.png,689,1
/content/dataset/synthetic/room_689/syn_04.png,689,1
/content/dataset/synthetic/room_689/syn_05.png,689,1
/content/dataset/synthetic/room_689/syn_06.png,689,1
/content/dataset/synthetic/room_689/syn_07.png,689,1
/content/dataset/synthetic/room_689/syn_08.png,689,1
/content/dataset/synthetic/room_689/syn_09.png,689,1
/content/dataset/real/room_690.jpg,690,0
/content/dataset/synthetic/room_690/syn_00.png,690,1
/content/dataset/synthetic/room_690/syn_01.png,690,1
/content/dataset/synthetic/room_690/syn_02.png,690,1
/content/dataset/synthetic/room_690/syn_03.png,690,1
/content/dataset/synthetic/room_690/syn_04.png,690,1
/content/dataset/synthetic/room_690/syn_05.png,690,1
/content/dataset/synthetic/room_690/syn_06.png,690,1
/content/dataset/synthetic/room_690/syn_07.png,690,1
/content/dataset/synthetic/room_690/syn_08.png,690,1
/content/dataset/synthetic/room_690/syn_09.png,690,1
/content/dataset/real/room_691.jpeg,691,0
/content/dataset/synthetic/room_691/syn_00.png,691,1
/content/dataset/synthetic/room_691/syn_01.png,691,1
/content/dataset/synthetic/room_691/syn_02.png,691,1
/content/dataset/synthetic/room_691/syn_03.png,691,1
/content/dataset/synthetic/room_691/syn_04.png,691,1
/content/dataset/synthetic/room_691/syn_05.png,691,1
/content/dataset/synthetic/room_691/syn_06.png,691,1
/content/dataset/synthetic/room_691/syn_07.png,691,1
/content/dataset/synthetic/room_691/syn_08.png,691,1
/content/dataset/synthetic/room_691/syn_09.png,691,1
/content/dataset/real/room_692.jpg,692,0
/content/dataset/synthetic/room_692/syn_00.png,692,1
/content/dataset/synthetic/room_692/syn_01.png,692,1
/content/dataset/synthetic/room_692/syn_02.png,692,1
/content/dataset/synthetic/room_692/syn_03.png,692,1
/content/dataset/synthetic/room_692/syn_04.png,692,1
/content/dataset/synthetic/room_692/syn_05.png,692,1
/content/dataset/synthetic/room_692/syn_06.png,692,1
/content/dataset/synthetic/room_692/syn_07.png,692,1
/content/dataset/synthetic/room_692/syn_08.png,692,1
/content/dataset/synthetic/room_692/syn_09.png,692,1
/content/dataset/real/room_693.jpeg,693,0
/content/dataset/synthetic/room_693/syn_00.png,693,1
/content/dataset/synthetic/room_693/syn_01.png,693,1
/content/dataset/synthetic/room_693/syn_02.png,693,1
/content/dataset/synthetic/room_693/syn_03.png,693,1
/content/dataset/synthetic/room_693/syn_04.png,693,1
/content/dataset/synthetic/room_693/syn_05.png,693,1
/content/dataset/synthetic/room_693/syn_06.png,693,1
/content/dataset/synthetic/room_693/syn_07.png,693,1
/content/dataset/synthetic/room_693/syn_08.png,693,1
/content/dataset/synthetic/room_693/syn_09.png,693,1
/content/dataset/real/room_694.jpg,694,0
/content/dataset/synthetic/room_694/syn_00.png,694,1
/content/dataset/synthetic/room_694/syn_01.png,694,1
/content/dataset/synthetic/room_694/syn_02.png,694,1
/content/dataset/synthetic/room_694/syn_03.png,694,1
/content/dataset/synthetic/room_694/syn_04.png,694,1
/content/dataset/synthetic/room_694/syn_05.png,694,1
/content/dataset/synthetic/room_694/syn_06.png,694,1
/content/dataset/synthetic/room_694/syn_07.png,694,1
/content/dataset/synthetic/room_694/syn_08.png,694,1
/content/dataset/synthetic/room_694/syn_09.png,694,1
/content/dataset/real/room_695.jpeg,695,0
/content/dataset/synthetic/room_695/syn_00.png,695,1
/content/dataset/synthetic/room_695/syn_01.png,695,1
/content/dataset/synthetic/room_695/syn_02.png,695,1
/content/dataset/synthetic/room_695/syn_03.png,695,1
/content/dataset/synthetic/room_695/syn_04.png,695,1
/content/dataset/synthetic/room_695/syn_05.png,695,1
/content/dataset/synthetic/room_695/syn_06.png,695,1
/content/dataset/synthetic/room_695/syn_07.png,695,1
/content/dataset/synthetic/room_695/syn_08.png,695,1
/content/dataset/synthetic/room_695/syn_09.png,695,1
/content/dataset/real/room_696.jpg,696,0
/content/dataset/synthetic/room_696/syn_00.png,696,1
/content/dataset/synthetic/room_696/syn_01.png,696,1
/content/dataset/synthetic/room_696/syn_02.png,696,1
/content/dataset/synthetic/room_696/syn_03.png,696,1
/content/dataset/synthetic/room_696/syn_04.png,696,1
/content/dataset/synthetic/room_696/syn_05.png,696,1
/content/dataset/synthetic/room_696/syn_06.png,696,1
/content/dataset/synthetic/room_696/syn_07.png,696,1
/content/dataset/synthetic/room_696/syn_08.png,696,1
/content/dataset/synthetic/room_696/syn_09.png,696,1
/content/dataset/real/room_697.jpeg,697,0
/content/dataset/synthetic/room_697/syn_00.png,697,1
/content/dataset/synthetic/room_697/syn_01.png,697,1
/content/dataset/synthetic/room_697/syn_02.png,697,1
/content/dataset/synthetic/room_697/syn_03.png,697,1
/content/dataset/synthetic/room_697/syn_04.png,697,1
/content/dataset/synthetic/room_697/syn_05.png,697,1
/content/dataset/synthetic/room_697/syn_06.png,697,1
/content/dataset/synthetic/room_697/syn_07.png,697,1
/content/dataset/synthetic/room_697/syn_08.png,697,1
/content/dataset/synthetic/room_697/syn_09.png,697,1
/content/dataset/real/room_698.jpg,698,0
/content/dataset/synthetic/room_698/syn_00.png,698,1
/content/dataset/synthetic/room_698/syn_01.png,698,1
/content/dataset/synthetic/room_698/syn_02.png,698,1
/content/dataset/synthetic/room_698/syn_03.png,698,1
/content/dataset/synthetic/room_698/syn_04.png,698,1
/content/dataset/synthetic/room_698/syn_05.png,698,1
/content/dataset/synthetic/room_698/syn_06.png,698,1
/content/dataset/synthetic/room_698/syn_07.png,698,1
/content/dataset/synthetic/room_698/syn_08.png,698,1
/content/dataset/synthetic/room_698/syn_09.png,698,1
/content/dataset/real/room_699.jpeg,699,0
/content/dataset/synthetic/room_699/syn_00.png,699,1
/content/dataset/synthetic/room_699/syn_01.png,699,1
/content/dataset/synthetic/room_699/syn_02.png,699,1
/content/dataset/synthetic/room_699/syn_03.png,699,1
/content/dataset/synthetic/room_699/syn_04.png,699,1
/content/dataset/synthetic/room_699/syn_05.png,699,1
/content/dataset/synthetic/room_699/syn_06.png,699,1
/content/dataset/synthetic/room_699/syn_07.png,699,1
/content/dataset/synthetic/room_699/syn_08.png,699,1
/content/dataset/synthetic/room_699/syn_09.png,699,1
/content/dataset/real/room_700.jpg,700,0
/content/dataset/synthetic/room_700/syn_00.png,700,1
/content/dataset/synthetic/room_700/syn_01.png,700,1
/content/dataset/synthetic/room_700/syn_02.png,700,1
/content/dataset/synthetic/room_700/syn_03.png,700,1
/content/dataset/synthetic/room_700/syn_04.png,700,1
/content/dataset/synthetic/room_700/syn_05.png,700,1
/content/dataset/synthetic/room_700/syn_06.png,700,1
/content/dataset/synthetic/room_700/syn_07.png,700,1
/content/dataset/synthetic/room_700/syn_08.png,700,1
/content/dataset/synthetic/room_700/syn_09.png,700,1
/content/dataset/real/room_701.jpeg,701,0
/content/dataset/synthetic/room_701/syn_00.png,701,1
/content/dataset/synthetic/room_701/syn_01.png,701,1
/content/dataset/synthetic/room_701/syn_02.png,701,1
/content/dataset/synthetic/room_701/syn_03.png,701,1
/content/dataset/synthetic/room_701/syn_04.png,701,1
/content/dataset/synthetic/room_701/syn_05.png,701,1
/content/dataset/synthetic/room_701/syn_06.png,701,1
/content/dataset/synthetic/room_701/syn_07.png,701,1
/content/dataset/synthetic/room_701/syn_08.png,701,1
/content/dataset/synthetic/room_701/syn_09.png,701,1
/content/dataset/real/room_702.jpg,702,0
/content/dataset/synthetic/room_702/syn_00.png,702,1
/content/dataset/synthetic/room_702/syn_01.png,702,1
/content/dataset/synthetic/room_702/syn_02.png,702,1
/content/dataset/synthetic/room_702/syn_03.png,702,1
/content/dataset/synthetic/room_702/syn_04.png,702,1
/content/dataset/synthetic/room_702/syn_05.png,702,1
/content/dataset/synthetic/room_702/syn_06.png,702,1
/content/dataset/synthetic/room_702/syn_07.png,702,1
/content/dataset/synthetic/room_702/syn_08.png,702,1
/content/dataset/synthetic/room_702/syn_09.png,702,1
/content/dataset/real/room_703.jpeg,703,0
/content/dataset/synthetic/room_703/syn_00.png,703,1
/content/dataset/synthetic/room_703/syn_01.png,703,1
/content/dataset/synthetic/room_703/syn_02.png,703,1
/content/dataset/synthetic/room_703/syn_03.png,703,1
/content/dataset/synthetic/room_703/syn_04.png,703,1
/content/dataset/synthetic/room_703/syn_05.png,703,1
/content/dataset/synthetic/room_703/syn_06.png,703,1
/content/dataset/synthetic/room_703/syn_07.png,703,1
/content/dataset/synthetic/room_703/syn_08.png,703,1
/content/dataset/synthetic/room_703/syn_09.png,703,1
/content/dataset/real/room_704.jpg,704,0
/content/dataset/synthetic/room_704/syn_00.png,704,1
/content/dataset/synthetic/room_704/syn_01.png,704,1
/content/dataset/synthetic/room_704/syn_02.png,704,1
/content/dataset/synthetic/room_704/syn_03.png,704,1
/content/dataset/synthetic/room_704/syn_04.png,704,1
/content/dataset/synthetic/room_704/syn_05.png,704,1
/content/dataset/synthetic/room_704/syn_06.png,704,1
/content/dataset/synthetic/room_704/syn_07.png,704,1
/content/dataset/synthetic/room_704/syn_08.png,704,1
/content/dataset/synthetic/room_704/syn_09.png,704,1
/content/dataset/real/room_705.jpeg,705,0
/content/dataset/synthetic/room_705/syn_00.png,705,1
/content/dataset/synthetic/room_705/syn_01.png,705,1
/content/dataset/synthetic/room_705/syn_02.png,705,1
/content/dataset/synthetic/room_705/syn_03.png,705,1
/content/dataset/synthetic/room_705/syn_04.png,705,1
/content/dataset/synthetic/room_705/syn_05.png,705,1
/content/dataset/synthetic/room_705/syn_06.png,705,1
/content/dataset/synthetic/room_705/syn_07.png,705,1
/content/dataset/synthetic/room_705/syn_08.png,705,1
/content/dataset/synthetic/room_705/syn_09.png,705,1
/content/dataset/real/room_706.jpg,706,0
/content/dataset/synthetic/room_706/syn_00.png,706,1
/content/dataset/synthetic/room_706/syn_01.png,706,1
/content/dataset/synthetic/room_706/syn_02.png,706,1
/content/dataset/synthetic/room_706/syn_03.png,706,1
/content/dataset/synthetic/room_706/syn_04.png,706,1
/content/dataset/synthetic/room_706/syn_05.png,706,1
/content/dataset/synthetic/room_706/syn_06.png,706,1
/content/dataset/synthetic/room_706/syn_07.png,706,1
/content/dataset/synthetic/room_706/syn_08.png,706,1
/content/dataset/synthetic/room_706/syn_09.png,706,1
/content/dataset/real/room_707.jpeg,707,0
/content/dataset/synthetic/room_707/syn_00.png,707,1
/content/dataset/synthetic/room_707/syn_01.png,707,1
/content/dataset/synthetic/room_707/syn_02.png,707,1
/content/dataset/synthetic/room_707/syn_03.png,707,1
/content/dataset/synthetic/room_707/syn_04.png,707,1
/content/dataset/synthetic/room_707/syn_05.png,707,1
/content/dataset/synthetic/room_707/syn_06.png,707,1
/content/dataset/synthetic/room_707/syn_07.png,707,1
/content/dataset/synthetic/room_707/syn_08.png,707,1
/content/dataset/synthetic/room_707/syn_09.png,707,1
/content/dataset/real/room_708.jpg,708,0
/content/dataset/synthetic/room_708/syn_00.png,708,1
/content/dataset/synthetic/room_708/syn_01.png,708,1
/content/dataset/synthetic/room_708/syn_02.png,708,1
/content/dataset/synthetic/room_708/syn_03.png,708,1
/content/dataset/synthetic/room_708/syn_04.png,708,1
/content/dataset/synthetic/room_708/syn_05.png,708,1
/content/dataset/synthetic/room_708/syn_06.png,708,1
/content/dataset/synthetic/room_708/syn_07.png,708,1
/content/dataset/synthetic/room_708/syn_08.png,708,1
/content/dataset/synthetic/room_708/syn_09.png,708,1
/content/dataset/real/room_709.jpeg,709,0
/content/dataset/synthetic/room_709/syn_00.png,709,1
/content/dataset/synthetic/room_709/syn_01.png,709,1
/content/dataset/synthetic/room_709/syn_02.png,709,1
/content/dataset/synthetic/room_709/syn_03.png,709,1
/content/dataset/synthetic/room_709/syn_04.png,709,1
/content/dataset/synthetic/room_709/syn_05.png,709,1
/content/dataset/synthetic/room_709/syn_06.png,709,1
/content/dataset/synthetic/room_709/syn_07.png,709,1
/content/dataset/synthetic/room_709/syn_08.png,709,1
/content/dataset/synthetic/room_709/syn_09.png,709,1
/content/dataset/real/room_710.jpg,710,0
/content/dataset/synthetic/room_710/syn_00.png,710,1
/content/dataset/synthetic/room_710/syn_01.png,710,1
/content/dataset/synthetic/room_710/syn_02.png,710,1
/content/dataset/synthetic/room_710/syn_03.png,710,1
/content/dataset/synthetic/room_710/syn_04.png,710,1
/content/dataset/synthetic/room_710/syn_05.png,710,1
/content/dataset/synthetic/room_710/syn_06.png,710,1
/content/dataset/synthetic/room_710/syn_07.png,710,1
/content/dataset/synthetic/room_710/syn_08.png,710,1
/content/dataset/synthetic/room_710/syn_09.png,710,1
/content/dataset/real/room_711.jpeg,711,0
/content/dataset/synthetic/room_711/syn_00.png,711,1
/content/dataset/synthetic/room_711/syn_01.png,711,1
/content/dataset/synthetic/room_711/syn_02.png,711,1
/content/dataset/synthetic/room_711/syn_03.png,711,1
/content/dataset/synthetic/room_711/syn_04.png,711,1
/content/dataset/synthetic/room_711/syn_05.png,711,1
/content/dataset/synthetic/room_711/syn_06.png,711,1
/content/dataset/synthetic/room_711/syn_07.png,711,1
/content/dataset/synthetic/room_711/syn_08.png,711,1
/content/dataset/synthetic/room_711/syn_09.png,711,1
/content/dataset/real/room_712.jpg,712,0
/content/dataset/synthetic/room_712/syn_00.png,712,1
/content/dataset/synthetic/room_712/syn_01.png,712,1
/content/dataset/synthetic/room_712/syn_02.png,712,1
/content/dataset/synthetic/room_712/syn_03.png,712,1
/content/dataset/synthetic/room_712/syn_04.png,712,1
/content/dataset/synthetic/room_712/syn_05.png,712,1
/content/dataset/synthetic/room_712/syn_06.png,712,1
/content/dataset/synthetic/room_712/syn_07.png,712,1
/content/dataset/synthetic/room_712/syn_08.png,712,1
/content/dataset/synthetic/room_712/syn_09.png,712,1
/content/dataset/real/room_713.jpeg,713,0
/content/dataset/synthetic/room_713/syn_00.png,713,1
/content/dataset/synthetic/room_713/syn_01.png,713,1
/content/dataset/synthetic/room_713/syn_02.png,713,1
/content/dataset/synthetic/room_713/syn_03.png,713,1
/content/dataset/synthetic/room_713/syn_04.png,713,1
/content/dataset/synthetic/room_713/syn_05.png,713,1
/content/dataset/synthetic/room_713/syn_06.png,713,1
/content/dataset/synthetic/room_713/syn_07.png,713,1
/content/dataset/synthetic/room_713/syn_08.png,713,1
/content/dataset/synthetic/room_713/syn_09.png,713,1
/content/dataset/real/room_714.jpg,714,0
/content/dataset/synthetic/room_714/syn_00.png,714,1
/content/dataset/synthetic/room_714/syn_01.png,714,1
/content/dataset/synthetic/room_714/syn_02.png,714,1
/content/dataset/synthetic/room_714/syn_03.png,714,1
/content/dataset/synthetic/room_714/syn_04.png,714,1
/content/dataset/synthetic/room_714/syn_05.png,714,1
/content/dataset/synthetic/room_714/syn_06.png,714,1
/content/dataset/synthetic/room_714/syn_07.png,714,1
/content/dataset/synthetic/room_714/syn_08.png,714,1
/content/dataset/synthetic/room_714/syn_09.png,714,1
/content/dataset/real/room_715.jpeg,715,0
/content/dataset/synthetic/room_715/syn_00.png,715,1
/content/dataset/synthetic/room_715/syn_01.png,715,1
/content/dataset/synthetic/room_715/syn_02.png,715,1
/content/dataset/synthetic/room_715/syn_03.png,715,1
/content/dataset/synthetic/room_715/syn_04.png,715,1
/content/dataset/synthetic/room_715/syn_05.png,715,1
/content/dataset/synthetic/room_715/syn_06.png,715,1
/content/dataset/synthetic/room_715/syn_07.png,715,1
/content/dataset/synthetic/room_715/syn_08.png,715,1
/content/dataset/synthetic/room_715/syn_09.png,715,1
/content/dataset/real/room_716.jpg,716,0
/content/dataset/synthetic/room_716/syn_00.png,716,1
/content/dataset/synthetic/room_716/syn_01.png,716,1
/content/dataset/synthetic/room_716/syn_02.png,716,1
/content/dataset/synthetic/room_716/syn_03.png,716,1
/content/dataset/synthetic/room_716/syn_04.png,716,1
/content/dataset/synthetic/room_716/syn_05.png,716,1
/content/dataset/synthetic/room_716/syn_06.png,716,1
/content/dataset/synthetic/room_716/syn_07.png,716,1
/content/dataset/synthetic/room_716/syn_08.png,716,1
/content/dataset/synthetic/room_716/syn_09.png,716,1
/content/dataset/real/room_717.jpeg,717,0
/content/dataset/synthetic/room_717/syn_00.png,717,1
/content/dataset/synthetic/room_717/syn_01.png,717,1
/content/dataset/synthetic/room_717/syn_02.png,717,1
/content/dataset/synthetic/room_717/syn_03.png,717,1
/content/dataset/synthetic/room_717/syn_04.png,717,1
/content/dataset/synthetic/room_717/syn_05.png,717,1
/content/dataset/synthetic/room_717/syn_06.png,717,1
/content/dataset/synthetic/room_717/syn_07.png,717,1
/content/dataset/synthetic/room_717/syn_08.png,717,1
/content/dataset/synthetic/room_717/syn_09.png,717,1
/content/dataset/real/room_718.jpg,718,0
/content/dataset/synthetic/room_718/syn_00.png,718,1
/content/dataset/synthetic/room_718/syn_01.png,718,1
/content/dataset/synthetic/room_718/syn_02.png,718,1
/content/dataset/synthetic/room_718/syn_03.png,718,1
/content/dataset/synthetic/room_718/syn_04.png,718,1
/content/dataset/synthetic/room_718/syn_05.png,718,1
/content/dataset/synthetic/room_718/syn_06.png,718,1
/content/dataset/synthetic/room_718/syn_07.png,718,1
/content/dataset/synthetic/room_718/syn_08.png,718,1
/content/dataset/synthetic/room_718/syn_09.png,718,1
/content/dataset/real/room_719.jpeg,719,0
/content/dataset/synthetic/room_719/syn_00.png,719,1
/content/dataset/synthetic/room_719/syn_01.png,719,1
/content/dataset/synthetic/room_719/syn_02.png,719,1
/content/dataset/synthetic/room_719/syn_03.png,719,1
/content/dataset/synthetic/room_719/syn_04.png,719,1
/content/dataset/synthetic/room_719/syn_05.png,719,1
/content/dataset/synthetic/room_719/syn_06.png,719,1
/content/dataset/synthetic/room_719/syn_07.png,719,1
/content/dataset/synthetic/room_719/syn_08.png,719,1
/content/dataset/synthetic/room_719/syn_09.png,719,1
/content/dataset/real/room_720.jpg,720,0
/content/dataset/synthetic/room_720/syn_00.png,720,1
/content/dataset/synthetic/room_720/syn_01.png,720,1
/content/dataset/synthetic/room_720/syn_02.png,720,1
/content/dataset/synthetic/room_720/syn_03.png,720,1
/content/dataset/synthetic/room_720/syn_04.png,720,1
/content/dataset/synthetic/room_720/syn_05.png,720,1
/content/dataset/synthetic/room_720/syn_06.png,720,1
/content/dataset/synthetic/room_720/syn_07.png,720,1
/content/dataset/synthetic/room_720/syn_08.png,720,1
/content/dataset/synthetic/room_720/syn_09.png,720,1
/content/dataset/real/room_721.jpeg,721,0
/content/dataset/synthetic/room_721/syn_00.png,721,1
/content/dataset/synthetic/room_721/syn_01.png,721,1
/content/dataset/synthetic/room_721/syn_02.png,721,1
/content/dataset/synthetic/room_721/syn_03.png,721,1
/content/dataset/synthetic/room_721/syn_04.png,721,1
/content/dataset/synthetic/room_721/syn_05.png,721,1
/content/dataset/synthetic/room_721/syn_06.png,721,1
/content/dataset/synthetic/room_721/syn_07.png,721,1
/content/dataset/synthetic/room_721/syn_08.png,721,1
/content/dataset/synthetic/room_721/syn_09.png,721,1
/content/dataset/real/room_722.jpg,722,0
/content/dataset/synthetic/room_722/syn_00.png,722,1
/content/dataset/synthetic/room_722/syn_01.png,722,1
/content/dataset/synthetic/room_722/syn_02.png,722,1
/content/dataset/synthetic/room_722/syn_03.png,722,1
/content/dataset/synthetic/room_722/syn_04.png,722,1
/content/dataset/synthetic/room_722/syn_05.png,722,1
/content/dataset/synthetic/room_722/syn_06.png,722,1
/content/dataset/synthetic/room_722/syn_07.png,722,1
/content/dataset/synthetic/room_722/syn_08.png,722,1
/content/dataset/synthetic/room_722/syn_09.png,722,1
/content/dataset/real/room_723.jpeg,723,0
/content/dataset/synthetic/room_723/syn_00.png,723,1
/content/dataset/synthetic/room_723/syn_01.png,723,1
/content/dataset/synthetic/room_723/syn_02.png,723,1
/content/dataset/synthetic/room_723/syn_03.png,723,1
/content/dataset/synthetic/room_723/syn_04.png,723,1
/content/dataset/synthetic/room_723/syn_05.png,723,1
/content/dataset/synthetic/room_723/syn_06.png,723,1
/content/dataset/synthetic/room_723/syn_07.png,723,1
/content/dataset/synthetic/room_723/syn_08.png,723,1
/content/dataset/synthetic/room_723/syn_09.png,723,1
/content/dataset/real/room_724.jpg,724,0
/content/dataset/synthetic/room_724/syn_00.png,724,1
/content/dataset/synthetic/room_724/syn_01.png,724,1
/content/dataset/synthetic/room_724/syn_02.png,724,1
/content/dataset/synthetic/room_724/syn_03.png,724,1
/content/dataset/synthetic/room_724/syn_04.png,724,1
/content/dataset/synthetic/room_724/syn_05.png,724,1
/content/dataset/synthetic/room_724/syn_06.png,724,1
/content/dataset/synthetic/room_724/syn_07.png,724,1
/content/dataset/synthetic/room_724/syn_08.png,724,1
/content/dataset/synthetic/room_724/syn_09.png,724,1
/content/dataset/real/room_725.jpeg,725,0
/content/dataset/synthetic/room_725/syn_00.png,725,1
/content/dataset/synthetic/room_725/syn_01.png,725,1
/content/dataset/synthetic/room_725/syn_02.png,725,1
/content/dataset/synthetic/room_725/syn_03.png,725,1
/content/dataset/synthetic/room_725/syn_04.png,725,1
/content/dataset/synthetic/room_725/syn_05.png,725,1
/content/dataset/synthetic/room_725/syn_06.png,725,1
/content/dataset/synthetic/room_725/syn_07.png,725,1
/content/dataset/synthetic/room_725/syn_08.png,725,1
/content/dataset/synthetic/room_725/syn_09.png,725,1
/content/dataset/real/room_726.jpg,726,0
/content/dataset/synthetic/room_726/syn_00.png,726,1
/content/dataset/synthetic/room_726/syn_01.png,726,1
/content/dataset/synthetic/room_726/syn_02.png,726,1
/content/dataset/synthetic/room_726/syn_03.png,726,1
/content/dataset/synthetic/room_726/syn_04.png,726,1
/content/dataset/synthetic/room_726/syn_05.png,726,1
/content/dataset/synthetic/room_726/syn_06.png,726,1
/content/dataset/synthetic/room_726/syn_07.png,726,1
/content/dataset/synthetic/room_726/syn_08.png,726,1
/content/dataset/synthetic/room_726/syn_09.png,726,1
/content/dataset/real/room_727.jpeg,727,0
/content/dataset/synthetic/room_727/syn_00.png,727,1
/content/dataset/synthetic/room_727/syn_01.png,727,1
/content/dataset/synthetic/room_727/syn_02.png,727,1
/content/dataset/synthetic/room_727/syn_03.png,727,1
/content/dataset/synthetic/room_727/syn_04.png,727,1
/content/dataset/synthetic/room_727/syn_05.png,727,1
/content/dataset/synthetic/room_727/syn_06.png,727,1
/content/dataset/synthetic/room_727/syn_07.png,727,1
/content/dataset/synthetic/room_727/syn_08.png,727,1
/content/dataset/synthetic/room_727/syn_09.png,727,1
/content/dataset/real/room_728.jpg,728,0
/content/dataset/synthetic/room_728/syn_00.png,728,1
/content/dataset/synthetic/room_728/syn_01.png,728,1
/content/dataset/synthetic/room_728/syn_02.png,728,1
/content/dataset/synthetic/room_728/syn_03.png,728,1
/content/dataset/synthetic/room_728/syn_04.png,728,1
/content/dataset/synthetic/room_728/syn_05.png,728,1
/content/dataset/synthetic/room_728/syn_06.png,728,1
/content/dataset/synthetic/room_728/syn_07.png,728,1
/content/dataset/synthetic/room_728/syn_08.png,728,1
/content/dataset/synthetic/room_728/syn_09.png,728,1
/content/dataset/real/room_729.jpeg,729,0
/content/dataset/synthetic/room_729/syn_00.png,729,1
/content/dataset/synthetic/room_729/syn_01.png,729,1
/content/dataset/synthetic/room_729/syn_02.png,729,1
/content/dataset/synthetic/room_729/syn_03.png,729,1
/content/dataset/synthetic/room_729/syn_04.png,729,1
/content/dataset/synthetic/room_729/syn_05.png,729,1
/content/dataset/synthetic/room_729/syn_06.png,729,1
/content/dataset/synthetic/room_729/syn_07.png,729,1
/content/dataset/synthetic/room_729/syn_08.png,729,1
/content/dataset/synthetic/room_729/syn_09.png,729,1
/content/dataset/real/room_730.jpg,730,0
/content/dataset/synthetic/room_730/syn_00.png,730,1
/content/dataset/synthetic/room_730/syn_01.png,730,1
/content/dataset/synthetic/room_730/syn_02.png,730,1
/content/dataset/synthetic/room_730/syn_03.png,730,1
/content/dataset/synthetic/room_730/syn_04.png,730,1
/content/dataset/synthetic/room_730/syn_05.png,730,1
/content/dataset/synthetic/room_730/syn_06.png,730,1
/content/dataset/synthetic/room_730/syn_07.png,730,1
/content/dataset/synthetic/room_730/syn_08.png,730,1
/content/dataset/synthetic/room_730/syn_09.png,730,1
/content/dataset/real/room_731.jpeg,731,0
/content/dataset/synthetic/room_731/syn_00.png,731,1
/content/dataset/synthetic/room_731/syn_01.png,731,1
/content/dataset/synthetic/room_731/syn_02.png,731,1
/content/dataset/synthetic/room_731/syn_03.png,731,1
/content/dataset/synthetic/room_731/syn_04.png,731,1
/content/dataset/synthetic/room_731/syn_05.png,731,1
/content/dataset/synthetic/room_731/syn_06.png,731,1
/content/dataset/synthetic/room_731/syn_07.png,731,1
/content/dataset/synthetic/room_731/syn_08.png,731,1
/content/dataset/synthetic/room_731/syn_09.png,731,1
/content/dataset/real/room_732.jpg,732,0
/content/dataset/synthetic/room_732/syn_00.png,732,1
/content/dataset/synthetic/room_732/syn_01.png,732,1
/content/dataset/synthetic/room_732/syn_02.png,732,1
/content/dataset/synthetic/room_732/syn_03.png,732,1
/content/dataset/synthetic/room_732/syn_04.png,732,1
/content/dataset/synthetic/room_732/syn_05.png,732,1
/content/dataset/synthetic/room_732/syn_06.png,732,1
/content/dataset/synthetic/room_732/syn_07.png,732,1
/content/dataset/synthetic/room_732/syn_08.png,732,1
/content/dataset/synthetic/room_732/syn_09.png,732,1
/content/dataset/real/room_733.jpeg,733,0
/content/dataset/synthetic/room_733/syn_00.png,733,1
/content/dataset/synthetic/room_733/syn_01.png,733,1
/content/dataset/synthetic/room_733/syn_02.png,733,1
/content/dataset/synthetic/room_733/syn_03.png,733,1
/content/dataset/synthetic/room_733/syn_04.png,733,1
/content/dataset/synthetic/room_733/syn_05.png,733,1
/content/dataset/synthetic/room_733/syn_06.png,733,1
/content/dataset/synthetic/room_733/syn_07.png,733,1
/content/dataset/synthetic/room_733/syn_08.png,733,1
/content/dataset/synthetic/room_733/syn_09.png,733,1
/content/dataset/real/room_734.jpg,734,0
/content/dataset/synthetic/room_734/syn_00.png,734,1
/content/dataset/synthetic/room_734/syn_01.png,734,1
/content/dataset/synthetic/room_734/syn_02.png,734,1
/content/dataset/synthetic/room_734/syn_03.png,734,1
/content/dataset/synthetic/room_734/syn_04.png,734,1
/content/dataset/synthetic/room_734/syn_05.png,734,1
/content/dataset/synthetic/room_734/syn_06.png,734,1
/content/dataset/synthetic/room_734/syn_07.png,734,1
/content/dataset/synthetic/room_734/syn_08.png,734,1
/content/dataset/synthetic/room_734/syn_09.png,734,1
/content/dataset/real/room_735.jpeg,735,0
/content/dataset/synthetic/room_735/syn_00.png,735,1
/content/dataset/synthetic/room_735/syn_01.png,735,1
/content/dataset/synthetic/room_735/syn_02.png,735,1
/content/dataset/synthetic/room_735/syn_03.png,735,1
/content/dataset/synthetic/room_735/syn_04.png,735,1
/content/dataset/synthetic/room_735/syn_05.png,735,1
/content/dataset/synthetic/room_735/syn_06.png,735,1
/content/dataset/synthetic/room_735/syn_07.png,735,1
/content/dataset/synthetic/room_735/syn_08.png,735,1
/content/dataset/synthetic/room_735/syn_09.png,735,1
/content/dataset/real/room_736.jpg,736,0
/content/dataset/synthetic/room_736/syn_00.png,736,1
/content/dataset/synthetic/room_736/syn_01.png,736,1
/content/dataset/synthetic/room_736/syn_02.png,736,1
/content/dataset/synthetic/room_736/syn_03.png,736,1
/content/dataset/synthetic/room_736/syn_04.png,736,1
/content/dataset/synthetic/room_736/syn_05.png,736,1
/content/dataset/synthetic/room_736/syn_06.png,736,1
/content/dataset/synthetic/room_736/syn_07.png,736,1
/content/dataset/synthetic/room_736/syn_08.png,736,1
/content/dataset/synthetic/room_736/syn_09.png,736,1
/content/dataset/real/room_737.jpeg,737,0
/content/dataset/synthetic/room_737/syn_00.png,737,1
/content/dataset/synthetic/room_737/syn_01.png,737,1
/content/dataset/synthetic/room_737/syn_02.png,737,1
/content/dataset/synthetic/room_737/syn_03.png,737,1
/content/dataset/synthetic/room_737/syn_04.png,737,1
/content/dataset/synthetic/room_737/syn_05.png,737,1
/content/dataset/synthetic/room_737/syn_06.png,737,1
/content/dataset/synthetic/room_737/syn_07.png,737,1
/content/dataset/synthetic/room_737/syn_08.png,737,1
/content/dataset/synthetic/room_737/syn_09.png,737,1
/content/dataset/real/room_738.jpg,738,0
/content/dataset/synthetic/room_738/syn_00.png,738,1
/content/dataset/synthetic/room_738/syn_01.png,738,1
/content/dataset/synthetic/room_738/syn_02.png,738,1
/content/dataset/synthetic/room_738/syn_03.png,738,1
/content/dataset/synthetic/room_738/syn_04.png,738,1
/content/dataset/synthetic/room_738/syn_05.png,738,1
/content/dataset/synthetic/room_738/syn_06.png,738,1
/content/dataset/synthetic/room_738/syn_07.png,738,1
/content/dataset/synthetic/room_738/syn_08.png,738,1
/content/dataset/synthetic/room_738/syn_09.png,738,1
/content/dataset/real/room_739.jpeg,739,0
/content/dataset/synthetic/room_739/syn_00.png,739,1
/content/dataset/synthetic/room_739/syn_01.png,739,1
/content/dataset/synthetic/room_739/syn_02.png,739,1
/content/dataset/synthetic/room_739/syn_03.png,739,1
/content/dataset/synthetic/room_739/syn_04.png,739,1
/content/dataset/synthetic/room_739/syn_05.png,739,1
/content/dataset/synthetic/room_739/syn_06.png,739,1
/content/dataset/synthetic/room_739/syn_07.png,739,1
/content/dataset/synthetic/room_739/syn_08.png,739,1
/content/dataset/synthetic/room_739/syn_09.png,739,1
/content/dataset/real/room_740.jpg,740,0
/content/dataset/synthetic/room_740/syn_00.png,740,1
/content/dataset/synthetic/room_740/syn_01.png,740,1
/content/dataset/synthetic/room_740/syn_02.png,740,1
/content/dataset/synthetic/room_740/syn_03.png,740,1
/content/dataset/synthetic/room_740/syn_04.png,740,1
/content/dataset/synthetic/room_740/syn_05.png,740,1
/content/dataset/synthetic/room_740/syn_06.png,740,1
/content/dataset/synthetic/room_740/syn_07.png,740,1
/content/dataset/synthetic/room_740/syn_08.png,740,1
/content/dataset/synthetic/room_740/syn_09.png,740,1
/content/dataset/real/room_741.jpeg,741,0
/content/dataset/synthetic/room_741/syn_00.png,741,1
/content/dataset/synthetic/room_741/syn_01.png,741,1
/content/dataset/synthetic/room_741/syn_02.png,741,1
/content/dataset/synthetic/room_741/syn_03.png,741,1
/content/dataset/synthetic/room_741/syn_04.png,741,1
/content/dataset/synthetic/room_741/syn_05.png,741,1
/content/dataset/synthetic/room_741/syn_06.png,741,1
/content/dataset/synthetic/room_741/syn_07.png,741,1
/content/dataset/synthetic/room_741/syn_08.png,741,1
/content/dataset/synthetic/room_741/syn_09.png,741,1
/content/dataset/real/room_742.jpg,742,0
/content/dataset/synthetic/room_742/syn_00.png,742,1
/content/dataset/synthetic/room_742/syn_01.png,742,1
/content/dataset/synthetic/room_742/syn_02.png,742,1
/content/dataset/synthetic/room_742/syn_03.png,742,1
/content/dataset/synthetic/room_742/syn_04.png,742,1
/content/dataset/synthetic/room_742/syn_05.png,742,1
/content/dataset/synthetic/room_742/syn_06.png,742,1
/content/dataset/synthetic/room_742/syn_07.png,742,1
/content/dataset/synthetic/room_742/syn_08.png,742,1
/content/dataset/synthetic/room_742/syn_09.png,742,1
/content/dataset/real/room_743.jpeg,743,0
/content/dataset/synthetic/room_743/syn_00.png,743,1
/content/dataset/synthetic/room_743/syn_01.png,743,1
/content/dataset/synthetic/room_743/syn_02.png,743,1
/content/dataset/synthetic/room_743/syn_03.png,743,1
/content/dataset/synthetic/room_743/syn_04.png,743,1
/content/dataset/synthetic/room_743/syn_05.png,743,1
/content/dataset/synthetic/room_743/syn_06.png,743,1
/content/dataset/synthetic/room_743/syn_07.png,743,1
/content/dataset/synthetic/room_743/syn_08.png,743,1
/content/dataset/synthetic/room_743/syn_09.png,743,1
/content/dataset/real/room_744.jpg,744,0
/content/dataset/synthetic/room_744/syn_00.png,744,1
/content/dataset/synthetic/room_744/syn_01.png,744,1
/content/dataset/synthetic/room_744/syn_02.png,744,1
/content/dataset/synthetic/room_744/syn_03.png,744,1
/content/dataset/synthetic/room_744/syn_04.png,744,1
/content/dataset/synthetic/room_744/syn_05.png,744,1
/content/dataset/synthetic/room_744/syn_06.png,744,1
/content/dataset/synthetic/room_744/syn_07.png,744,1
/content/dataset/synthetic/room_744/syn_08.png,744,1
/content/dataset/synthetic/room_744/syn_09.png,744,1
/content/dataset/real/room_745.jpeg,745,0
/content/dataset/synthetic/room_745/syn_00.png,745,1
/content/dataset/synthetic/room_745/syn_01.png,745,1
/content/dataset/synthetic/room_745/syn_02.png,745,1
/content/dataset/synthetic/room_745/syn_03.png,745,1
/content/dataset/synthetic/room_745/syn_04.png,745,1
/content/dataset/synthetic/room_745/syn_05.png,745,1
/content/dataset/synthetic/room_745/syn_06.png,745,1
/content/dataset/synthetic/room_745/syn_07.png,745,1
/content/dataset/synthetic/room_745/syn_08.png,745,1
/content/dataset/synthetic/room_745/syn_09.png,745,1
/content/dataset/real/room_746.jpg,746,0
/content/dataset/synthetic/room_746/syn_00.png,746,1
/content/dataset/synthetic/room_746/syn_01.png,746,1
/content/dataset/synthetic/room_746/syn_02.png,746,1
/content/dataset/synthetic/room_746/syn_03.png,746,1
/content/dataset/synthetic/room_746/syn_04.png,746,1
/content/dataset/synthetic/room_746/syn_05.png,746,1
/content/dataset/synthetic/room_746/syn_06.png,746,1
/content/dataset/synthetic/room_746/syn_07.png,746,1
/content/dataset/synthetic/room_746/syn_08.png,746,1
/content/dataset/synthetic/room_746/syn_09.png,746,1
/content/dataset/real/room_747.jpeg,747,0
/content/dataset/synthetic/room_747/syn_00.png,747,1
/content/dataset/synthetic/room_747/syn_01.png,747,1
/content/dataset/synthetic/room_747/syn_02.png,747,1
/content/dataset/synthetic/room_747/syn_03.png,747,1
/content/dataset/synthetic/room_747/syn_04.png,747,1
/content/dataset/synthetic/room_747/syn_05.png,747,1
/content/dataset/synthetic/room_747/syn_06.png,747,1
/content/dataset/synthetic/room_747/syn_07.png,747,1
/content/dataset/synthetic/room_747/syn_08.png,747,1
/content/dataset/synthetic/room_747/syn_09.png,747,1
/content/dataset/real/room_748.jpg,748,0
/content/dataset/synthetic/room_748/syn_00.png,748,1
/content/dataset/synthetic/room_748/syn_01.png,748,1
/content/dataset/synthetic/room_748/syn_02.png,748,1
/content/dataset/synthetic/room_748/syn_03.png,748,1
/content/dataset/synthetic/room_748/syn_04.png,748,1
/content/dataset/synthetic/room_748/syn_05.png,748,1
/content/dataset/synthetic/room_748/syn_06.png,748,1
/content/dataset/synthetic/room_748/syn_07.png,748,1
/content/dataset/synthetic/room_748/syn_08.png,748,1
/content/dataset/synthetic/room_748/syn_09.png,748,1
/content/dataset/real/room_749.jpeg,749,0
/content/dataset/synthetic/room_749/syn_00.png,749,1
/content/dataset/synthetic/room_749/syn_01.png,749,1
/content/dataset/synthetic/room_749/syn_02.png,749,1
/content/dataset/synthetic/room_749/syn_03.png,749,1
/content/dataset/synthetic/room_749/syn_04.png,749,1
/content/dataset/synthetic/room_749/syn_05.png,749,1
/content/dataset/synthetic/room_749/syn_06.png,749,1
/content/dataset/synthetic/room_749/syn_07.png,749,1
/content/dataset/synthetic/room_749/syn_08.png,749,1
/content/dataset/synthetic/room_749/syn_09.png,749,1
/content/dataset/real/room_750.jpg,750,0
/content/dataset/synthetic/room_750/syn_00.png,750,1
/content/dataset/synthetic/room_750/syn_01.png,750,1
/content/dataset/synthetic/room_750/syn_02.png,750,1
/content/dataset/synthetic/room_750/syn_03.png,750,1
/content/dataset/synthetic/room_750/syn_04.png,750,1
/content/dataset/synthetic/room_750/syn_05.png,750,1
/content/dataset/synthetic/room_750/syn_06.png,750,1
/content/dataset/synthetic/room_750/syn_07.png,750,1
/content/dataset/synthetic/room_750/syn_08.png,750,1
/content/dataset/synthetic/room_750/syn_09.png,750,1
/content/dataset/real/room_751.jpeg,751,0
/content/dataset/synthetic/room_751/syn_00.png,751,1
/content/dataset/synthetic/room_751/syn_01.png,751,1
/content/dataset/synthetic/room_751/syn_02.png,751,1
/content/dataset/synthetic/room_751/syn_03.png,751,1
/content/dataset/synthetic/room_751/syn_04.png,751,1
/content/dataset/synthetic/room_751/syn_05.png,751,1
/content/dataset/synthetic/room_751/syn_06.png,751,1
/content/dataset/synthetic/room_751/syn_07.png,751,1
/content/dataset/synthetic/room_751/syn_08.png,751,1
/content/dataset/synthetic/room_751/syn_09.png,751,1
/content/dataset/real/room_752.jpg,752,0
/content/dataset/synthetic/room_752/syn_00.png,752,1
/content/dataset/synthetic/room_752/syn_01.png,752,1
/content/dataset/synthetic/room_752/syn_02.png,752,1
/content/dataset/synthetic/room_752/syn_03.png,752,1
/content/dataset/synthetic/room_752/syn_04.png,752,1
/content/dataset/synthetic/room_752/syn_05.png,752,1
/content/dataset/synthetic/room_752/syn_06.png,752,1
/content/dataset/synthetic/room_752/syn_07.png,752,1
/content/dataset/synthetic/room_752/syn_08.png,752,1
/content/dataset/synthetic/room_752/syn_09.png,752,1
/content/dataset/real/room_753.jpeg,753,0
/content/dataset/synthetic/room_753/syn_00.png,753,1
/content/dataset/synthetic/room_753/syn_01.png,753,1
/content/dataset/synthetic/room_753/syn_02.png,753,1
/content/dataset/synthetic/room_753/syn_03.png,753,1
/content/dataset/synthetic/room_753/syn_04.png,753,1
/content/dataset/synthetic/room_753/syn_05.png,753,1
/content/dataset/synthetic/room_753/syn_06.png,753,1
/content/dataset/synthetic/room_753/syn_07.png,753,1
/content/dataset/synthetic/room_753/syn_08.png,753,1
/content/dataset/synthetic/room_753/syn_09.png,753,1
/content/dataset/real/room_754.jpg,754,0
/content/dataset/synthetic/room_754/syn_00.png,754,1
/content/dataset/synthetic/room_754/syn_01.png,754,1
/content/dataset/synthetic/room_754/syn_02.png,754,1
/content/dataset/synthetic/room_754/syn_03.png,754,1
/content/dataset/synthetic/room_754/syn_04.png,754,1
/content/dataset/synthetic/room_754/syn_05.png,754,1
/content/dataset/synthetic/room_754/syn_06.png,754,1
/content/dataset/synthetic/room_754/syn_07.png,754,1
/content/dataset/synthetic/room_754/syn_08.png,754,1
/content/dataset/synthetic/room_754/syn_09.png,754,1
/content/dataset/real/room_755.jpeg,755,0
/content/dataset/synthetic/room_755/syn_00.png,755,1
/content/dataset/synthetic/room_755/syn_01.png,755,1
/content/dataset/synthetic/room_755/syn_02.png,755,1
/content/dataset/synthetic/room_755/syn_03.png,755,1
/content/dataset/synthetic/room_755/syn_04.png,755,1
/content/dataset/synthetic/room_755/syn_05.png,755,1
/content/dataset/synthetic/room_755/syn_06.png,755,1
/content/dataset/synthetic/room_755/syn_07.png,755,1
/content/dataset/synthetic/room_755/syn_08.png,755,1
/content/dataset/synthetic/room_755/syn_09.png,755,1
/content/dataset/real/room_756.jpg,756,0
/content/dataset/synthetic/room_756/syn_00.png,756,1
/content/dataset/synthetic/room_756/syn_01.png,756,1
/content/dataset/synthetic/room_756/syn_02.png,756,1
/content/dataset/synthetic/room_756/syn_03.png,756,1
/content/dataset/synthetic/room_756/syn_04.png,756,1
/content/dataset/synthetic/room_756/syn_05.png,756,1
/content/dataset/synthetic/room_756/syn_06.png,756,1
/content/dataset/synthetic/room_756/syn_07.png,756,1
/content/dataset/synthetic/room_756/syn_08.png,756,1
/content/dataset/synthetic/room_756/syn_09.png,756,1
/content/dataset/real/room_757.jpeg,757,0
/content/dataset/synthetic/room_757/syn_00.png,757,1
/content/dataset/synthetic/room_757/syn_01.png,757,1
/content/dataset/synthetic/room_757/syn_02.png,757,1
/content/dataset/synthetic/room_757/syn_03.png,757,1
/content/dataset/synthetic/room_757/syn_04.png,757,1
/content/dataset/synthetic/room_757/syn_05.png,757,1
/content/dataset/synthetic/room_757/syn_06.png,757,1
/content/dataset/synthetic/room_757/syn_07.png,757,1
/content/dataset/synthetic/room_757/syn_08.png,757,1
/content/dataset/synthetic/room_757/syn_09.png,757,1
/content/dataset/real/room_758.jpg,758,0
/content/dataset/synthetic/room_758/syn_00.png,758,1
/content/dataset/synthetic/room_758/syn_01.png,758,1
/content/dataset/synthetic/room_758/syn_02.png,758,1
/content/dataset/synthetic/room_758/syn_03.png,758,1
/content/dataset/synthetic/room_758/syn_04.png,758,1
/content/dataset/synthetic/room_758/syn_05.png,758,1
/content/dataset/synthetic/room_758/syn_06.png,758,1
/content/dataset/synthetic/room_758/syn_07.png,758,1
/content/dataset/synthetic/room_758/syn_08.png,758,1
/content/dataset/synthetic/room_758/syn_09.png,758,1
/content/dataset/real/room_759.jpeg,759,0
/content/dataset/synthetic/room_759/syn_00.png,759,1
/content/dataset/synthetic/room_759/syn_01.png,759,1
/content/dataset/synthetic/room_759/syn_02.png,759,1
/content/dataset/synthetic/room_759/syn_03.png,759,1
/content/dataset/synthetic/room_759/syn_04.png,759,1
/content/dataset/synthetic/room_759/syn_05.png,759,1
/content/dataset/synthetic/room_759/syn_06.png,759,1
/content/dataset/synthetic/room_759/syn_07.png,759,1
/content/dataset/synthetic/room_759/syn_08.png,759,1
/content/dataset/synthetic/room_759/syn_09.png,759,1
/content/dataset/real/room_760.jpg,760,0
/content/dataset/synthetic/room_760/syn_00.png,760,1
/content/dataset/synthetic/room_760/syn_01.png,760,1
/content/dataset/synthetic/room_760/syn_02.png,760,1
/content/dataset/synthetic/room_760/syn_03.png,760,1
/content/dataset/synthetic/room_760/syn_04.png,760,1
/content/dataset/synthetic/room_760/syn_05.png,760,1
/content/dataset/synthetic/room_760/syn_06.png,760,1
/content/dataset/synthetic/room_760/syn_07.png,760,1
/content/dataset/synthetic/room_760/syn_08.png,760,1
/content/dataset/synthetic/room_760/syn_09.png,760,1
/content/dataset/real/room_761.jpeg,761,0
/content/dataset/synthetic/room_761/syn_00.png,761,1
/content/dataset/synthetic/room_761/syn_01.png,761,1
/content/dataset/synthetic/room_761/syn_02.png,761,1
/content/dataset/synthetic/room_761/syn_03.png,761,1
/content/dataset/synthetic/room_761/syn_04.png,761,1
/content/dataset/synthetic/room_761/syn_05.png,761,1
/content/dataset/synthetic/room_761/syn_06.png,761,1
/content/dataset/synthetic/room_761/syn_07.png,761,1
/content/dataset/synthetic/room_761/syn_08.png,761,1
/content/dataset/synthetic/room_761/syn_09.png,761,1
/content/dataset/real/room_762.jpg,762,0
/content/dataset/synthetic/room_762/syn_00.png,762,1
/content/dataset/synthetic/room_762/syn_01.png,762,1
/content/dataset/synthetic/room_762/syn_02.png,762,1
/content/dataset/synthetic/room_762/syn_03.png,762,1
/content/dataset/synthetic/room_762/syn_04.png,762,1
/content/dataset/synthetic/room_762/syn_05.png,762,1
/content/dataset/synthetic/room_762/syn_06.png,762,1
/content/dataset/synthetic/room_762/syn_07.png,762,1
/content/dataset/synthetic/room_762/syn_08.png,762,1
/content/dataset/synthetic/room_762/syn_09.png,762,1
/content/dataset/real/room_763.jpeg,763,0
/content/dataset/synthetic/room_763/syn_00.png,763,1
/content/dataset/synthetic/room_763/syn_01.png,763,1
/content/dataset/synthetic/room_763/syn_02.png,763,1
/content/dataset/synthetic/room_763/syn_03.png,763,1
/content/dataset/synthetic/room_763/syn_04.png,763,1
/content/dataset/synthetic/room_763/syn_05.png,763,1
/content/dataset/synthetic/room_763/syn_06.png,763,1
/content/dataset/synthetic/room_763/syn_07.png,763,1
/content/dataset/synthetic/room_763/syn_08.png,763,1
/content/dataset/synthetic/room_763/syn_09.png,763,1
/content/dataset/real/room_764.jpg,764,0
/content/dataset/synthetic/room_764/syn_00.png,764,1
/content/dataset/synthetic/room_764/syn_01.png,764,1
/content/dataset/synthetic/room_764/syn_02.png,764,1
/content/dataset/synthetic/room_764/syn_03.png,764,1
/content/dataset/synthetic/room_764/syn_04.png,764,1
/content/dataset/synthetic/room_764/syn_05.png,764,1
/content/dataset/synthetic/room_764/syn_06.png,764,1
/content/dataset/synthetic/room_764/syn_07.png,764,1
/content/dataset/synthetic/room_764/syn_08.png,764,1
/content/dataset/synthetic/room_764/syn_09.png,764,1
/content/dataset/real/room_765.jpeg,765,0
/content/dataset/synthetic/room_765/syn_00.png,765,1
/content/dataset/synthetic/room_765/syn_01.png,765,1
/content/dataset/synthetic/room_765/syn_02.png,765,1
/content/dataset/synthetic/room_765/syn_03.png,765,1
/content/dataset/synthetic/room_765/syn_04.png,765,1
/content/dataset/synthetic/room_765/syn_05.png,765,1
/content/dataset/synthetic/room_765/syn_06.png,765,1
/content/dataset/synthetic/room_765/syn_07.png,765,1
/content/dataset/synthetic/room_765/syn_08.png,765,1
/content/dataset/synthetic/room_765/syn_09.png,765,1
/content/dataset/real/room_766.jpg,766,0
/content/dataset/synthetic/room_766/syn_00.png,766,1
/content/dataset/synthetic/room_766/syn_01.png,766,1
/content/dataset/synthetic/room_766/syn_02.png,766,1
/content/dataset/synthetic/room_766/syn_03.png,766,1
/content/dataset/synthetic/room_766/syn_04.png,766,1
/content/dataset/synthetic/room_766/syn_05.png,766,1
/content/dataset/synthetic/room_766/syn_06.png,766,1
/content/dataset/synthetic/room_766/syn_07.png,766,1
/content/dataset/synthetic/room_766/syn_08.png,766,1
/content/dataset/synthetic/room_766/syn_09.png,766,1
/content/dataset/real/room_767.jpeg,767,0
/content/dataset/synthetic/room_767/syn_00.png,767,1
/content/dataset/synthetic/room_767/syn_01.png,767,1
/content/dataset/synthetic/room_767/syn_02.png,767,1
/content/dataset/synthetic/room_767/syn_03.png,767,1
/content/dataset/synthetic/room_767/syn_04.png,767,1
/content/dataset/synthetic/room_767/syn_05.png,767,1
/content/dataset/synthetic/room_767/syn_06.png,767,1
/content/dataset/synthetic/room_767/syn_07.png,767,1
/content/dataset/synthetic/room_767/syn_08.png,767,1
/content/dataset/synthetic/room_767/syn_09.png,767,1
/content/dataset/real/room_768.jpg,768,0
/content/dataset/synthetic/room_768/syn_00.png,768,1
/content/dataset/synthetic/room_768/syn_01.png,768,1
/content/dataset/synthetic/room_768/syn_02.png,768,1
/content/dataset/synthetic/room_768/syn_03.png,768,1
/content/dataset/synthetic/room_768/syn_04.png,768,1
/content/dataset/synthetic/room_768/syn_05.png,768,1
/content/dataset/synthetic/room_768/syn_06.png,768,1
/content/dataset/synthetic/room_768/syn_07.png,768,1
/content/dataset/synthetic/room_768/syn_08.png,768,1
/content/dataset/synthetic/room_768/syn_09.png,768,1
/content/dataset/real/room_769.jpeg,769,0
/content/dataset/synthetic/room_769/syn_00.png,769,1
/content/dataset/synthetic/room_769/syn_01.png,769,1
/content/dataset/synthetic/room_769/syn_02.png,769,1
/content/dataset/synthetic/room_769/syn_03.png,769,1
/content/dataset/synthetic/room_769/syn_04.png,769,1
/content/dataset/synthetic/room_769/syn_05.png,769,1
/content/dataset/synthetic/room_769/syn_06.png,769,1
/content/dataset/synthetic/room_769/syn_07.png,769,1
/content/dataset/synthetic/room_769/syn_08.png,769,1
/content/dataset/synthetic/room_769/syn_09.png,769,1
/content/dataset/real/room_770.jpg,770,0
/content/dataset/synthetic/room_770/syn_00.png,770,1
/content/dataset/synthetic/room_770/syn_01.png,770,1
/content/dataset/synthetic/room_770/syn_02.png,770,1
/content/dataset/synthetic/room_770/syn_03.png,770,1
/content/dataset/synthetic/room_770/syn_04.png,770,1
/content/dataset/synthetic/room_770/syn_05.png,770,1
/content/dataset/synthetic/room_770/syn_06.png,770,1
/content/dataset/synthetic/room_770/syn_07.png,770,1
/content/dataset/synthetic/room_770/syn_08.png,770,1
/content/dataset/synthetic/room_770/syn_09.png,770,1
/content/dataset/real/room_771.jpeg,771,0
/content/dataset/synthetic/room_771/syn_00.png,771,1
/content/dataset/synthetic/room_771/syn_01.png,771,1
/content/dataset/synthetic/room_771/syn_02.png,771,1
/content/dataset/synthetic/room_771/syn_03.png,771,1
/content/dataset/synthetic/room_771/syn_04.png,771,1
/content/dataset/synthetic/room_771/syn_05.png,771,1
/content/dataset/synthetic/room_771/syn_06.png,771,1
/content/dataset/synthetic/room_771/syn_07.png,771,1
/content/dataset/synthetic/room_771/syn_08.png,771,1
/content/dataset/synthetic/room_771/syn_09.png,771,1
/content/dataset/real/room_772.jpg,772,0
/content/dataset/synthetic/room_772/syn_00.png,772,1
/content/dataset/synthetic/room_772/syn_01.png,772,1
/content/dataset/synthetic/room_772/syn_02.png,772,1
/content/dataset/synthetic/room_772/syn_03.png,772,1
/content/dataset/synthetic/room_772/syn_04.png,772,1
/content/dataset/synthetic/room_772/syn_05.png,772,1
/content/dataset/synthetic/room_772/syn_06.png,772,1
/content/dataset/synthetic/room_772/syn_07.png,772,1
/content/dataset/synthetic/room_772/syn_08.png,772,1
/content/dataset/synthetic/room_772/syn_09.png,772,1
/content/dataset/real/room_773.jpeg,773,0
/content/dataset/synthetic/room_773/syn_00.png,773,1
/content/dataset/synthetic/room_773/syn_01.png,773,1
/content/dataset/synthetic/room_773/syn_02.png,773,1
/content/dataset/synthetic/room_773/syn_03.png,773,1
/content/dataset/synthetic/room_773/syn_04.png,773,1
/content/dataset/synthetic/room_773/syn_05.png,773,1
/content/dataset/synthetic/room_773/syn_06.png,773,1
/content/dataset/synthetic/room_773/syn_07.png,773,1
/content/dataset/synthetic/room_773/syn_08.png,773,1
/content/dataset/synthetic/room_773/syn_09.png,773,1
/content/dataset/real/room_774.jpg,774,0
/content/dataset/synthetic/room_774/syn_00.png,774,1
/content/dataset/synthetic/room_774/syn_01.png,774,1
/content/dataset/synthetic/room_774/syn_02.png,774,1
/content/dataset/synthetic/room_774/syn_03.png,774,1
/content/dataset/synthetic/room_774/syn_04.png,774,1
/content/dataset/synthetic/room_774/syn_05.png,774,1
/content/dataset/synthetic/room_774/syn_06.png,774,1
/content/dataset/synthetic/room_774/syn_07.png,774,1
/content/dataset/synthetic/room_774/syn_08.png,774,1
/content/dataset/synthetic/room_774/syn_09.png,774,1
/content/dataset/real/room_775.jpeg,775,0
/content/dataset/synthetic/room_775/syn_00.png,775,1
/content/dataset/synthetic/room_775/syn_01.png,775,1
/content/dataset/synthetic/room_775/syn_02.png,775,1
/content/dataset/synthetic/room_775/syn_03.png,775,1
/content/dataset/synthetic/room_775/syn_04.png,775,1
/content/dataset/synthetic/room_775/syn_05.png,775,1
/content/dataset/synthetic/room_775/syn_06.png,775,1
/content/dataset/synthetic/room_775/syn_07.png,775,1
/content/dataset/synthetic/room_775/syn_08.png,775,1
/content/dataset/synthetic/room_775/syn_09.png,775,1
/content/dataset/real/room_776.jpg,776,0
/content/dataset/synthetic/room_776/syn_00.png,776,1
/content/dataset/synthetic/room_776/syn_01.png,776,1
/content/dataset/synthetic/room_776/syn_02.png,776,1
/content/dataset/synthetic/room_776/syn_03.png,776,1
/content/dataset/synthetic/room_776/syn_04.png,776,1
/content/dataset/synthetic/room_776/syn_05.png,776,1
/content/dataset/synthetic/room_776/syn_06.png,776,1
/content/dataset/synthetic/room_776/syn_07.png,776,1
/content/dataset/synthetic/room_776/syn_08.png,776,1
/content/dataset/synthetic/room_776/syn_09.png,776,1
/content/dataset/real/room_777.jpeg,777,0
/content/dataset/synthetic/room_777/syn_00.png,777,1
/content/dataset/synthetic/room_777/syn_01.png,777,1
/content/dataset/synthetic/room_777/syn_02.png,777,1
/content/dataset/synthetic/room_777/syn_03.png,777,1
/content/dataset/synthetic/room_777/syn_04.png,777,1
/content/dataset/synthetic/room_777/syn_05.png,777,1
/content/dataset/synthetic/room_777/syn_06.png,777,1
/content/dataset/synthetic/room_777/syn_07.png,777,1
/content/dataset/synthetic/room_777/syn_08.png,777,1
/content/dataset/synthetic/room_777/syn_09.png,777,1
/content/dataset/real/room_778.jpg,778,0
/content/dataset/synthetic/room_778/syn_00.png,778,1
/content/dataset/synthetic/room_778/syn_01.png,778,1
/content/dataset/synthetic/room_778/syn_02.png,778,1
/content/dataset/synthetic/room_778/syn_03.png,778,1
/content/dataset/synthetic/room_778/syn_04.png,778,1
/content/dataset/synthetic/room_778/syn_05.png,778,1
/content/dataset/synthetic/room_778/syn_06.png,778,1
/content/dataset/synthetic/room_778/syn_07.png,778,1
/content/dataset/synthetic/room_778/syn_08.png,778,1
/content/dataset/synthetic/room_778/syn_09.png,778,1
/content/dataset/real/room_779.jpeg,779,0
/content/dataset/synthetic/room_779/syn_00.png,779,1
/content/dataset/synthetic/room_779/syn_01.png,779,1
/content/dataset/synthetic/room_779/syn_02.png,779,1
/content/dataset/synthetic/room_779/syn_03.png,779,1
/content/dataset/synthetic/room_779/syn_04.png,779,1
/content/dataset/synthetic/room_779/syn_05.png,779,1
/content/dataset/synthetic/room_779/syn_06.png,779,1
/content/dataset/synthetic/room_779/syn_07.png,779,1
/content/dataset/synthetic/room_779/syn_08.png,779,1
/content/dataset/synthetic/room_779/syn_09.png,779,1
/content/dataset/real/room_780.jpg,780,0
/content/dataset/synthetic/room_780/syn_00.png,780,1
/content/dataset/synthetic/room_780/syn_01.png,780,1
/content/dataset/synthetic/room_780/syn_02.png,780,1
/content/dataset/synthetic/room_780/syn_03.png,780,1
/content/dataset/synthetic/room_780/syn_04.png,780,1
/content/dataset/synthetic/room_780/syn_05.png,780,1
/content/dataset/synthetic/room_780/syn_06.png,780,1
/content/dataset/synthetic/room_780/syn_07.png,780,1
/content/dataset/synthetic/room_780/syn_08.png,780,1
/content/dataset/synthetic/room_780/syn_09.png,780,1
/content/dataset/real/room_781.jpeg,781,0
/content/dataset/synthetic/room_781/syn_00.png,781,1
/content/dataset/synthetic/room_781/syn_01.png,781,1
/content/dataset/synthetic/room_781/syn_02.png,781,1
/content/dataset/synthetic/room_781/syn_03.png,781,1
/content/dataset/synthetic/room_781/syn_04.png,781,1
/content/dataset/synthetic/room_781/syn_05.png,781,1
/content/dataset/synthetic/room_781/syn_06.png,781,1
/content/dataset/synthetic/room_781/syn_07.png,781,1
/content/dataset/synthetic/room_781/syn_08.png,781,1
/content/dataset/synthetic/room_781/syn_09.png,781,1
/content/dataset/real/room_782.jpg,782,0
/content/dataset/synthetic/room_782/syn_00.png,782,1
/content/dataset/synthetic/room_782/syn_01.png,782,1
/content/dataset/synthetic/room_782/syn_02.png,782,1
/content/dataset/synthetic/room_782/syn_03.png,782,1
/content/dataset/synthetic/room_782/syn_04.png,782,1
/content/dataset/synthetic/room_782/syn_05.png,782,1
/content/dataset/synthetic/room_782/syn_06.png,782,1
/content/dataset/synthetic/room_782/syn_07.png,782,1
/content/dataset/synthetic/room_782/syn_08.png,782,1
/content/dataset/synthetic/room_782/syn_09.png,782,1
/content/dataset/real/room_783.jpeg,783,0
/content/dataset/synthetic/room_783/syn_00.png,783,1
/content/dataset/synthetic/room_783/syn_01.png,783,1
/content/dataset/synthetic/room_783/syn_02.png,783,1
/content/dataset/synthetic/room_783/syn_03.png,783,1
/content/dataset/synthetic/room_783/syn_04.png,783,1
/content/dataset/synthetic/room_783/syn_05.png,783,1
/content/dataset/synthetic/room_783/syn_06.png,783,1
/content/dataset/synthetic/room_783/syn_07.png,783,1
/content/dataset/synthetic/room_783/syn_08.png,783,1
/content/dataset/synthetic/room_783/syn_09.png,783,1
/content/dataset/real/room_784.jpg,784,0
/content/dataset/synthetic/room_784/syn_00.png,784,1
/content/dataset/synthetic/room_784/syn_01.png,784,1
/content/dataset/synthetic/room_784/syn_02.png,784,1
/content/dataset/synthetic/room_784/syn_03.png,784,1
/content/dataset/synthetic/room_784/syn_04.png,784,1
/content/dataset/synthetic/room_784/syn_05.png,784,1
/content/dataset/synthetic/room_784/syn_06.png,784,1
/content/dataset/synthetic/room_784/syn_07.png,784,1
/content/dataset/synthetic/room_784/syn_08.png,784,1
/content/dataset/synthetic/room_784/syn_09.png,784,1
/content/dataset/real/room_785.jpeg,785,0
/content/dataset/synthetic/room_785/syn_00.png,785,1
/content/dataset/synthetic/room_785/syn_01.png,785,1
/content/dataset/synthetic/room_785/syn_02.png,785,1
/content/dataset/synthetic/room_785/syn_03.png,785,1
/content/dataset/synthetic/room_785/syn_04.png,785,1
/content/dataset/synthetic/room_785/syn_05.png,785,1
/content/dataset/synthetic/room_785/syn_06.png,785,1
/content/dataset/synthetic/room_785/syn_07.png,785,1
/content/dataset/synthetic/room_785/syn_08.png,785,1
/content/dataset/synthetic/room_785/syn_09.png,785,1
/content/dataset/real/room_786.jpg,786,0
/content/dataset/synthetic/room_786/syn_00.png,786,1
/content/dataset/synthetic/room_786/syn_01.png,786,1
/content/dataset/synthetic/room_786/syn_02.png,786,1
/content/dataset/synthetic/room_786/syn_03.png,786,1
/content/dataset/synthetic/room_786/syn_04.png,786,1
/content/dataset/synthetic/room_786/syn_05.png,786,1
/content/dataset/synthetic/room_786/syn_06.png,786,1
/content/dataset/synthetic/room_786/syn_07.png,786,1
/content/dataset/synthetic/room_786/syn_08.png,786,1
/content/dataset/synthetic/room_786/syn_09.png,786,1
/content/dataset/real/room_787.jpeg,787,0
/content/dataset/synthetic/room_787/syn_00.png,787,1
/content/dataset/synthetic/room_787/syn_01.png,787,1
/content/dataset/synthetic/room_787/syn_02.png,787,1
/content/dataset/synthetic/room_787/syn_03.png,787,1
/content/dataset/synthetic/room_787/syn_04.png,787,1
/content/dataset/synthetic/room_787/syn_05.png,787,1
/content/dataset/synthetic/room_787/syn_06.png,787,1
/content/dataset/synthetic/room_787/syn_07.png,787,1
/content/dataset/synthetic/room_787/syn_08.png,787,1
/content/dataset/synthetic/room_787/syn_09.png,787,1
/content/dataset/real/room_788.jpg,788,0
/content/dataset/synthetic/room_788/syn_00.png,788,1
/content/dataset/synthetic/room_788/syn_01.png,788,1
/content/dataset/synthetic/room_788/syn_02.png,788,1
/content/dataset/synthetic/room_788/syn_03.png,788,1
/content/dataset/synthetic/room_788/syn_04.png,788,1
/content/dataset/synthetic/room_788/syn_05.png,788,1
/content/dataset/synthetic/room_788/syn_06.png,788,1
/content/dataset/synthetic/room_788/syn_07.png,788,1
/content/dataset/synthetic/room_788/syn_08.png,788,1
/content/dataset/synthetic/room_788/syn_09.png,788,1
/content/dataset/real/room_789.jpeg,789,0
/content/dataset/synthetic/room_789/syn_00.png,789,1
/content/dataset/synthetic/room_789/syn_01.png,789,1
/content/dataset/synthetic/room_789/syn_02.png,789,1
/content/dataset/synthetic/room_789/syn_03.png,789,1
/content/dataset/synthetic/room_789/syn_04.png,789,1
/content/dataset/synthetic/room_789/syn_05.png,789,1
/content/dataset/synthetic/room_789/syn_06.png,789,1
/content/dataset/synthetic/room_789/syn_07.png,789,1
/content/dataset/synthetic/room_789/syn_08.png,789,1
/content/dataset/synthetic/room_789/syn_09.png,789,1
/content/dataset/real/room_790.jpg,790,0
/content/dataset/synthetic/room_790/syn_00.png,790,1
/content/dataset/synthetic/room_790/syn_01.png,790,1
/content/dataset/synthetic/room_790/syn_02.png,790,1
/content/dataset/synthetic/room_790/syn_03.png,790,1
/content/dataset/synthetic/room_790/syn_04.png,790,1
/content/dataset/synthetic/room_790/syn_05.png,790,1
/content/dataset/synthetic/room_790/syn_06.png,790,1
/content/dataset/synthetic/room_790/syn_07.png,790,1
/content/dataset/synthetic/room_790/syn_08.png,790,1
/content/dataset/synthetic/room_790/syn_09.png,790,1
/content/dataset/real/room_791.jpeg,791,0
/content/dataset/synthetic/room_791/syn_00.png,791,1
/content/dataset/synthetic/room_791/syn_01.png,791,1
/content/dataset/synthetic/room_791/syn_02.png,791,1
/content/dataset/synthetic/room_791/syn_03.png,791,1
/content/dataset/synthetic/room_791/syn_04.png,791,1
/content/dataset/synthetic/room_791/syn_05.png,791,1
/content/dataset/synthetic/room_791/syn_06.png,791,1
/content/dataset/synthetic/room_791/syn_07.png,791,1
/content/dataset/synthetic/room_791/syn_08.png,791,1
/content/dataset/synthetic/room_791/syn_09.png,791,1
/content/dataset/real/room_792.jpg,792,0
/content/dataset/synthetic/room_792/syn_00.png,792,1
/content/dataset/synthetic/room_792/syn_01.png,792,1
/content/dataset/synthetic/room_792/syn_02.png,792,1
/content/dataset/synthetic/room_792/syn_03.png,792,1
/content/dataset/synthetic/room_792/syn_04.png,792,1
/content/dataset/synthetic/room_792/syn_05.png,792,1
/content/dataset/synthetic/room_792/syn_06.png,792,1
/content/dataset/synthetic/room_792/syn_07.png,792,1
/content/dataset/synthetic/room_792/syn_08.png,792,1
/content/dataset/synthetic/room_792/syn_09.png,792,1
/content/dataset/real/room_793.jpeg,793,0
/content/dataset/synthetic/room_793/syn_00.png,793,1
/content/dataset/synthetic/room_793/syn_01.png,793,1
/content/dataset/synthetic/room_793/syn_02.png,793,1
/content/dataset/synthetic/room_793/syn_03.png,793,1
/content/dataset/synthetic/room_793/syn_04.png,793,1
/content/dataset/synthetic/room_793/syn_05.png,793,1
/content/dataset/synthetic/room_793/syn_06.png,793,1
/content/dataset/synthetic/room_793/syn_07.png,793,1
/content/dataset/synthetic/room_793/syn_08.png,793,1
/content/dataset/synthetic/room_793/syn_09.png,793,1
/content/dataset/real/room_794.jpg,794,0
/content/dataset/synthetic/room_794/syn_00.png,794,1
/content/dataset/synthetic/room_794/syn_01.png,794,1
/content/dataset/synthetic/room_794/syn_02.png,794,1
/content/dataset/synthetic/room_794/syn_03.png,794,1
/content/dataset/synthetic/room_794/syn_04.png,794,1
/content/dataset/synthetic/room_794/syn_05.png,794,1
/content/dataset/synthetic/room_794/syn_06.png,794,1
/content/dataset/synthetic/room_794/syn_07.png,794,1
/content/dataset/synthetic/room_794/syn_08.png,794,1
/content/dataset/synthetic/room_794/syn_09.png,794,1
/content/dataset/real/room_795.jpeg,795,0
/content/dataset/synthetic/room_795/syn_00.png,795,1
/content/dataset/synthetic/room_795/syn_01.png,795,1
/content/dataset/synthetic/room_795/syn_02.png,795,1
/content/dataset/synthetic/room_795/syn_03.png,795,1
/content/dataset/synthetic/room_795/syn_04.png,795,1
/content/dataset/synthetic/room_795/syn_05.png,795,1
/content/dataset/synthetic/room_795/syn_06.png,795,1
/content/dataset/synthetic/room_795/syn_07.png,795,1
/content/dataset/synthetic/room_795/syn_08.png,795,1
/content/dataset/synthetic/room_795/syn_09.png,795,1
/content/dataset/real/room_796.jpg,796,0
/content/dataset/synthetic/room_796/syn_00.png,796,1
/content/dataset/synthetic/room_796/syn_01.png,796,1
/content/dataset/synthetic/room_796/syn_02.png,796,1
/content/dataset/synthetic/room_796/syn_03.png,796,1
/content/dataset/synthetic/room_796/syn_04.png,796,1
/content/dataset/synthetic/room_796/syn_05.png,796,1
/content/dataset/synthetic/room_796/syn_06.png,796,1
/content/dataset/synthetic/room_796/syn_07.png,796,1
/content/dataset/synthetic/room_796/syn_08.png,796,1
/content/dataset/synthetic/room_796/syn_09.png,796,1
/content/dataset/real/room_797.jpeg,797,0
/content/dataset/synthetic/room_797/syn_00.png,797,1
/content/dataset/synthetic/room_797/syn_01.png,797,1
/content/dataset/synthetic/room_797/syn_02.png,797,1
/content/dataset/synthetic/room_797/syn_03.png,797,1
/content/dataset/synthetic/room_797/syn_04.png,797,1
/content/dataset/synthetic/room_797/syn_05.png,797,1
/content/dataset/synthetic/room_797/syn_06.png,797,1
/content/dataset/synthetic/room_797/syn_07.png,797,1
/content/dataset/synthetic/room_797/syn_08.png,797,1
/content/dataset/synthetic/room_797/syn_09.png,797,1
/content/dataset/real/room_798.jpg,798,0
/content/dataset/synthetic/room_798/syn_00.png,798,1
/content/dataset/synthetic/room_798/syn_01.png,798,1
/content/dataset/synthetic/room_798/syn_02.png,798,1
/content/dataset/synthetic/room_798/syn_03.png,798,1
/content/dataset/synthetic/room_798/syn_04.png,798,1
/content/dataset/synthetic/room_798/syn_05.png,798,1
/content/dataset/synthetic/room_798/syn_06.png,798,1
/content/dataset/synthetic/room_798/syn_07.png,798,1
/content/dataset/synthetic/room_798/syn_08.png,798,1
/content/dataset/synthetic/room_798/syn_09.png,798,1
/content/dataset/real/room_799.jpeg,799,0
/content/dataset/synthetic/room_799/syn_00.png,799,1
/content/dataset/synthetic/room_799/syn_01.png,799,1
/content/dataset/synthetic/room_799/syn_02.png,799,1
/content/dataset/synthetic/room_799/syn_03.png,799,1
/content/dataset/synthetic/room_799/syn_04.png,799,1
/content/dataset/synthetic/room_799/syn_05.png,799,1
/content/dataset/synthetic/room_799/syn_06.png,799,1
/content/dataset/synthetic/room_799/syn_07.png,799,1
/content/dataset/synthetic/room_799/syn_08.png,799,1
/content/dataset/synthetic/room_799/syn_09.png,799,1
/content/dataset/real/room_800.jpg,800,0
/content/dataset/synthetic/room_800/syn_00.png,800,1
/content/dataset/synthetic/room_800/syn_01.png,800,1
/content/dataset/synthetic/room_800/syn_02.png,800,1
/content/dataset/synthetic/room_800/syn_03.png,800,1
/content/dataset/synthetic/room_800/syn_04.png,800,1
/content/dataset/synthetic/room_800/syn_05.png,800,1
/content/dataset/synthetic/room_800/syn_06.png,800,1
/content/dataset/synthetic/room_800/syn_07.png,800,1
/content/dataset/synthetic/room_800/syn_08.png,800,1
/content/dataset/synthetic/room_800/syn_09.png,800,1
/content/dataset/real/room_801.jpeg,801,0
/content/dataset/synthetic/room_801/syn_00.png,801,1
/content/dataset/synthetic/room_801/syn_01.png,801,1
/content/dataset/synthetic/room_801/syn_02.png,801,1
/content/dataset/synthetic/room_801/syn_03.png,801,1
/content/dataset/synthetic/room_801/syn_04.png,801,1
/content/dataset/synthetic/room_801/syn_05.png,801,1
/content/dataset/synthetic/room_801/syn_06.png,801,1
/content/dataset/synthetic/room_801/syn_07.png,801,1
/content/dataset/synthetic/room_801/syn_08.png,801,1
/content/dataset/synthetic/room_801/syn_09.png,801,1
/content/dataset/real/room_802.jpg,802,0
/content/dataset/synthetic/room_802/syn_00.png,802,1
/content/dataset/synthetic/room_802/syn_01.png,802,1
/content/dataset/synthetic/room_802/syn_02.png,802,1
/content/dataset/synthetic/room_802/syn_03.png,802,1
/content/dataset/synthetic/room_802/syn_04.png,802,1
/content/dataset/synthetic/room_802/syn_05.png,802,1
/content/dataset/synthetic/room_802/syn_06.png,802,1
/content/dataset/synthetic/room_802/syn_07.png,802,1
/content/dataset/synthetic/room_802/syn_08.png,802,1
/content/dataset/synthetic/room_802/syn_09.png,802,1
/content/dataset/real/room_803.jpeg,803,0
/content/dataset/synthetic/room_803/syn_00.png,803,1
/content/dataset/synthetic/room_803/syn_01.png,803,1
/content/dataset/synthetic/room_803/syn_02.png,803,1
/content/dataset/synthetic/room_803/syn_03.png,803,1
/content/dataset/synthetic/room_803/syn_04.png,803,1
/content/dataset/synthetic/room_803/syn_05.png,803,1
/content/dataset/synthetic/room_803/syn_06.png,803,1
/content/dataset/synthetic/room_803/syn_07.png,803,1
/content/dataset/synthetic/room_803/syn_08.png,803,1
/content/dataset/synthetic/room_803/syn_09.png,803,1
/content/dataset/real/room_804.jpg,804,0
/content/dataset/synthetic/room_804/syn_00.png,804,1
/content/dataset/synthetic/room_804/syn_01.png,804,1
/content/dataset/synthetic/room_804/syn_02.png,804,1
/content/dataset/synthetic/room_804/syn_03.png,804,1
/content/dataset/synthetic/room_804/syn_04.png,804,1
/content/dataset/synthetic/room_804/syn_05.png,804,1
/content/dataset/synthetic/room_804/syn_06.png,804,1
/content/dataset/synthetic/room_804/syn_07.png,804,1
/content/dataset/synthetic/room_804/syn_08.png,804,1
/content/dataset/synthetic/room_804/syn_09.png,804,1
/content/dataset/real/room_805.jpeg,805,0
/content/dataset/synthetic/room_805/syn_00.png,805,1
/content/dataset/synthetic/room_805/syn_01.png,805,1
/content/dataset/synthetic/room_805/syn_02.png,805,1
/content/dataset/synthetic/room_805/syn_03.png,805,1
/content/dataset/synthetic/room_805/syn_04.png,805,1
/content/dataset/synthetic/room_805/syn_05.png,805,1
/content/dataset/synthetic/room_805/syn_06.png,805,1
/content/dataset/synthetic/room_805/syn_07.png,805,1
/content/dataset/synthetic/room_805/syn_08.png,805,1
/content/dataset/synthetic/room_805/syn_09.png,805,1
/content/dataset/real/room_806.jpg,806,0
/content/dataset/synthetic/room_806/syn_00.png,806,1
/content/dataset/synthetic/room_806/syn_01.png,806,1
/content/dataset/synthetic/room_806/syn_02.png,806,1
/content/dataset/synthetic/room_806/syn_03.png,806,1
/content/dataset/synthetic/room_806/syn_04.png,806,1
/content/dataset/synthetic/room_806/syn_05.png,806,1
/content/dataset/synthetic/room_806/syn_06.png,806,1
/content/dataset/synthetic/room_806/syn_07.png,806,1
/content/dataset/synthetic/room_806/syn_08.png,806,1
/content/dataset/synthetic/room_806/syn_09.png,806,1
/content/dataset/real/room_807.jpeg,807,0
/content/dataset/synthetic/room_807/syn_00.png,807,1
/content/dataset/synthetic/room_807/syn_01.png,807,1
/content/dataset/synthetic/room_807/syn_02.png,807,1
/content/dataset/synthetic/room_807/syn_03.png,807,1
/content/dataset/synthetic/room_807/syn_04.png,807,1
/content/dataset/synthetic/room_807/syn_05.png,807,1
/content/dataset/synthetic/room_807/syn_06.png,807,1
/content/dataset/synthetic/room_807/syn_07.png,807,1
/content/dataset/synthetic/room_807/syn_08.png,807,1
/content/dataset/synthetic/room_807/syn_09.png,807,1
/content/dataset/real/room_808.jpg,808,0
/content/dataset/synthetic/room_808/syn_00.png,808,1
/content/dataset/synthetic/room_808/syn_01.png,808,1
/content/dataset/synthetic/room_808/syn_02.png,808,1
/content/dataset/synthetic/room_808/syn_03.png,808,1
/content/dataset/synthetic/room_808/syn_04.png,808,1
/content/dataset/synthetic/room_808/syn_05.png,808,1
/content/dataset/synthetic/room_808/syn_06.png,808,1
/content/dataset/synthetic/room_808/syn_07.png,808,1
/content/dataset/synthetic/room_808/syn_08.png,808,1
/content/dataset/synthetic/room_808/syn_09.png,808,1
/content/dataset/real/room_809.jpeg,809,0
/content/dataset/synthetic/room_809/syn_00.png,809,1
/content/dataset/synthetic/room_809/syn_01.png,809,1
/content/dataset/synthetic/room_809/syn_02.png,809,1
/content/dataset/synthetic/room_809/syn_03.png,809,1
/content/dataset/synthetic/room_809/syn_04.png,809,1
/content/dataset/synthetic/room_809/syn_05.png,809,1
/content/dataset/synthetic/room_809/syn_06.png,809,1
/content/dataset/synthetic/room_809/syn_07.png,809,1
/content/dataset/synthetic/room_809/syn_08.png,809,1
/content/dataset/synthetic/room_809/syn_09.png,809,1
/content/dataset/real/room_810.jpg,810,0
/content/dataset/synthetic/room_810/syn_00.png,810,1
/content/dataset/synthetic/room_810/syn_01.png,810,1
/content/dataset/synthetic/room_810/syn_02.png,810,1
/content/dataset/synthetic/room_810/syn_03.png,810,1
/content/dataset/synthetic/room_810/syn_04.png,810,1
/content/dataset/synthetic/room_810/syn_05.png,810,1
/content/dataset/synthetic/room_810/syn_06.png,810,1
/content/dataset/synthetic/room_810/syn_07.png,810,1
/content/dataset/synthetic/room_810/syn_08.png,810,1
/content/dataset/synthetic/room_810/syn_09.png,810,1
/content/dataset/real/room_811.jpeg,811,0
/content/dataset/synthetic/room_811/syn_00.png,811,1
/content/dataset/synthetic/room_811/syn_01.png,811,1
/content/dataset/synthetic/room_811/syn_02.png,811,1
/content/dataset/synthetic/room_811/syn_03.png,811,1
/content/dataset/synthetic/room_811/syn_04.png,811,1
/content/dataset/synthetic/room_811/syn_05.png,811,1
/content/dataset/synthetic/room_811/syn_06.png,811,1
/content/dataset/synthetic/room_811/syn_07.png,811,1
/content/dataset/synthetic/room_811/syn_08.png,811,1
/content/dataset/synthetic/room_811/syn_09.png,811,1
/content/dataset/real/room_812.jpg,812,0
/content/dataset/synthetic/room_812/syn_00.png,812,1
/content/dataset/synthetic/room_812/syn_01.png,812,1
/content/dataset/synthetic/room_812/syn_02.png,812,1
/content/dataset/synthetic/room_812/syn_03.png,812,1
/content/dataset/synthetic/room_812/syn_04.png,812,1
/content/dataset/synthetic/room_812/syn_05.png,812,1
/content/dataset/synthetic/room_812/syn_06.png,812,1
/content/dataset/synthetic/room_812/syn_07.png,812,1
/content/dataset/synthetic/room_812/syn_08.png,812,1
/content/dataset/synthetic/room_812/syn_09.png,812,1
/content/dataset/real/room_813.jpeg,813,0
/content/dataset/synthetic/room_813/syn_00.png,813,1
/content/dataset/synthetic/room_813/syn_01.png,813,1
/content/dataset/synthetic/room_813/syn_02.png,813,1
/content/dataset/synthetic/room_813/syn_03.png,813,1
/content/dataset/synthetic/room_813/syn_04.png,813,1
/content/dataset/synthetic/room_813/syn_05.png,813,1
/content/dataset/synthetic/room_813/syn_06.png,813,1
/content/dataset/synthetic/room_813/syn_07.png,813,1
/content/dataset/synthetic/room_813/syn_08.png,813,1
/content/dataset/synthetic/room_813/syn_09.png,813,1
/content/dataset/real/room_814.jpg,814,0
/content/dataset/synthetic/room_814/syn_00.png,814,1
/content/dataset/synthetic/room_814/syn_01.png,814,1
/content/dataset/synthetic/room_814/syn_02.png,814,1
/content/dataset/synthetic/room_814/syn_03.png,814,1
/content/dataset/synthetic/room_814/syn_04.png,814,1
/content/dataset/synthetic/room_814/syn_05.png,814,1
/content/dataset/synthetic/room_814/syn_06.png,814,1
/content/dataset/synthetic/room_814/syn_07.png,814,1
/content/dataset/synthetic/room_814/syn_08.png,814,1
/content/dataset/synthetic/room_814/syn_09.png,814,1
/content/dataset/real/room_815.jpeg,815,0
/content/dataset/synthetic/room_815/syn_00.png,815,1
/content/dataset/synthetic/room_815/syn_01.png,815,1
/content/dataset/synthetic/room_815/syn_02.png,815,1
/content/dataset/synthetic/room_815/syn_03.png,815,1
/content/dataset/synthetic/room_815/syn_04.png,815,1
/content/dataset/synthetic/room_815/syn_05.png,815,1
/content/dataset/synthetic/room_815/syn_06.png,815,1
/content/dataset/synthetic/room_815/syn_07.png,815,1
/content/dataset/synthetic/room_815/syn_08.png,815,1
/content/dataset/synthetic/room_815/syn_09.png,815,1
/content/dataset/real/room_816.jpg,816,0
/content/dataset/synthetic/room_816/syn_00.png,816,1
/content/dataset/synthetic/room_816/syn_01.png,816,1
/content/dataset/synthetic/room_816/syn_02.png,816,1
/content/dataset/synthetic/room_816/syn_03.png,816,1
/content/dataset/synthetic/room_816/syn_04.png,816,1
/content/dataset/synthetic/room_816/syn_05.png,816,1
/content/dataset/synthetic/room_816/syn_06.png,816,1
/content/dataset/synthetic/room_816/syn_07.png,816,1
/content/dataset/synthetic/room_816/syn_08.png,816,1
/content/dataset/synthetic/room_816/syn_09.png,816,1
/content/dataset/real/room_817.jpeg,817,0
/content/dataset/synthetic/room_817/syn_00.png,817,1
/content/dataset/synthetic/room_817/syn_01.png,817,1
/content/dataset/synthetic/room_817/syn_02.png,817,1
/content/dataset/synthetic/room_817/syn_03.png,817,1
/content/dataset/synthetic/room_817/syn_04.png,817,1
/content/dataset/synthetic/room_817/syn_05.png,817,1
/content/dataset/synthetic/room_817/syn_06.png,817,1
/content/dataset/synthetic/room_817/syn_07.png,817,1
/content/dataset/synthetic/room_817/syn_08.png,817,1
/content/dataset/synthetic/room_817/syn_09.png,817,1
/content/dataset/real/room_818.jpg,818,0
/content/dataset/synthetic/room_818/syn_00.png,818,1
/content/dataset/synthetic/room_818/syn_01.png,818,1
/content/dataset/synthetic/room_818/syn_02.png,818,1
/content/dataset/synthetic/room_818/syn_03.png,818,1
/content/dataset/synthetic/room_818/syn_04.png,818,1
/content/dataset/synthetic/room_818/syn_05.png,818,1
/content/dataset/synthetic/room_818/syn_06.png,818,1
/content/dataset/synthetic/room_818/syn_07.png,818,1
/content/dataset/synthetic/room_818/syn_08.png,818,1
/content/dataset/synthetic/room_818/syn_09.png,818,1
/content/dataset/real/room_819.jpeg,819,0
/content/dataset/synthetic/room_819/syn_00.png,819,1
/content/dataset/synthetic/room_819/syn_01.png,819,1
/content/dataset/synthetic/room_819/syn_02.png,819,1
/content/dataset/synthetic/room_819/syn_03.png,819,1
/content/dataset/synthetic/room_819/syn_04.png,819,1
/content/dataset/synthetic/room_819/syn_05.png,819,1
/content/dataset/synthetic/room_819/syn_06.png,819,1
/content/dataset/synthetic/room_819/syn_07.png,819,1
/content/dataset/synthetic/room_819/syn_08.png,819,1
/content/dataset/synthetic/room_819/syn_09.png,819,1
/content/dataset/real/room_820.jpg,820,0
/content/dataset/synthetic/room_820/syn_00.png,820,1
/content/dataset/synthetic/room_820/syn_01.png,820,1
/content/dataset/synthetic/room_820/syn_02.png,820,1
/content/dataset/synthetic/room_820/syn_03.png,820,1
/content/dataset/synthetic/room_820/syn_04.png,820,1
/content/dataset/synthetic/room_820/syn_05.png,820,1
/content/dataset/synthetic/room_820/syn_06.png,820,1
/content/dataset/synthetic/room_820/syn_07.png,820,1
/content/dataset/synthetic/room_820/syn_08.png,820,1
/content/dataset/synthetic/room_820/syn_09.png,820,1
/content/dataset/real/room_821.jpeg,821,0
/content/dataset/synthetic/room_821/syn_00.png,821,1
/content/dataset/synthetic/room_821/syn_01.png,821,1
/content/dataset/synthetic/room_821/syn_02.png,821,1
/content/dataset/synthetic/room_821/syn_03.png,821,1
/content/dataset/synthetic/room_821/syn_04.png,821,1
/content/dataset/synthetic/room_821/syn_05.png,821,1
/content/dataset/synthetic/room_821/syn_06.png,821,1
/content/dataset/synthetic/room_821/syn_07.png,821,1
/content/dataset/synthetic/room_821/syn_08.png,821,1
/content/dataset/synthetic/room_821/syn_09.png,821,1
/content/dataset/real/room_822.jpg,822,0
/content/dataset/synthetic/room_822/syn_00.png,822,1
/content/dataset/synthetic/room_822/syn_01.png,822,1
/content/dataset/synthetic/room_822/syn_02.png,822,1
/content/dataset/synthetic/room_822/syn_03.png,822,1
/content/dataset/synthetic/room_822/syn_04.png,822,1
/content/dataset/synthetic/room_822/syn_05.png,822,1
/content/dataset/synthetic/room_822/syn_06.png,822,1
/content/dataset/synthetic/room_822/syn_07.png,822,1
/content/dataset/synthetic/room_822/syn_08.png,822,1
/content/dataset/synthetic/room_822/syn_09.png,822,1
/content/dataset/real/room_823.jpeg,823,0
/content/dataset/synthetic/room_823/syn_00.png,823,1
/content/dataset/synthetic/room_823/syn_01.png,823,1
/content/dataset/synthetic/room_823/syn_02.png,823,1
/content/dataset/synthetic/room_823/syn_03.png,823,1
/content/dataset/synthetic/room_823/syn_04.png,823,1
/content/dataset/synthetic/room_823/syn_05.png,823,1
/content/dataset/synthetic/room_823/syn_06.png,823,1
/content/dataset/synthetic/room_823/syn_07.png,823,1
/content/dataset/synthetic/room_823/syn_08.png,823,1
/content/dataset/synthetic/room_823/syn_09.png,823,1
/content/dataset/real/room_824.jpg,824,0
/content/dataset/synthetic/room_824/syn_00.png,824,1
/content/dataset/synthetic/room_824/syn_01.png,824,1
/content/dataset/synthetic/room_824/syn_02.png,824,1
/content/dataset/synthetic/room_824/syn_03.png,824,1
/content/dataset/synthetic/room_824/syn_04.png,824,1
/content/dataset/synthetic/room_824/syn_05.png,824,1
/content/dataset/synthetic/room_824/syn_06.png,824,1
/content/dataset/synthetic/room_824/syn_07.png,824,1
/content/dataset/synthetic/room_824/syn_08.png,824,1
/content/dataset/synthetic/room_824/syn_09.png,824,1
/content/dataset/real/room_825.jpeg,825,0
/content/dataset/synthetic/room_825/syn_00.png,825,1
/content/dataset/synthetic/room_825/syn_01.png,825,1
/content/dataset/synthetic/room_825/syn_02.png,825,1
/content/dataset/synthetic/room_825/syn_03.png,825,1
/content/dataset/synthetic/room_825/syn_04.png,825,1
/content/dataset/synthetic/room_825/syn_05.png,825,1
/content/dataset/synthetic/room_825/syn_06.png,825,1
/content/dataset/synthetic/room_825/syn_07.png,825,1
/content/dataset/synthetic/room_825/syn_08.png,825,1
/content/dataset/synthetic/room_825/syn_09.png,825,1
/content/dataset/real/room_826.jpg,826,0
/content/dataset/synthetic/room_826/syn_00.png,826,1
/content/dataset/synthetic/room_826/syn_01.png,826,1
/content/dataset/synthetic/room_826/syn_02.png,826,1
/content/dataset/synthetic/room_826/syn_03.png,826,1
/content/dataset/synthetic/room_826/syn_04.png,826,1
/content/dataset/synthetic/room_826/syn_05.png,826,1
/content/dataset/synthetic/room_826/syn_06.png,826,1
/content/dataset/synthetic/room_826/syn_07.png,826,1
/content/dataset/synthetic/room_826/syn_08.png,826,1
/content/dataset/synthetic/room_826/syn_09.png,826,1
/content/dataset/real/room_827.jpeg,827,0
/content/dataset/synthetic/room_827/syn_00.png,827,1
/content/dataset/synthetic/room_827/syn_01.png,827,1
/content/dataset/synthetic/room_827/syn_02.png,827,1
/content/dataset/synthetic/room_827/syn_03.png,827,1
/content/dataset/synthetic/room_827/syn_04.png,827,1
/content/dataset/synthetic/room_827/syn_05.png,827,1
/content/dataset/synthetic/room_827/syn_06.png,827,1
/content/dataset/synthetic/room_827/syn_07.png,827,1
/content/dataset/synthetic/room_827/syn_08.png,827,1
/content/dataset/synthetic/room_827/syn_09.png,827,1
/content/dataset/real/room_828.jpg,828,0
/content/dataset/synthetic/room_828/syn_00.png,828,1
/content/dataset/synthetic/room_828/syn_01.png,828,1
/content/dataset/synthetic/room_828/syn_02.png,828,1
/content/dataset/synthetic/room_828/syn_03.png,828,1
/content/dataset/synthetic/room_828/syn_04.png,828,1
/content/dataset/synthetic/room_828/syn_05.png,828,1
/content/dataset/synthetic/room_828/syn_06.png,828,1
/content/dataset/synthetic/room_828/syn_07.png,828,1
/content/dataset/synthetic/room_828/syn_08.png,828,1
/content/dataset/synthetic/room_828/syn_09.png,828,1
/content/dataset/real/room_829.jpeg,829,0
/content/dataset/synthetic/room_829/syn_00.png,829,1
/content/dataset/synthetic/room_829/syn_01.png,829,1
/content/dataset/synthetic/room_829/syn_02.png,829,1
/content/dataset/synthetic/room_829/syn_03.png,829,1
/content/dataset/synthetic/room_829/syn_04.png,829,1
/content/dataset/synthetic/room_829/syn_05.png,829,1
/content/dataset/synthetic/room_829/syn_06.png,829,1
/content/dataset/synthetic/room_829/syn_07.png,829,1
/content/dataset/synthetic/room_829/syn_08.png,829,1
/content/dataset/synthetic/room_829/syn_09.png,829,1
/content/dataset/real/room_830.jpg,830,0
/content/dataset/synthetic/room_830/syn_00.png,830,1
/content/dataset/synthetic/room_830/syn_01.png,830,1
/content/dataset/synthetic/room_830/syn_02.png,830,1
/content/dataset/synthetic/room_830/syn_03.png,830,1
/content/dataset/synthetic/room_830/syn_04.png,830,1
/content/dataset/synthetic/room_830/syn_05.png,830,1
/content/dataset/synthetic/room_830/syn_06.png,830,1
/content/dataset/synthetic/room_830/syn_07.png,830,1
/content/dataset/synthetic/room_830/syn_08.png,830,1
/content/dataset/synthetic/room_830/syn_09.png,830,1
/content/dataset/real/room_831.jpeg,831,0
/content/dataset/synthetic/room_831/syn_00.png,831,1
/content/dataset/synthetic/room_831/syn_01.png,831,1
/content/dataset/synthetic/room_831/syn_02.png,831,1
/content/dataset/synthetic/room_831/syn_03.png,831,1
/content/dataset/synthetic/room_831/syn_04.png,831,1
/content/dataset/synthetic/room_831/syn_05.png,831,1
/content/dataset/synthetic/room_831/syn_06.png,831,1
/content/dataset/synthetic/room_831/syn_07.png,831,1
/content/dataset/synthetic/room_831/syn_08.png,831,1
/content/dataset/synthetic/room_831/syn_09.png,831,1
/content/dataset/real/room_832.jpg,832,0
/content/dataset/synthetic/room_832/syn_00.png,832,1
/content/dataset/synthetic/room_832/syn_01.png,832,1
/content/dataset/synthetic/room_832/syn_02.png,832,1
/content/dataset/synthetic/room_832/syn_03.png,832,1
/content/dataset/synthetic/room_832/syn_04.png,832,1
/content/dataset/synthetic/room_832/syn_05.png,832,1
/content/dataset/synthetic/room_832/syn_06.png,832,1
/content/dataset/synthetic/room_832/syn_07.png,832,1
/content/dataset/synthetic/room_832/syn_08.png,832,1
/content/dataset/synthetic/room_832/syn_09.png,832,1
/content/dataset/real/room_833.jpeg,833,0
/content/dataset/synthetic/room_833/syn_00.png,833,1
/content/dataset/synthetic/room_833/syn_01.png,833,1
/content/dataset/synthetic/room_833/syn_02.png,833,1
/content/dataset/synthetic/room_833/syn_03.png,833,1
/content/dataset/synthetic/room_833/syn_04.png,833,1
/content/dataset/synthetic/room_833/syn_05.png,833,1
/content/dataset/synthetic/room_833/syn_06.png,833,1
/content/dataset/synthetic/room_833/syn_07.png,833,1
/content/dataset/synthetic/room_833/syn_08.png,833,1
/content/dataset/synthetic/room_833/syn_09.png,833,1
/content/dataset/real/room_834.jpg,834,0
/content/dataset/synthetic/room_834/syn_00.png,834,1
/content/dataset/synthetic/room_834/syn_01.png,834,1
/content/dataset/synthetic/room_834/syn_02.png,834,1
/content/dataset/synthetic/room_834/syn_03.png,834,1
/content/dataset/synthetic/room_834/syn_04.png,834,1
/content/dataset/synthetic/room_834/syn_05.png,834,1
/content/dataset/synthetic/room_834/syn_06.png,834,1
/content/dataset/synthetic/room_834/syn_07.png,834,1
/content/dataset/synthetic/room_834/syn_08.png,834,1
/content/dataset/synthetic/room_834/syn_09.png,834,1
/content/dataset/real/room_835.jpeg,835,0
/content/dataset/synthetic/room_835/syn_00.png,835,1
/content/dataset/synthetic/room_835/syn_01.png,835,1
/content/dataset/synthetic/room_835/syn_02.png,835,1
/content/dataset/synthetic/room_835/syn_03.png,835,1
/content/dataset/synthetic/room_835/syn_04.png,835,1
/content/dataset/synthetic/room_835/syn_05.png,835,1
/content/dataset/synthetic/room_835/syn_06.png,835,1
/content/dataset/synthetic/room_835/syn_07.png,835,1
/content/dataset/synthetic/room_835/syn_08.png,835,1
/content/dataset/synthetic/room_835/syn_09.png,835,1
/content/dataset/real/room_836.jpg,836,0
/content/dataset/synthetic/room_836/syn_00.png,836,1
/content/dataset/synthetic/room_836/syn_01.png,836,1
/content/dataset/synthetic/room_836/syn_02.png,836,1
/content/dataset/synthetic/room_836/syn_03.png,836,1
/content/dataset/synthetic/room_836/syn_04.png,836,1
/content/dataset/synthetic/room_836/syn_05.png,836,1
/content/dataset/synthetic/room_836/syn_06.png,836,1
/content/dataset/synthetic/room_836/syn_07.png,836,1
/content/dataset/synthetic/room_836/syn_08.png,836,1
/content/dataset/synthetic/room_836/syn_09.png,836,1
/content/dataset/real/room_837.jpeg,837,0
/content/dataset/synthetic/room_837/syn_00.png,837,1
/content/dataset/synthetic/room_837/syn_01.png,837,1
/content/dataset/synthetic/room_837/syn_02.png,837,1
/content/dataset/synthetic/room_837/syn_03.png,837,1
/content/dataset/synthetic/room_837/syn_04.png,837,1
/content/dataset/synthetic/room_837/syn_05.png,837,1
/content/dataset/synthetic/room_837/syn_06.png,837,1
/content/dataset/synthetic/room_837/syn_07.png,837,1
/content/dataset/synthetic/room_837/syn_08.png,837,1
/content/dataset/synthetic/room_837/syn_09.png,837,1
/content/dataset/real/room_838.jpg,838,0
/content/dataset/synthetic/room_838/syn_00.png,838,1
/content/dataset/synthetic/room_838/syn_01.png,838,1
/content/dataset/synthetic/room_838/syn_02.png,838,1
/content/dataset/synthetic/room_838/syn_03.png,838,1
/content/dataset/synthetic/room_838/syn_04.png,838,1
/content/dataset/synthetic/room_838/syn_05.png,838,1
/content/dataset/synthetic/room_838/syn_06.png,838,1
/content/dataset/synthetic/room_838/syn_07.png,838,1
/content/dataset/synthetic/room_838/syn_08.png,838,1
/content/dataset/synthetic/room_838/syn_09.png,838,1
/content/dataset/real/room_839.jpeg,839,0
/content/dataset/synthetic/room_839/syn_00.png,839,1
/content/dataset/synthetic/room_839/syn_01.png,839,1
/content/dataset/synthetic/room_839/syn_02.png,839,1
/content/dataset/synthetic/room_839/syn_03.png,839,1
/content/dataset/synthetic/room_839/syn_04.png,839,1
/content/dataset/synthetic/room_839/syn_05.png,839,1
/content/dataset/synthetic/room_839/syn_06.png,839,1
/content/dataset/synthetic/room_839/syn_07.png,839,1
/content/dataset/synthetic/room_839/syn_08.png,839,1
/content/dataset/synthetic/room_839/syn_09.png,839,1
/content/dataset/real/room_840.jpg,840,0
/content/dataset/synthetic/room_840/syn_00.png,840,1
/content/dataset/synthetic/room_840/syn_01.png,840,1
/content/dataset/synthetic/room_840/syn_02.png,840,1
/content/dataset/synthetic/room_840/syn_03.png,840,1
/content/dataset/synthetic/room_840/syn_04.png,840,1
/content/dataset/synthetic/room_840/syn_05.png,840,1
/content/dataset/synthetic/room_840/syn_06.png,840,1
/content/dataset/synthetic/room_840/syn_07.png,840,1
/content/dataset/synthetic/room_840/syn_08.png,840,1
/content/dataset/synthetic/room_840/syn_09.png,840,1
/content/dataset/real/room_841.jpeg,841,0
/content/dataset/synthetic/room_841/syn_00.png,841,1
/content/dataset/synthetic/room_841/syn_01.png,841,1
/content/dataset/synthetic/room_841/syn_02.png,841,1
/content/dataset/synthetic/room_841/syn_03.png,841,1
/content/dataset/synthetic/room_841/syn_04.png,841,1
/content/dataset/synthetic/room_841/syn_05.png,841,1
/content/dataset/synthetic/room_841/syn_06.png,841,1
/content/dataset/synthetic/room_841/syn_07.png,841,1
/content/dataset/synthetic/room_841/syn_08.png,841,1
/content/dataset/synthetic/room_841/syn_09.png,841,1
/content/dataset/real/room_842.jpg,842,0
/content/dataset/synthetic/room_842/syn_00.png,842,1
/content/dataset/synthetic/room_842/syn_01.png,842,1
/content/dataset/synthetic/room_842/syn_02.png,842,1
/content/dataset/synthetic/room_842/syn_03.png,842,1
/content/dataset/synthetic/room_842/syn_04.png,842,1
/content/dataset/synthetic/room_842/syn_05.png,842,1
/content/dataset/synthetic/room_842/syn_06.png,842,1
/content/dataset/synthetic/room_842/syn_07.png,842,1
/content/dataset/synthetic/room_842/syn_08.png,842,1
/content/dataset/synthetic/room_842/syn_09.png,842,1
/content/dataset/real/room_843.jpeg,843,0
/content/dataset/synthetic/room_843/syn_00.png,843,1
/content/dataset/synthetic/room_843/syn_01.png,843,1
/content/dataset/synthetic/room_843/syn_02.png,843,1
/content/dataset/synthetic/room_843/syn_03.png,843,1
/content/dataset/synthetic/room_843/syn_04.png,843,1
/content/dataset/synthetic/room_843/syn_05.png,843,1
/content/dataset/synthetic/room_843/syn_06.png,843,1
/content/dataset/synthetic/room_843/syn_07.png,843,1
/content/dataset/synthetic/room_843/syn_08.png,843,1
/content/dataset/synthetic/room_843/syn_09.png,843,1
/content/dataset/real/room_844.jpg,844,0
/content/dataset/synthetic/room_844/syn_00.png,844,1
/content/dataset/synthetic/room_844/syn_01.png,844,1
/content/dataset/synthetic/room_844/syn_02.png,844,1
/content/dataset/synthetic/room_844/syn_03.png,844,1
/content/dataset/synthetic/room_844/syn_04.png,844,1
/content/dataset/synthetic/room_844/syn_05.png,844,1
/content/dataset/synthetic/room_844/syn_06.png,844,1
/content/dataset/synthetic/room_844/syn_07.png,844,1
/content/dataset/synthetic/room_844/syn_08.png,844,1
/content/dataset/synthetic/room_844/syn_09.png,844,1
/content/dataset/real/room_845.jpeg,845,0
/content/dataset/synthetic/room_845/syn_00.png,845,1
/content/dataset/synthetic/room_845/syn_01.png,845,1
/content/dataset/synthetic/room_845/syn_02.png,845,1
/content/dataset/synthetic/room_845/syn_03.png,845,1
/content/dataset/synthetic/room_845/syn_04.png,845,1
/content/dataset/synthetic/room_845/syn_05.png,845,1
/content/dataset/synthetic/room_845/syn_06.png,845,1
/content/dataset/synthetic/room_845/syn_07.png,845,1
/content/dataset/synthetic/room_845/syn_08.png,845,1
/content/dataset/synthetic/room_845/syn_09.png,845,1
/content/dataset/real/room_846.jpg,846,0
/content/dataset/synthetic/room_846/syn_00.png,846,1
/content/dataset/synthetic/room_846/syn_01.png,846,1
/content/dataset/synthetic/room_846/syn_02.png,846,1
/content/dataset/synthetic/room_846/syn_03.png,846,1
/content/dataset/synthetic/room_846/syn_04.png,846,1
/content/dataset/synthetic/room_846/syn_05.png,846,1
/content/dataset/synthetic/room_846/syn_06.png,846,1
/content/dataset/synthetic/room_846/syn_07.png,846,1
/content/dataset/synthetic/room_846/syn_08.png,846,1
/content/dataset/synthetic/room_846/syn_09.png,846,1
/content/dataset/real/room_847.jpeg,847,0
/content/dataset/synthetic/room_847/syn_00.png,847,1
/content/dataset/synthetic/room_847/syn_01.png,847,1
/content/dataset/synthetic/room_847/syn_02.png,847,1
/content/dataset/synthetic/room_847/syn_03.png,847,1
/content/dataset/synthetic/room_847/syn_04.png,847,1
/content/dataset/synthetic/room_847/syn_05.png,847,1
/content/dataset/synthetic/room_847/syn_06.png,847,1
/content/dataset/synthetic/room_847/syn_07.png,847,1
/content/dataset/synthetic/room_847/syn_08.png,847,1
/content/dataset/synthetic/room_847/syn_09.png,847,1
/content/dataset/real/room_848.jpg,848,0
/content/dataset/synthetic/room_848/syn_00.png,848,1
/content/dataset/synthetic/room_848/syn_01.png,848,1
/content/dataset/synthetic/room_848/syn_02.png,848,1
/content/dataset/synthetic/room_848/syn_03.png,848,1
/content/dataset/synthetic/room_848/syn_04.png,848,1
/content/dataset/synthetic/room_848/syn_05.png,848,1
/content/dataset/synthetic/room_848/syn_06.png,848,1
/content/dataset/synthetic/room_848/syn_07.png,848,1
/content/dataset/synthetic/room_848/syn_08.png,848,1
/content/dataset/synthetic/room_848/syn_09.png,848,1
/content/dataset/real/room_849.jpeg,849,0
/content/dataset/synthetic/room_849/syn_00.png,849,1
/content/dataset/synthetic/room_849/syn_01.png,849,1
/content/dataset/synthetic/room_849/syn_02.png,849,1
/content/dataset/synthetic/room_849/syn_03.png,849,1
/content/dataset/synthetic/room_849/syn_04.png,849,1
/content/dataset/synthetic/room_849/syn_05.png,849,1
/content/dataset/synthetic/room_849/syn_06.png,849,1
/content/dataset/synthetic/room_849/syn_07.png,849,1
/content/dataset/synthetic/room_849/syn_08.png,849,1
/content/dataset/synthetic/room_849/syn_09.png,849,1
/content/dataset/real/room_850.jpg,850,0
/content/dataset/synthetic/room_850/syn_00.png,850,1
/content/dataset/synthetic/room_850/syn_01.png,850,1
/content/dataset/synthetic/room_850/syn_02.png,850,1
/content/dataset/synthetic/room_850/syn_03.png,850,1
/content/dataset/synthetic/room_850/syn_04.png,850,1
/content/dataset/synthetic/room_850/syn_05.png,850,1
/content/dataset/synthetic/room_850/syn_06.png,850,1
/content/dataset/synthetic/room_850/syn_07.png,850,1
/content/dataset/synthetic/room_850/syn_08.png,850,1
/content/dataset/synthetic/room_850/syn_09.png,850,1
/content/dataset/real/room_851.jpeg,851,0
/content/dataset/synthetic/room_851/syn_00.png,851,1
/content/dataset/synthetic/room_851/syn_01.png,851,1
/content/dataset/synthetic/room_851/syn_02.png,851,1
/content/dataset/synthetic/room_851/syn_03.png,851,1
/content/dataset/synthetic/room_851/syn_04.png,851,1
/content/dataset/synthetic/room_851/syn_05.png,851,1
/content/dataset/synthetic/room_851/syn_06.png,851,1
/content/dataset/synthetic/room_851/syn_07.png,851,1
/content/dataset/synthetic/room_851/syn_08.png,851,1
/content/dataset/synthetic/room_851/syn_09.png,851,1
/content/dataset/real/room_852.jpg,852,0
/content/dataset/synthetic/room_852/syn_00.png,852,1
/content/dataset/synthetic/room_852/syn_01.png,852,1
/content/dataset/synthetic/room_852/syn_02.png,852,1
/content/dataset/synthetic/room_852/syn_03.png,852,1
/content/dataset/synthetic/room_852/syn_04.png,852,1
/content/dataset/synthetic/room_852/syn_05.png,852,1
/content/dataset/synthetic/room_852/syn_06.png,852,1
/content/dataset/synthetic/room_852/syn_07.png,852,1
/content/dataset/synthetic/room_852/syn_08.png,852,1
/content/dataset/synthetic/room_852/syn_09.png,852,1
/content/dataset/real/room_853.jpeg,853,0
/content/dataset/synthetic/room_853/syn_00.png,853,1
/content/dataset/synthetic/room_853/syn_01.png,853,1
/content/dataset/synthetic/room_853/syn_02.png,853,1
/content/dataset/synthetic/room_853/syn_03.png,853,1
/content/dataset/synthetic/room_853/syn_04.png,853,1
/content/dataset/synthetic/room_853/syn_05.png,853,1
/content/dataset/synthetic/room_853/syn_06.png,853,1
/content/dataset/synthetic/room_853/syn_07.png,853,1
/content/dataset/synthetic/room_853/syn_08.png,853,1
/content/dataset/synthetic/room_853/syn_09.png,853,1
/content/dataset/real/room_854.jpg,854,0
/content/dataset/synthetic/room_854/syn_00.png,854,1
/content/dataset/synthetic/room_854/syn_01.png,854,1
/content/dataset/synthetic/room_854/syn_02.png,854,1
/content/dataset/synthetic/room_854/syn_03.png,854,1
/content/dataset/synthetic/room_854/syn_04.png,854,1
/content/dataset/synthetic/room_854/syn_05.png,854,1
/content/dataset/synthetic/room_854/syn_06.png,854,1
/content/dataset/synthetic/room_854/syn_07.png,854,1
/content/dataset/synthetic/room_854/syn_08.png,854,1
/content/dataset/synthetic/room_854/syn_09.png,854,1
/content/dataset/real/room_855.jpeg,855,0
/content/dataset/synthetic/room_855/syn_00.png,855,1
/content/dataset/synthetic/room_855/syn_01.png,855,1
/content/dataset/synthetic/room_855/syn_02.png,855,1
/content/dataset/synthetic/room_855/syn_03.png,855,1
/content/dataset/synthetic/room_855/syn_04.png,855,1
/content/dataset/synthetic/room_855/syn_05.png,855,1
/content/dataset/synthetic/room_855/syn_06.png,855,1
/content/dataset/synthetic/room_855/syn_07.png,855,1
/content/dataset/synthetic/room_855/syn_08.png,855,1
/content/dataset/synthetic/room_855/syn_09.png,855,1
/content/dataset/real/room_856.jpg,856,0
/content/dataset/synthetic/room_856/syn_00.png,856,1
/content/dataset/synthetic/room_856/syn_01.png,856,1
/content/dataset/synthetic/room_856/syn_02.png,856,1
/content/dataset/synthetic/room_856/syn_03.png,856,1
/content/dataset/synthetic/room_856/syn_04.png,856,1
/content/dataset/synthetic/room_856/syn_05.png,856,1
/content/dataset/synthetic/room_856/syn_06.png,856,1
/content/dataset/synthetic/room_856/syn_07.png,856,1
/content/dataset/synthetic/room_856/syn_08.png,856,1
/content/dataset/synthetic/room_856/syn_09.png,856,1
/content/dataset/real/room_857.jpeg,857,0
/content/dataset/synthetic/room_857/syn_00.png,857,1
/content/dataset/synthetic/room_857/syn_01.png,857,1
/content/dataset/synthetic/room_857/syn_02.png,857,1
/content/dataset/synthetic/room_857/syn_03.png,857,1
/content/dataset/synthetic/room_857/syn_04.png,857,1
/content/dataset/synthetic/room_857/syn_05.png,857,1
/content/dataset/synthetic/room_857/syn_06.png,857,1
/content/dataset/synthetic/room_857/syn_07.png,857,1
/content/dataset/synthetic/room_857/syn_08.png,857,1
/content/dataset/synthetic/room_857/syn_09.png,857,1
/content/dataset/real/room_858.jpg,858,0
/content/dataset/synthetic/room_858/syn_00.png,858,1
/content/dataset/synthetic/room_858/syn_01.png,858,1
/content/dataset/synthetic/room_858/syn_02.png,858,1
/content/dataset/synthetic/room_858/syn_03.png,858,1
/content/dataset/synthetic/room_858/syn_04.png,858,1
/content/dataset/synthetic/room_858/syn_05.png,858,1
/content/dataset/synthetic/room_858/syn_06.png,858,1
/content/dataset/synthetic/room_858/syn_07.png,858,1
/content/dataset/synthetic/room_858/syn_08.png,858,1
/content/dataset/synthetic/room_858/syn_09.png,858,1
/content/dataset/real/room_859.jpeg,859,0
/content/dataset/synthetic/room_859/syn_00.png,859,1
/content/dataset/synthetic/room_859/syn_01.png,859,1
/content/dataset/synthetic/room_859/syn_02.png,859,1
/content/dataset/synthetic/room_859/syn_03.png,859,1
/content/dataset/synthetic/room_859/syn_04.png,859,1
/content/dataset/synthetic/room_859/syn_05.png,859,1
/content/dataset/synthetic/room_859/syn_06.png,859,1
/content/dataset/synthetic/room_859/syn_07.png,859,1
/content/dataset/synthetic/room_859/syn_08.png,859,1
/content/dataset/synthetic/room_859/syn_09.png,859,1
/content/dataset/real/room_860.jpg,860,0
/content/dataset/synthetic/room_860/syn_00.png,860,1
/content/dataset/synthetic/room_860/syn_01.png,860,1
/content/dataset/synthetic/room_860/syn_02.png,860,1
/content/dataset/synthetic/room_860/syn_03.png,860,1
/content/dataset/synthetic/room_860/syn_04.png,860,1
/content/dataset/synthetic/room_860/syn_05.png,860,1
/content/dataset/synthetic/room_860/syn_06.png,860,1
/content/dataset/synthetic/room_860/syn_07.png,860,1
/content/dataset/synthetic/room_860/syn_08.png,860,1
/content/dataset/synthetic/room_860/syn_09.png,860,1
/content/dataset/real/room_861.jpeg,861,0
/content/dataset/synthetic/room_861/syn_00.png,861,1
/content/dataset/synthetic/room_861/syn_01.png,861,1
/content/dataset/synthetic/room_861/syn_02.png,861,1
/content/dataset/synthetic/room_861/syn_03.png,861,1
/content/dataset/synthetic/room_861/syn_04.png,861,1
/content/dataset/synthetic/room_861/syn_05.png,861,1
/content/dataset/synthetic/room_861/syn_06.png,861,1
/content/dataset/synthetic/room_861/syn_07.png,861,1
/content/dataset/synthetic/room_861/syn_08.png,861,1
/content/dataset/synthetic/room_861/syn_09.png,861,1
/content/dataset/real/room_862.jpg,862,0
/content/dataset/synthetic/room_862/syn_00.png,862,1
/content/dataset/synthetic/room_862/syn_01.png,862,1
/content/dataset/synthetic/room_862/syn_02.png,862,1
/content/dataset/synthetic/room_862/syn_03.png,862,1
/content/dataset/synthetic/room_862/syn_04.png,862,1
/content/dataset/synthetic/room_862/syn_05.png,862,1
/content/dataset/synthetic/room_862/syn_06.png,862,1
/content/dataset/synthetic/room_862/syn_07.png,862,1
/content/dataset/synthetic/room_862/syn_08.png,862,1
/content/dataset/synthetic/room_862/syn_09.png,862,1
/content/dataset/real/room_863.jpeg,863,0
/content/dataset/synthetic/room_863/syn_00.png,863,1
/content/dataset/synthetic/room_863/syn_01.png,863,1
/content/dataset/synthetic/room_863/syn_02.png,863,1
/content/dataset/synthetic/room_863/syn_03.png,863,1
/content/dataset/synthetic/room_863/syn_04.png,863,1
/content/dataset/synthetic/room_863/syn_05.png,863,1
/content/dataset/synthetic/room_863/syn_06.png,863,1
/content/dataset/synthetic/room_863/syn_07.png,863,1
/content/dataset/synthetic/room_863/syn_08.png,863,1
/content/dataset/synthetic/room_863/syn_09.png,863,1
/content/dataset/real/room_864.jpg,864,0
/content/dataset/synthetic/room_864/syn_00.png,864,1
/content/dataset/synthetic/room_864/syn_01.png,864,1
/content/dataset/synthetic/room_864/syn_02.png,864,1
/content/dataset/synthetic/room_864/syn_03.png,864,1
/content/dataset/synthetic/room_864/syn_04.png,864,1
/content/dataset/synthetic/room_864/syn_05.png,864,1
/content/dataset/synthetic/room_864/syn_06.png,864,1
/content/dataset/synthetic/room_864/syn_07.png,864,1
/content/dataset/synthetic/room_864/syn_08.png,864,1
/content/dataset/synthetic/room_864/syn_09.png,864,1
/content/dataset/real/room_865.jpeg,865,0
/content/dataset/synthetic/room_865/syn_00.png,865,1
/content/dataset/synthetic/room_865/syn_01.png,865,1
/content/dataset/synthetic/room_865/syn_02.png,865,1
/content/dataset/synthetic/room_865/syn_03.png,865,1
/content/dataset/synthetic/room_865/syn_04.png,865,1
/content/dataset/synthetic/room_865/syn_05.png,865,1
/content/dataset/synthetic/room_865/syn_06.png,865,1
/content/dataset/synthetic/room_865/syn_07.png,865,1
/content/dataset/synthetic/room_865/syn_08.png,865,1
/content/dataset/synthetic/room_865/syn_09.png,865,1
/content/dataset/real/room_866.jpg,866,0
/content/dataset/synthetic/room_866/syn_00.png,866,1
/content/dataset/synthetic/room_866/syn_01.png,866,1
/content/dataset/synthetic/room_866/syn_02.png,866,1
/content/dataset/synthetic/room_866/syn_03.png,866,1
/content/dataset/synthetic/room_866/syn_04.png,866,1
/content/dataset/synthetic/room_866/syn_05.png,866,1
/content/dataset/synthetic/room_866/syn_06.png,866,1
/content/dataset/synthetic/room_866/syn_07.png,866,1
/content/dataset/synthetic/room_866/syn_08.png,866,1
/content/dataset/synthetic/room_866/syn_09.png,866,1
/content/dataset/real/room_867.jpeg,867,0
/content/dataset/synthetic/room_867/syn_00.png,867,1
/content/dataset/synthetic/room_867/syn_01.png,867,1
/content/dataset/synthetic/room_867/syn_02.png,867,1
/content/dataset/synthetic/room_867/syn_03.png,867,1
/content/dataset/synthetic/room_867/syn_04.png,867,1
/content/dataset/synthetic/room_867/syn_05.png,867,1
/content/dataset/synthetic/room_867/syn_06.png,867,1
/content/dataset/synthetic/room_867/syn_07.png,867,1
/content/dataset/synthetic/room_867/syn_08.png,867,1
/content/dataset/synthetic/room_867/syn_09.png,867,1
/content/dataset/real/room_868.jpg,868,0
/content/dataset/synthetic/room_868/syn_00.png,868,1
/content/dataset/synthetic/room_868/syn_01.png,868,1
/content/dataset/synthetic/room_868/syn_02.png,868,1
/content/dataset/synthetic/room_868/syn_03.png,868,1
/content/dataset/synthetic/room_868/syn_04.png,868,1
/content/dataset/synthetic/room_868/syn_05.png,868,1
/content/dataset/synthetic/room_868/syn_06.png,868,1
/content/dataset/synthetic/room_868/syn_07.png,868,1
/content/dataset/synthetic/room_868/syn_08.png,868,1
/content/dataset/synthetic/room_868/syn_09.png,868,1
/content/dataset/real/room_869.jpeg,869,0
/content/dataset/synthetic/room_869/syn_00.png,869,1
/content/dataset/synthetic/room_869/syn_01.png,869,1
/content/dataset/synthetic/room_869/syn_02.png,869,1
/content/dataset/synthetic/room_869/syn_03.png,869,1
/content/dataset/synthetic/room_869/syn_04.png,869,1
/content/dataset/synthetic/room_869/syn_05.png,869,1
/content/dataset/synthetic/room_869/syn_06.png,869,1
/content/dataset/synthetic/room_869/syn_07.png,869,1
/content/dataset/synthetic/room_869/syn_08.png,869,1
/content/dataset/synthetic/room_869/syn_09.png,869,1
/content/dataset/real/room_870.jpg,870,0
/content/dataset/synthetic/room_870/syn_00.png,870,1
/content/dataset/synthetic/room_870/syn_01.png,870,1
/content/dataset/synthetic/room_870/syn_02.png,870,1
/content/dataset/synthetic/room_870/syn_03.png,870,1
/content/dataset/synthetic/room_870/syn_04.png,870,1
/content/dataset/synthetic/room_870/syn_05.png,870,1
/content/dataset/synthetic/room_870/syn_06.png,870,1
/content/dataset/synthetic/room_870/syn_07.png,870,1
/content/dataset/synthetic/room_870/syn_08.png,870,1
/content/dataset/synthetic/room_870/syn_09.png,870,1
/content/dataset/real/room_871.jpeg,871,0
/content/dataset/synthetic/room_871/syn_00.png,871,1
/content/dataset/synthetic/room_871/syn_01.png,871,1
/content/dataset/synthetic/room_871/syn_02.png,871,1
/content/dataset/synthetic/room_871/syn_03.png,871,1
/content/dataset/synthetic/room_871/syn_04.png,871,1
/content/dataset/synthetic/room_871/syn_05.png,871,1
/content/dataset/synthetic/room_871/syn_06.png,871,1
/content/dataset/synthetic/room_871/syn_07.png,871,1
/content/dataset/synthetic/room_871/syn_08.png,871,1
/content/dataset/synthetic/room_871/syn_09.png,871,1
/content/dataset/real/room_872.jpg,872,0
/content/dataset/synthetic/room_872/syn_00.png,872,1
/content/dataset/synthetic/room_872/syn_01.png,872,1
/content/dataset/synthetic/room_872/syn_02.png,872,1
/content/dataset/synthetic/room_872/syn_03.png,872,1
/content/dataset/synthetic/room_872/syn_04.png,872,1
/content/dataset/synthetic/room_872/syn_05.png,872,1
/content/dataset/synthetic/room_872/syn_06.png,872,1
/content/dataset/synthetic/room_872/syn_07.png,872,1
/content/dataset/synthetic/room_872/syn_08.png,872,1
/content/dataset/synthetic/room_872/syn_09.png,872,1
/content/dataset/real/room_873.jpeg,873,0
/content/dataset/synthetic/room_873/syn_00.png,873,1
/content/dataset/synthetic/room_873/syn_01.png,873,1
/content/dataset/synthetic/room_873/syn_02.png,873,1
/content/dataset/synthetic/room_873/syn_03.png,873,1
/content/dataset/synthetic/room_873/syn_04.png,873,1
/content/dataset/synthetic/room_873/syn_05.png,873,1
/content/dataset/synthetic/room_873/syn_06.png,873,1
/content/dataset/synthetic/room_873/syn_07.png,873,1
/content/dataset/synthetic/room_873/syn_08.png,873,1
/content/dataset/synthetic/room_873/syn_09.png,873,1
/content/dataset/real/room_874.jpg,874,0
/content/dataset/synthetic/room_874/syn_00.png,874,1
/content/dataset/synthetic/room_874/syn_01.png,874,1
/content/dataset/synthetic/room_874/syn_02.png,874,1
/content/dataset/synthetic/room_874/syn_03.png,874,1
/content/dataset/synthetic/room_874/syn_04.png,874,1
/content/dataset/synthetic/room_874/syn_05.png,874,1
/content/dataset/synthetic/room_874/syn_06.png,874,1
/content/dataset/synthetic/room_874/syn_07.png,874,1
/content/dataset/synthetic/room_874/syn_08.png,874,1
/content/dataset/synthetic/room_874/syn_09.png,874,1
/content/dataset/real/room_875.jpeg,875,0
/content/dataset/synthetic/room_875/syn_00.png,875,1
/content/dataset/synthetic/room_875/syn_01.png,875,1
/content/dataset/synthetic/room_875/syn_02.png,875,1
/content/dataset/synthetic/room_875/syn_03.png,875,1
/content/dataset/synthetic/room_875/syn_04.png,875,1
/content/dataset/synthetic/room_875/syn_05.png,875,1
/content/dataset/synthetic/room_875/syn_06.png,875,1
/content/dataset/synthetic/room_875/syn_07.png,875,1
/content/dataset/synthetic/room_875/syn_08.png,875,1
/content/dataset/synthetic/room_875/syn_09.png,875,1
/content/dataset/real/room_876.jpg,876,0
/content/dataset/synthetic/room_876/syn_00.png,876,1
/content/dataset/synthetic/room_876/syn_01.png,876,1
/content/dataset/synthetic/room_876/syn_02.png,876,1
/content/dataset/synthetic/room_876/syn_03.png,876,1
/content/dataset/synthetic/room_876/syn_04.png,876,1
/content/dataset/synthetic/room_876/syn_05.png,876,1
/content/dataset/synthetic/room_876/syn_06.png,876,1
/content/dataset/synthetic/room_876/syn_07.png,876,1
/content/dataset/synthetic/room_876/syn_08.png,876,1
/content/dataset/synthetic/room_876/syn_09.png,876,1
/content/dataset/real/room_877.jpeg,877,0
/content/dataset/synthetic/room_877/syn_00.png,877,1
/content/dataset/synthetic/room_877/syn_01.png,877,1
/content/dataset/synthetic/room_877/syn_02.png,877,1
/content/dataset/synthetic/room_877/syn_03.png,877,1
/content/dataset/synthetic/room_877/syn_04.png,877,1
/content/dataset/synthetic/room_877/syn_05.png,877,1
/content/dataset/synthetic/room_877/syn_06.png,877,1
/content/dataset/synthetic/room_877/syn_07.png,877,1
/content/dataset/synthetic/room_877/syn_08.png,877,1
/content/dataset/synthetic/room_877/syn_09.png,877,1
/content/dataset/real/room_878.jpg,878,0
/content/dataset/synthetic/room_878/syn_00.png,878,1
/content/dataset/synthetic/room_878/syn_01.png,878,1
/content/dataset/synthetic/room_878/syn_02.png,878,1
/content/dataset/synthetic/room_878/syn_03.png,878,1
/content/dataset/synthetic/room_878/syn_04.png,878,1
/content/dataset/synthetic/room_878/syn_05.png,878,1
/content/dataset/synthetic/room_878/syn_06.png,878,1
/content/dataset/synthetic/room_878/syn_07.png,878,1
/content/dataset/synthetic/room_878/syn_08.png,878,1
/content/dataset/synthetic/room_878/syn_09.png,878,1
/content/dataset/real/room_879.jpeg,879,0
/content/dataset/synthetic/room_879/syn_00.png,879,1
/content/dataset/synthetic/room_879/syn_01.png,879,1
/content/dataset/synthetic/room_879/syn_02.png,879,1
/content/dataset/synthetic/room_879/syn_03.png,879,1
/content/dataset/synthetic/room_879/syn_04.png,879,1
/content/dataset/synthetic/room_879/syn_05.png,879,1
/content/dataset/synthetic/room_879/syn_06.png,879,1
/content/dataset/synthetic/room_879/syn_07.png,879,1
/content/dataset/synthetic/room_879/syn_08.png,879,1
/content/dataset/synthetic/room_879/syn_09.png,879,1
/content/dataset/real/room_880.jpg,880,0
/content/dataset/synthetic/room_880/syn_00.png,880,1
/content/dataset/synthetic/room_880/syn_01.png,880,1
/content/dataset/synthetic/room_880/syn_02.png,880,1
/content/dataset/synthetic/room_880/syn_03.png,880,1
/content/dataset/synthetic/room_880/syn_04.png,880,1
/content/dataset/synthetic/room_880/syn_05.png,880,1
/content/dataset/synthetic/room_880/syn_06.png,880,1
/content/dataset/synthetic/room_880/syn_07.png,880,1
/content/dataset/synthetic/room_880/syn_08.png,880,1
/content/dataset/synthetic/room_880/syn_09.png,880,1
/content/dataset/real/room_881.jpeg,881,0
/content/dataset/synthetic/room_881/syn_00.png,881,1
/content/dataset/synthetic/room_881/syn_01.png,881,1
/content/dataset/synthetic/room_881/syn_02.png,881,1
/content/dataset/synthetic/room_881/syn_03.png,881,1
/content/dataset/synthetic/room_881/syn_04.png,881,1
/content/dataset/synthetic/room_881/syn_05.png,881,1
/content/dataset/synthetic/room_881/syn_06.png,881,1
/content/dataset/synthetic/room_881/syn_07.png,881,1
/content/dataset/synthetic/room_881/syn_08.png,881,1
/content/dataset/synthetic/room_881/syn_09.png,881,1
/content/dataset/real/room_882.jpg,882,0
/content/dataset/synthetic/room_882/syn_00.png,882,1
/content/dataset/synthetic/room_882/syn_01.png,882,1
/content/dataset/synthetic/room_882/syn_02.png,882,1
/content/dataset/synthetic/room_882/syn_03.png,882,1
/content/dataset/synthetic/room_882/syn_04.png,882,1
/content/dataset/synthetic/room_882/syn_05.png,882,1
/content/dataset/synthetic/room_882/syn_06.png,882,1
/content/dataset/synthetic/room_882/syn_07.png,882,1
/content/dataset/synthetic/room_882/syn_08.png,882,1
/content/dataset/synthetic/room_882/syn_09.png,882,1
/content/dataset/real/room_883.jpeg,883,0
/content/dataset/synthetic/room_883/syn_00.png,883,1
/content/dataset/synthetic/room_883/syn_01.png,883,1
/content/dataset/synthetic/room_883/syn_02.png,883,1
/content/dataset/synthetic/room_883/syn_03.png,883,1
/content/dataset/synthetic/room_883/syn_04.png,883,1
/content/dataset/synthetic/room_883/syn_05.png,883,1
/content/dataset/synthetic/room_883/syn_06.png,883,1
/content/dataset/synthetic/room_883/syn_07.png,883,1
/content/dataset/synthetic/room_883/syn_08.png,883,1
/content/dataset/synthetic/room_883/syn_09.png,883,1
/content/dataset/real/room_884.jpg,884,0
/content/dataset/synthetic/room_884/syn_00.png,884,1
/content/dataset/synthetic/room_884/syn_01.png,884,1
/content/dataset/synthetic/room_884/syn_02.png,884,1
/content/dataset/synthetic/room_884/syn_03.png,884,1
/content/dataset/synthetic/room_884/syn_04.png,884,1
/content/dataset/synthetic/room_884/syn_05.png,884,1
/content/dataset/synthetic/room_884/syn_06.png,884,1
/content/dataset/synthetic/room_884/syn_07.png,884,1
/content/dataset/synthetic/room_884/syn_08.png,884,1
/content/dataset/synthetic/room_884/syn_09.png,884,1
/content/dataset/real/room_885.jpeg,885,0
/content/dataset/synthetic/room_885/syn_00.png,885,1
/content/dataset/synthetic/room_885/syn_01.png,885,1
/content/dataset/synthetic/room_885/syn_02.png,885,1
/content/dataset/synthetic/room_885/syn_03.png,885,1
/content/dataset/synthetic/room_885/syn_04.png,885,1
/content/dataset/synthetic/room_885/syn_05.png,885,1
/content/dataset/synthetic/room_885/syn_06.png,885,1
/content/dataset/synthetic/room_885/syn_07.png,885,1
/content/dataset/synthetic/room_885/syn_08.png,885,1
/content/dataset/synthetic/room_885/syn_09.png,885,1
/content/dataset/real/room_886.jpg,886,0
/content/dataset/synthetic/room_886/syn_00.png,886,1
/content/dataset/synthetic/room_886/syn_01.png,886,1
/content/dataset/synthetic/room_886/syn_02.png,886,1
/content/dataset/synthetic/room_886/syn_03.png,886,1
/content/dataset/synthetic/room_886/syn_04.png,886,1
/content/dataset/synthetic/room_886/syn_05.png,886,1
/content/dataset/synthetic/room_886/syn_06.png,886,1
/content/dataset/synthetic/room_886/syn_07.png,886,1
/content/dataset/synthetic/room_886/syn_08.png,886,1
/content/dataset/synthetic/room_886/syn_09.png,886,1
/content/dataset/real/room_887.jpeg,887,0
/content/dataset/synthetic/room_887/syn_00.png,887,1
/content/dataset/synthetic/room_887/syn_01.png,887,1
/content/dataset/synthetic/room_887/syn_02.png,887,1
/content/dataset/synthetic/room_887/syn_03.png,887,1
/content/dataset/synthetic/room_887/syn_04.png,887,1
/content/dataset/synthetic/room_887/syn_05.png,887,1
/content/dataset/synthetic/room_887/syn_06.png,887,1
/content/dataset/synthetic/room_887/syn_07.png,887,1
/content/dataset/synthetic/room_887/syn_08.png,887,1
/content/dataset/synthetic/room_887/syn_09.png,887,1
/content/dataset/real/room_888.jpg,888,0
/content/dataset/synthetic/room_888/syn_00.png,888,1
/content/dataset/synthetic/room_888/syn_01.png,888,1
/content/dataset/synthetic/room_888/syn_02.png,888,1
/content/dataset/synthetic/room_888/syn_03.png,888,1
/content/dataset/synthetic/room_888/syn_04.png,888,1
/content/dataset/synthetic/room_888/syn_05.png,888,1
/content/dataset/synthetic/room_888/syn_06.png,888,1
/content/dataset/synthetic/room_888/syn_07.png,888,1
/content/dataset/synthetic/room_888/syn_08.png,888,1
/content/dataset/synthetic/room_888/syn_09.png,888,1
/content/dataset/real/room_889.jpeg,889,0
/content/dataset/synthetic/room_889/syn_00.png,889,1
/content/dataset/synthetic/room_889/syn_01.png,889,1
/content/dataset/synthetic/room_889/syn_02.png,889,1
/content/dataset/synthetic/room_889/syn_03.png,889,1
/content/dataset/synthetic/room_889/syn_04.png,889,1
/content/dataset/synthetic/room_889/syn_05.png,889,1
/content/dataset/synthetic/room_889/syn_06.png,889,1
/content/dataset/synthetic/room_889/syn_07.png,889,1
/content/dataset/synthetic/room_889/syn_08.png,889,1
/content/dataset/synthetic/room_889/syn_09.png,889,1
/content/dataset/real/room_890.jpg,890,0
/content/dataset/synthetic/room_890/syn_00.png,890,1
/content/dataset/synthetic/room_890/syn_01.png,890,1
/content/dataset/synthetic/room_890/syn_02.png,890,1
/content/dataset/synthetic/room_890/syn_03.png,890,1
/content/dataset/synthetic/room_890/syn_04.png,890,1
/content/dataset/synthetic/room_890/syn_05.png,890,1
/content/dataset/synthetic/room_890/syn_06.png,890,1
/content/dataset/synthetic/room_890/syn_07.png,890,1
/content/dataset/synthetic/room_890/syn_08.png,890,1
/content/dataset/synthetic/room_890/syn_09.png,890,1
/content/dataset/real/room_891.jpeg,891,0
/content/dataset/synthetic/room_891/syn_00.png,891,1
/content/dataset/synthetic/room_891/syn_01.png,891,1
/content/dataset/synthetic/room_891/syn_02.png,891,1
/content/dataset/synthetic/room_891/syn_03.png,891,1
/content/dataset/synthetic/room_891/syn_04.png,891,1
/content/dataset/synthetic/room_891/syn_05.png,891,1
/content/dataset/synthetic/room_891/syn_06.png,891,1
/content/dataset/synthetic/room_891/syn_07.png,891,1
/content/dataset/synthetic/room_891/syn_08.png,891,1
/content/dataset/synthetic/room_891/syn_09.png,891,1
/content/dataset/real/room_892.jpg,892,0
/content/dataset/synthetic/room_892/syn_00.png,892,1
/content/dataset/synthetic/room_892/syn_01.png,892,1
/content/dataset/synthetic/room_892/syn_02.png,892,1
/content/dataset/synthetic/room_892/syn_03.png,892,1
/content/dataset/synthetic/room_892/syn_04.png,892,1
/content/dataset/synthetic/room_892/syn_05.png,892,1
/content/dataset/synthetic/room_892/syn_06.png,892,1
/content/dataset/synthetic/room_892/syn_07.png,892,1
/content/dataset/synthetic/room_892/syn_08.png,892,1
/content/dataset/synthetic/room_892/syn_09.png,892,1
/content/dataset/real/room_893.jpeg,893,0
/content/dataset/synthetic/room_893/syn_00.png,893,1
/content/dataset/synthetic/room_893/syn_01.png,893,1
/content/dataset/synthetic/room_893/syn_02.png,893,1
/content/dataset/synthetic/room_893/syn_03.png,893,1
/content/dataset/synthetic/room_893/syn_04.png,893,1
/content/dataset/synthetic/room_893/syn_05.png,893,1
/content/dataset/synthetic/room_893/syn_06.png,893,1
/content/dataset/synthetic/room_893/syn_07.png,893,1
/content/dataset/synthetic/room_893/syn_08.png,893,1
/content/dataset/synthetic/room_893/syn_09.png,893,1
/content/dataset/real/room_894.jpg,894,0
/content/dataset/synthetic/room_894/syn_00.png,894,1
/content/dataset/synthetic/room_894/syn_01.png,894,1
/content/dataset/synthetic/room_894/syn_02.png,894,1
/content/dataset/synthetic/room_894/syn_03.png,894,1
/content/dataset/synthetic/room_894/syn_04.png,894,1
/content/dataset/synthetic/room_894/syn_05.png,894,1
/content/dataset/synthetic/room_894/syn_06.png,894,1
/content/dataset/synthetic/room_894/syn_07.png,894,1
/content/dataset/synthetic/room_894/syn_08.png,894,1
/content/dataset/synthetic/room_894/syn_09.png,894,1
/content/dataset/real/room_895.jpeg,895,0
/content/dataset/synthetic/room_895/syn_00.png,895,1
/content/dataset/synthetic/room_895/syn_01.png,895,1
/content/dataset/synthetic/room_895/syn_02.png,895,1
/content/dataset/synthetic/room_895/syn_03.png,895,1
/content/dataset/synthetic/room_895/syn_04.png,895,1
/content/dataset/synthetic/room_895/syn_05.png,895,1
/content/dataset/synthetic/room_895/syn_06.png,895,1
/content/dataset/synthetic/room_895/syn_07.png,895,1
/content/dataset/synthetic/room_895/syn_08.png,895,1
/content/dataset/synthetic/room_895/syn_09.png,895,1
/content/dataset/real/room_896.jpg,896,0
/content/dataset/synthetic/room_896/syn_00.png,896,1
/content/dataset/synthetic/room_896/syn_01.png,896,1
/content/dataset/synthetic/room_896/syn_02.png,896,1
/content/dataset/synthetic/room_896/syn_03.png,896,1
/content/dataset/synthetic/room_896/syn_04.png,896,1
/content/dataset/synthetic/room_896/syn_05.png,896,1
/content/dataset/synthetic/room_896/syn_06.png,896,1
/content/dataset/synthetic/room_896/syn_07.png,896,1
/content/dataset/synthetic/room_896/syn_08.png,896,1
/content/dataset/synthetic/room_896/syn_09.png,896,1
/content/dataset/real/room_897.jpeg,897,0
/content/dataset/synthetic/room_897/syn_00.png,897,1
/content/dataset/synthetic/room_897/syn_01.png,897,1
/content/dataset/synthetic/room_897/syn_02.png,897,1
/content/dataset/synthetic/room_897/syn_03.png,897,1
/content/dataset/synthetic/room_897/syn_04.png,897,1
/content/dataset/synthetic/room_897/syn_05.png,897,1
/content/dataset/synthetic/room_897/syn_06.png,897,1
/content/dataset/synthetic/room_897/syn_07.png,897,1
/content/dataset/synthetic/room_897/syn_08.png,897,1
/content/dataset/synthetic/room_897/syn_09.png,897,1
/content/dataset/real/room_898.jpg,898,0
/content/dataset/synthetic/room_898/syn_00.png,898,1
/content/dataset/synthetic/room_898/syn_01.png,898,1
/content/dataset/synthetic/room_898/syn_02.png,898,1
/content/dataset/synthetic/room_898/syn_03.png,898,1
/content/dataset/synthetic/room_898/syn_04.png,898,1
/content/dataset/synthetic/room_898/syn_05.png,898,1
/content/dataset/synthetic/room_898/syn_06.png,898,1
/content/dataset/synthetic/room_898/syn_07.png,898,1
/content/dataset/synthetic/room_898/syn_08.png,898,1
/content/dataset/synthetic/room_898/syn_09.png,898,1
/content/dataset/real/room_899.jpeg,899,0
/content/dataset/synthetic/room_899/syn_00.png,899,1
/content/dataset/synthetic/room_899/syn_01.png,899,1
/content/dataset/synthetic/room_899/syn_02.png,899,1
/content/dataset/synthetic/room_899/syn_03.png,899,1
/content/dataset/synthetic/room_899/syn_04.png,899,1
/content/dataset/synthetic/room_899/syn_05.png,899,1
/content/dataset/synthetic/room_899/syn_06.png,899,1
/content/dataset/synthetic/room_899/syn_07.png,899,1
/content/dataset/synthetic/room_899/syn_08.png,899,1
/content/dataset/synthetic/room_899/syn_09.png,899,1
/content/dataset/real/room_900.jpg,900,0
/content/dataset/synthetic/room_900/syn_00.png,900,1
/content/dataset/synthetic/room_900/syn_01.png,900,1
/content/dataset/synthetic/room_900/syn_02.png,900,1
/content/dataset/synthetic/room_900/syn_03.png,900,1
/content/dataset/synthetic/room_900/syn_04.png,900,1
/content/dataset/synthetic/room_900/syn_05.png,900,1
/content/dataset/synthetic/room_900/syn_06.png,900,1
/content/dataset/synthetic/room_900/syn_07.png,900,1
/content/dataset/synthetic/room_900/syn_08.png,900,1
/content/dataset/synthetic/room_900/syn_09.png,900,1
/content/dataset/real/room_901.jpeg,901,0
/content/dataset/synthetic/room_901/syn_00.png,901,1
/content/dataset/synthetic/room_901/syn_01.png,901,1
/content/dataset/synthetic/room_901/syn_02.png,901,1
/content/dataset/synthetic/room_901/syn_03.png,901,1
/content/dataset/synthetic/room_901/syn_04.png,901,1
/content/dataset/synthetic/room_901/syn_05.png,901,1
/content/dataset/synthetic/room_901/syn_06.png,901,1
/content/dataset/synthetic/room_901/syn_07.png,901,1
/content/dataset/synthetic/room_901/syn_08.png,901,1
/content/dataset/synthetic/room_901/syn_09.png,901,1
/content/dataset/real/room_902.jpg,902,0
/content/dataset/synthetic/room_902/syn_00.png,902,1
/content/dataset/synthetic/room_902/syn_01.png,902,1
/content/dataset/synthetic/room_902/syn_02.png,902,1
/content/dataset/synthetic/room_902/syn_03.png,902,1
/content/dataset/synthetic/room_902/syn_04.png,902,1
/content/dataset/synthetic/room_902/syn_05.png,902,1
/content/dataset/synthetic/room_902/syn_06.png,902,1
/content/dataset/synthetic/room_902/syn_07.png,902,1
/content/dataset/synthetic/room_902/syn_08.png,902,1
/content/dataset/synthetic/room_902/syn_09.png,902,1
/content/dataset/real/room_903.jpeg,903,0
/content/dataset/synthetic/room_903/syn_00.png,903,1
/content/dataset/synthetic/room_903/syn_01.png,903,1
/content/dataset/synthetic/room_903/syn_02.png,903,1
/content/dataset/synthetic/room_903/syn_03.png,903,1
/content/dataset/synthetic/room_903/syn_04.png,903,1
/content/dataset/synthetic/room_903/syn_05.png,903,1
/content/dataset/synthetic/room_903/syn_06.png,903,1
/content/dataset/synthetic/room_903/syn_07.png,903,1
/content/dataset/synthetic/room_903/syn_08.png,903,1
/content/dataset/synthetic/room_903/syn_09.png,903,1
/content/dataset/real/room_904.jpg,904,0
/content/dataset/synthetic/room_904/syn_00.png,904,1
/content/dataset/synthetic/room_904/syn_01.png,904,1
/content/dataset/synthetic/room_904/syn_02.png,904,1
/content/dataset/synthetic/room_904/syn_03.png,904,1
/content/dataset/synthetic/room_904/syn_04.png,904,1
/content/dataset/synthetic/room_904/syn_05.png,904,1
/content/dataset/synthetic/room_904/syn_06.png,904,1
/content/dataset/synthetic/room_904/syn_07.png,904,1
/content/dataset/synthetic/room_904/syn_08.png,904,1
/content/dataset/synthetic/room_904/syn_09.png,904,1
/content/dataset/real/room_905.jpeg,905,0
/content/dataset/synthetic/room_905/syn_00.png,905,1
/content/dataset/synthetic/room_905/syn_01.png,905,1
/content/dataset/synthetic/room_905/syn_02.png,905,1
/content/dataset/synthetic/room_905/syn_03.png,905,1
/content/dataset/synthetic/room_905/syn_04.png,905,1
/content/dataset/synthetic/room_905/syn_05.png,905,1
/content/dataset/synthetic/room_905/syn_06.png,905,1
/content/dataset/synthetic/room_905/syn_07.png,905,1
/content/dataset/synthetic/room_905/syn_08.png,905,1
/content/dataset/synthetic/room_905/syn_09.png,905,1
/content/dataset/real/room_906.jpg,906,0
/content/dataset/synthetic/room_906/syn_00.png,906,1
/content/dataset/synthetic/room_906/syn_01.png,906,1
/content/dataset/synthetic/room_906/syn_02.png,906,1
/content/dataset/synthetic/room_906/syn_03.png,906,1
/content/dataset/synthetic/room_906/syn_04.png,906,1
/content/dataset/synthetic/room_906/syn_05.png,906,1
/content/dataset/synthetic/room_906/syn_06.png,906,1
/content/dataset/synthetic/room_906/syn_07.png,906,1
/content/dataset/synthetic/room_906/syn_08.png,906,1
/content/dataset/synthetic/room_906/syn_09.png,906,1
/content/dataset/real/room_907.jpeg,907,0
/content/dataset/synthetic/room_907/syn_00.png,907,1
/content/dataset/synthetic/room_907/syn_01.png,907,1
/content/dataset/synthetic/room_907/syn_02.png,907,1
/content/dataset/synthetic/room_907/syn_03.png,907,1
/content/dataset/synthetic/room_907/syn_04.png,907,1
/content/dataset/synthetic/room_907/syn_05.png,907,1
/content/dataset/synthetic/room_907/syn_06.png,907,1
/content/dataset/synthetic/room_907/syn_07.png,907,1
/content/dataset/synthetic/room_907/syn_08.png,907,1
/content/dataset/synthetic/room_907/syn_09.png,907,1
/content/dataset/real/room_908.jpg,908,0
/content/dataset/synthetic/room_908/syn_00.png,908,1
/content/dataset/synthetic/room_908/syn_01.png,908,1
/content/dataset/synthetic/room_908/syn_02.png,908,1
/content/dataset/synthetic/room_908/syn_03.png,908,1
/content/dataset/synthetic/room_908/syn_04.png,908,1
/content/dataset/synthetic/room_908/syn_05.png,908,1
/content/dataset/synthetic/room_908/syn_06.png,908,1
/content/dataset/synthetic/room_908/syn_07.png,908,1
/content/dataset/synthetic/room_908/syn_08.png,908,1
/content/dataset/synthetic/room_908/syn_09.png,908,1
/content/dataset/real/room_909.jpeg,909,0
/content/dataset/synthetic/room_909/syn_00.png,909,1
/content/dataset/synthetic/room_909/syn_01.png,909,1
/content/dataset/synthetic/room_909/syn_02.png,909,1
/content/dataset/synthetic/room_909/syn_03.png,909,1
/content/dataset/synthetic/room_909/syn_04.png,909,1
/content/dataset/synthetic/room_909/syn_05.png,909,1
/content/dataset/synthetic/room_909/syn_06.png,909,1
/content/dataset/synthetic/room_909/syn_07.png,909,1
/content/dataset/synthetic/room_909/syn_08.png,909,1
/content/dataset/synthetic/room_909/syn_09.png,909,1
/content/dataset/real/room_910.jpg,910,0
/content/dataset/synthetic/room_910/syn_00.png,910,1
/content/dataset/synthetic/room_910/syn_01.png,910,1
/content/dataset/synthetic/room_910/syn_02.png,910,1
/content/dataset/synthetic/room_910/syn_03.png,910,1
/content/dataset/synthetic/room_910/syn_04.png,910,1
/content/dataset/synthetic/room_910/syn_05.png,910,1
/content/dataset/synthetic/room_910/syn_06.png,910,1
/content/dataset/synthetic/room_910/syn_07.png,910,1
/content/dataset/synthetic/room_910/syn_08.png,910,1
/content/dataset/synthetic/room_910/syn_09.png,910,1
/content/dataset/real/room_1000.jpg,1000,0
/content/dataset/synthetic/room_1000/syn_00.png,1000,1
/content/dataset/synthetic/room_1000/syn_01.png,1000,1
/content/dataset/synthetic/room_1000/syn_02.png,1000,1
/content/dataset/synthetic/room_1000/syn_03.png,1000,1
/content/dataset/synthetic/room_1000/syn_04.png,1000,1
/content/dataset/synthetic/room_1000/syn_05.png,1000,1
/content/dataset/synthetic/room_1000/syn_06.png,1000,1
/content/dataset/synthetic/room_1000/syn_07.png,1000,1
/content/dataset/synthetic/room_1000/syn_08.png,1000,1
/content/dataset/synthetic/room_1000/syn_09.png,1000,1
/content/dataset/real/room_911.jpeg,911,0
/content/dataset/synthetic/room_911/syn_00.png,911,1
/content/dataset/synthetic/room_911/syn_01.png,911,1
/content/dataset/synthetic/room_911/syn_02.png,911,1
/content/dataset/synthetic/room_911/syn_03.png,911,1
/content/dataset/synthetic/room_911/syn_04.png,911,1
/content/dataset/synthetic/room_911/syn_05.png,911,1
/content/dataset/synthetic/room_911/syn_06.png,911,1
/content/dataset/synthetic/room_911/syn_07.png,911,1
/content/dataset/synthetic/room_911/syn_08.png,911,1
/content/dataset/synthetic/room_911/syn_09.png,911,1
/content/dataset/real/room_912.jpg,912,0
/content/dataset/synthetic/room_912/syn_00.png,912,1
/content/dataset/synthetic/room_912/syn_01.png,912,1
/content/dataset/synthetic/room_912/syn_02.png,912,1
/content/dataset/synthetic/room_912/syn_03.png,912,1
/content/dataset/synthetic/room_912/syn_04.png,912,1
/content/dataset/synthetic/room_912/syn_05.png,912,1
/content/dataset/synthetic/room_912/syn_06.png,912,1
/content/dataset/synthetic/room_912/syn_07.png,912,1
/content/dataset/synthetic/room_912/syn_08.png,912,1
/content/dataset/synthetic/room_912/syn_09.png,912,1
/content/dataset/real/room_913.jpeg,913,0
/content/dataset/synthetic/room_913/syn_00.png,913,1
/content/dataset/synthetic/room_913/syn_01.png,913,1
/content/dataset/synthetic/room_913/syn_02.png,913,1
/content/dataset/synthetic/room_913/syn_03.png,913,1
/content/dataset/synthetic/room_913/syn_04.png,913,1
/content/dataset/synthetic/room_913/syn_05.png,913,1
/content/dataset/synthetic/room_913/syn_06.png,913,1
/content/dataset/synthetic/room_913/syn_07.png,913,1
/content/dataset/synthetic/room_913/syn_08.png,913,1
/content/dataset/synthetic/room_913/syn_09.png,913,1
/content/dataset/real/room_914.jpg,914,0
/content/dataset/synthetic/room_914/syn_00.png,914,1
/content/dataset/synthetic/room_914/syn_01.png,914,1
/content/dataset/synthetic/room_914/syn_02.png,914,1
/content/dataset/synthetic/room_914/syn_03.png,914,1
/content/dataset/synthetic/room_914/syn_04.png,914,1
/content/dataset/synthetic/room_914/syn_05.png,914,1
/content/dataset/synthetic/room_914/syn_06.png,914,1
/content/dataset/synthetic/room_914/syn_07.png,914,1
/content/dataset/synthetic/room_914/syn_08.png,914,1
/content/dataset/synthetic/room_914/syn_09.png,914,1
/content/dataset/real/room_915.jpeg,915,0
/content/dataset/synthetic/room_915/syn_00.png,915,1
/content/dataset/synthetic/room_915/syn_01.png,915,1
/content/dataset/synthetic/room_915/syn_02.png,915,1
/content/dataset/synthetic/room_915/syn_03.png,915,1
/content/dataset/synthetic/room_915/syn_04.png,915,1
/content/dataset/synthetic/room_915/syn_05.png,915,1
/content/dataset/synthetic/room_915/syn_06.png,915,1
/content/dataset/synthetic/room_915/syn_07.png,915,1
/content/dataset/synthetic/room_915/syn_08.png,915,1
/content/dataset/synthetic/room_915/syn_09.png,915,1
/content/dataset/real/room_916.jpg,916,0
/content/dataset/synthetic/room_916/syn_00.png,916,1
/content/dataset/synthetic/room_916/syn_01.png,916,1
/content/dataset/synthetic/room_916/syn_02.png,916,1
/content/dataset/synthetic/room_916/syn_03.png,916,1
/content/dataset/synthetic/room_916/syn_04.png,916,1
/content/dataset/synthetic/room_916/syn_05.png,916,1
/content/dataset/synthetic/room_916/syn_06.png,916,1
/content/dataset/synthetic/room_916/syn_07.png,916,1
/content/dataset/synthetic/room_916/syn_08.png,916,1
/content/dataset/synthetic/room_916/syn_09.png,916,1
/content/dataset/real/room_917.jpeg,917,0
/content/dataset/synthetic/room_917/syn_00.png,917,1
/content/dataset/synthetic/room_917/syn_01.png,917,1
/content/dataset/synthetic/room_917/syn_02.png,917,1
/content/dataset/synthetic/room_917/syn_03.png,917,1
/content/dataset/synthetic/room_917/syn_04.png,917,1
/content/dataset/synthetic/room_917/syn_05.png,917,1
/content/dataset/synthetic/room_917/syn_06.png,917,1
/content/dataset/synthetic/room_917/syn_07.png,917,1
/content/dataset/synthetic/room_917/syn_08.png,917,1
/content/dataset/synthetic/room_917/syn_09.png,917,1
/content/dataset/real/room_918.jpg,918,0
/content/dataset/synthetic/room_918/syn_00.png,918,1
/content/dataset/synthetic/room_918/syn_01.png,918,1
/content/dataset/synthetic/room_918/syn_02.png,918,1
/content/dataset/synthetic/room_918/syn_03.png,918,1
/content/dataset/synthetic/room_918/syn_04.png,918,1
/content/dataset/synthetic/room_918/syn_05.png,918,1
/content/dataset/synthetic/room_918/syn_06.png,918,1
/content/dataset/synthetic/room_918/syn_07.png,918,1
/content/dataset/synthetic/room_918/syn_08.png,918,1
/content/dataset/synthetic/room_918/syn_09.png,918,1
/content/dataset/real/room_919.jpeg,919,0
/content/dataset/synthetic/room_919/syn_00.png,919,1
/content/dataset/synthetic/room_919/syn_01.png,919,1
/content/dataset/synthetic/room_919/syn_02.png,919,1
/content/dataset/synthetic/room_919/syn_03.png,919,1
/content/dataset/synthetic/room_919/syn_04.png,919,1
/content/dataset/synthetic/room_919/syn_05.png,919,1
/content/dataset/synthetic/room_919/syn_06.png,919,1
/content/dataset/synthetic/room_919/syn_07.png,919,1
/content/dataset/synthetic/room_919/syn_08.png,919,1
/content/dataset/synthetic/room_919/syn_09.png,919,1
/content/dataset/real/room_920.jpg,920,0
/content/dataset/synthetic/room_920/syn_00.png,920,1
/content/dataset/synthetic/room_920/syn_01.png,920,1
/content/dataset/synthetic/room_920/syn_02.png,920,1
/content/dataset/synthetic/room_920/syn_03.png,920,1
/content/dataset/synthetic/room_920/syn_04.png,920,1
/content/dataset/synthetic/room_920/syn_05.png,920,1
/content/dataset/synthetic/room_920/syn_06.png,920,1
/content/dataset/synthetic/room_920/syn_07.png,920,1
/content/dataset/synthetic/room_920/syn_08.png,920,1
/content/dataset/synthetic/room_920/syn_09.png,920,1
/content/dataset/real/room_921.jpeg,921,0
/content/dataset/synthetic/room_921/syn_00.png,921,1
/content/dataset/synthetic/room_921/syn_01.png,921,1
/content/dataset/synthetic/room_921/syn_02.png,921,1
/content/dataset/synthetic/room_921/syn_03.png,921,1
/content/dataset/synthetic/room_921/syn_04.png,921,1
/content/dataset/synthetic/room_921/syn_05.png,921,1
/content/dataset/synthetic/room_921/syn_06.png,921,1
/content/dataset/synthetic/room_921/syn_07.png,921,1
/content/dataset/synthetic/room_921/syn_08.png,921,1
/content/dataset/synthetic/room_921/syn_09.png,921,1
/content/dataset/real/room_922.jpg,922,0
/content/dataset/synthetic/room_922/syn_00.png,922,1
/content/dataset/synthetic/room_922/syn_01.png,922,1
/content/dataset/synthetic/room_922/syn_02.png,922,1
/content/dataset/synthetic/room_922/syn_03.png,922,1
/content/dataset/synthetic/room_922/syn_04.png,922,1
/content/dataset/synthetic/room_922/syn_05.png,922,1
/content/dataset/synthetic/room_922/syn_06.png,922,1
/content/dataset/synthetic/room_922/syn_07.png,922,1
/content/dataset/synthetic/room_922/syn_08.png,922,1
/content/dataset/synthetic/room_922/syn_09.png,922,1
/content/dataset/real/room_923.jpeg,923,0
/content/dataset/synthetic/room_923/syn_00.png,923,1
/content/dataset/synthetic/room_923/syn_01.png,923,1
/content/dataset/synthetic/room_923/syn_02.png,923,1
/content/dataset/synthetic/room_923/syn_03.png,923,1
/content/dataset/synthetic/room_923/syn_04.png,923,1
/content/dataset/synthetic/room_923/syn_05.png,923,1
/content/dataset/synthetic/room_923/syn_06.png,923,1
/content/dataset/synthetic/room_923/syn_07.png,923,1
/content/dataset/synthetic/room_923/syn_08.png,923,1
/content/dataset/synthetic/room_923/syn_09.png,923,1
/content/dataset/real/room_924.jpg,924,0
/content/dataset/synthetic/room_924/syn_00.png,924,1
/content/dataset/synthetic/room_924/syn_01.png,924,1
/content/dataset/synthetic/room_924/syn_02.png,924,1
/content/dataset/synthetic/room_924/syn_03.png,924,1
/content/dataset/synthetic/room_924/syn_04.png,924,1
/content/dataset/synthetic/room_924/syn_05.png,924,1
/content/dataset/synthetic/room_924/syn_06.png,924,1
/content/dataset/synthetic/room_924/syn_07.png,924,1
/content/dataset/synthetic/room_924/syn_08.png,924,1
/content/dataset/synthetic/room_924/syn_09.png,924,1
/content/dataset/real/room_925.jpeg,925,0
/content/dataset/synthetic/room_925/syn_00.png,925,1
/content/dataset/synthetic/room_925/syn_01.png,925,1
/content/dataset/synthetic/room_925/syn_02.png,925,1
/content/dataset/synthetic/room_925/syn_03.png,925,1
/content/dataset/synthetic/room_925/syn_04.png,925,1
/content/dataset/synthetic/room_925/syn_05.png,925,1
/content/dataset/synthetic/room_925/syn_06.png,925,1
/content/dataset/synthetic/room_925/syn_07.png,925,1
/content/dataset/synthetic/room_925/syn_08.png,925,1
/content/dataset/synthetic/room_925/syn_09.png,925,1
/content/dataset/real/room_926.jpg,926,0
/content/dataset/synthetic/room_926/syn_00.png,926,1
/content/dataset/synthetic/room_926/syn_01.png,926,1
/content/dataset/synthetic/room_926/syn_02.png,926,1
/content/dataset/synthetic/room_926/syn_03.png,926,1
/content/dataset/synthetic/room_926/syn_04.png,926,1
/content/dataset/synthetic/room_926/syn_05.png,926,1
/content/dataset/synthetic/room_926/syn_06.png,926,1
/content/dataset/synthetic/room_926/syn_07.png,926,1
/content/dataset/synthetic/room_926/syn_08.png,926,1
/content/dataset/synthetic/room_926/syn_09.png,926,1
/content/dataset/real/room_927.jpeg,927,0
/content/dataset/synthetic/room_927/syn_00.png,927,1
/content/dataset/synthetic/room_927/syn_01.png,927,1
/content/dataset/synthetic/room_927/syn_02.png,927,1
/content/dataset/synthetic/room_927/syn_03.png,927,1
/content/dataset/synthetic/room_927/syn_04.png,927,1
/content/dataset/synthetic/room_927/syn_05.png,927,1
/content/dataset/synthetic/room_927/syn_06.png,927,1
/content/dataset/synthetic/room_927/syn_07.png,927,1
/content/dataset/synthetic/room_927/syn_08.png,927,1
/content/dataset/synthetic/room_927/syn_09.png,927,1
/content/dataset/real/room_928.jpg,928,0
/content/dataset/synthetic/room_928/syn_00.png,928,1
/content/dataset/synthetic/room_928/syn_01.png,928,1
/content/dataset/synthetic/room_928/syn_02.png,928,1
/content/dataset/synthetic/room_928/syn_03.png,928,1
/content/dataset/synthetic/room_928/syn_04.png,928,1
/content/dataset/synthetic/room_928/syn_05.png,928,1
/content/dataset/synthetic/room_928/syn_06.png,928,1
/content/dataset/synthetic/room_928/syn_07.png,928,1
/content/dataset/synthetic/room_928/syn_08.png,928,1
/content/dataset/synthetic/room_928/syn_09.png,928,1
/content/dataset/real/room_929.jpeg,929,0
/content/dataset/synthetic/room_929/syn_00.png,929,1
/content/dataset/synthetic/room_929/syn_01.png,929,1
/content/dataset/synthetic/room_929/syn_02.png,929,1
/content/dataset/synthetic/room_929/syn_03.png,929,1
/content/dataset/synthetic/room_929/syn_04.png,929,1
/content/dataset/synthetic/room_929/syn_05.png,929,1
/content/dataset/synthetic/room_929/syn_06.png,929,1
/content/dataset/synthetic/room_929/syn_07.png,929,1
/content/dataset/synthetic/room_929/syn_08.png,929,1
/content/dataset/synthetic/room_929/syn_09.png,929,1
/content/dataset/real/room_930.jpg,930,0
/content/dataset/synthetic/room_930/syn_00.png,930,1
/content/dataset/synthetic/room_930/syn_01.png,930,1
/content/dataset/synthetic/room_930/syn_02.png,930,1
/content/dataset/synthetic/room_930/syn_03.png,930,1
/content/dataset/synthetic/room_930/syn_04.png,930,1
/content/dataset/synthetic/room_930/syn_05.png,930,1
/content/dataset/synthetic/room_930/syn_06.png,930,1
/content/dataset/synthetic/room_930/syn_07.png,930,1
/content/dataset/synthetic/room_930/syn_08.png,930,1
/content/dataset/synthetic/room_930/syn_09.png,930,1
/content/dataset/real/room_931.jpeg,931,0
/content/dataset/synthetic/room_931/syn_00.png,931,1
/content/dataset/synthetic/room_931/syn_01.png,931,1
/content/dataset/synthetic/room_931/syn_02.png,931,1
/content/dataset/synthetic/room_931/syn_03.png,931,1
/content/dataset/synthetic/room_931/syn_04.png,931,1
/content/dataset/synthetic/room_931/syn_05.png,931,1
/content/dataset/synthetic/room_931/syn_06.png,931,1
/content/dataset/synthetic/room_931/syn_07.png,931,1
/content/dataset/synthetic/room_931/syn_08.png,931,1
/content/dataset/synthetic/room_931/syn_09.png,931,1
/content/dataset/real/room_932.jpg,932,0
/content/dataset/synthetic/room_932/syn_00.png,932,1
/content/dataset/synthetic/room_932/syn_01.png,932,1
/content/dataset/synthetic/room_932/syn_02.png,932,1
/content/dataset/synthetic/room_932/syn_03.png,932,1
/content/dataset/synthetic/room_932/syn_04.png,932,1
/content/dataset/synthetic/room_932/syn_05.png,932,1
/content/dataset/synthetic/room_932/syn_06.png,932,1
/content/dataset/synthetic/room_932/syn_07.png,932,1
/content/dataset/synthetic/room_932/syn_08.png,932,1
/content/dataset/synthetic/room_932/syn_09.png,932,1
/content/dataset/real/room_933.jpeg,933,0
/content/dataset/synthetic/room_933/syn_00.png,933,1
/content/dataset/synthetic/room_933/syn_01.png,933,1
/content/dataset/synthetic/room_933/syn_02.png,933,1
/content/dataset/synthetic/room_933/syn_03.png,933,1
/content/dataset/synthetic/room_933/syn_04.png,933,1
/content/dataset/synthetic/room_933/syn_05.png,933,1
/content/dataset/synthetic/room_933/syn_06.png,933,1
/content/dataset/synthetic/room_933/syn_07.png,933,1
/content/dataset/synthetic/room_933/syn_08.png,933,1
/content/dataset/synthetic/room_933/syn_09.png,933,1
/content/dataset/real/room_934.jpg,934,0
/content/dataset/synthetic/room_934/syn_00.png,934,1
/content/dataset/synthetic/room_934/syn_01.png,934,1
/content/dataset/synthetic/room_934/syn_02.png,934,1
/content/dataset/synthetic/room_934/syn_03.png,934,1
/content/dataset/synthetic/room_934/syn_04.png,934,1
/content/dataset/synthetic/room_934/syn_05.png,934,1
/content/dataset/synthetic/room_934/syn_06.png,934,1
/content/dataset/synthetic/room_934/syn_07.png,934,1
/content/dataset/synthetic/room_934/syn_08.png,934,1
/content/dataset/synthetic/room_934/syn_09.png,934,1
/content/dataset/real/room_935.jpeg,935,0
/content/dataset/synthetic/room_935/syn_00.png,935,1
/content/dataset/synthetic/room_935/syn_01.png,935,1
/content/dataset/synthetic/room_935/syn_02.png,935,1
/content/dataset/synthetic/room_935/syn_03.png,935,1
/content/dataset/synthetic/room_935/syn_04.png,935,1
/content/dataset/synthetic/room_935/syn_05.png,935,1
/content/dataset/synthetic/room_935/syn_06.png,935,1
/content/dataset/synthetic/room_935/syn_07.png,935,1
/content/dataset/synthetic/room_935/syn_08.png,935,1
/content/dataset/synthetic/room_935/syn_09.png,935,1
/content/dataset/real/room_936.jpg,936,0
/content/dataset/synthetic/room_936/syn_00.png,936,1
/content/dataset/synthetic/room_936/syn_01.png,936,1
/content/dataset/synthetic/room_936/syn_02.png,936,1
/content/dataset/synthetic/room_936/syn_03.png,936,1
/content/dataset/synthetic/room_936/syn_04.png,936,1
/content/dataset/synthetic/room_936/syn_05.png,936,1
/content/dataset/synthetic/room_936/syn_06.png,936,1
/content/dataset/synthetic/room_936/syn_07.png,936,1
/content/dataset/synthetic/room_936/syn_08.png,936,1
/content/dataset/synthetic/room_936/syn_09.png,936,1
/content/dataset/real/room_937.jpeg,937,0
/content/dataset/synthetic/room_937/syn_00.png,937,1
/content/dataset/synthetic/room_937/syn_01.png,937,1
/content/dataset/synthetic/room_937/syn_02.png,937,1
/content/dataset/synthetic/room_937/syn_03.png,937,1
/content/dataset/synthetic/room_937/syn_04.png,937,1
/content/dataset/synthetic/room_937/syn_05.png,937,1
/content/dataset/synthetic/room_937/syn_06.png,937,1
/content/dataset/synthetic/room_937/syn_07.png,937,1
/content/dataset/synthetic/room_937/syn_08.png,937,1
/content/dataset/synthetic/room_937/syn_09.png,937,1
/content/dataset/real/room_938.jpg,938,0
/content/dataset/synthetic/room_938/syn_00.png,938,1
/content/dataset/synthetic/room_938/syn_01.png,938,1
/content/dataset/synthetic/room_938/syn_02.png,938,1
/content/dataset/synthetic/room_938/syn_03.png,938,1
/content/dataset/synthetic/room_938/syn_04.png,938,1
/content/dataset/synthetic/room_938/syn_05.png,938,1
/content/dataset/synthetic/room_938/syn_06.png,938,1
/content/dataset/synthetic/room_938/syn_07.png,938,1
/content/dataset/synthetic/room_938/syn_08.png,938,1
/content/dataset/synthetic/room_938/syn_09.png,938,1
/content/dataset/real/room_939.jpeg,939,0
/content/dataset/synthetic/room_939/syn_00.png,939,1
/content/dataset/synthetic/room_939/syn_01.png,939,1
/content/dataset/synthetic/room_939/syn_02.png,939,1
/content/dataset/synthetic/room_939/syn_03.png,939,1
/content/dataset/synthetic/room_939/syn_04.png,939,1
/content/dataset/synthetic/room_939/syn_05.png,939,1
/content/dataset/synthetic/room_939/syn_06.png,939,1
/content/dataset/synthetic/room_939/syn_07.png,939,1
/content/dataset/synthetic/room_939/syn_08.png,939,1
/content/dataset/synthetic/room_939/syn_09.png,939,1
/content/dataset/real/room_940.jpg,940,0
/content/dataset/synthetic/room_940/syn_00.png,940,1
/content/dataset/synthetic/room_940/syn_01.png,940,1
/content/dataset/synthetic/room_940/syn_02.png,940,1
/content/dataset/synthetic/room_940/syn_03.png,940,1
/content/dataset/synthetic/room_940/syn_04.png,940,1
/content/dataset/synthetic/room_940/syn_05.png,940,1
/content/dataset/synthetic/room_940/syn_06.png,940,1
/content/dataset/synthetic/room_940/syn_07.png,940,1
/content/dataset/synthetic/room_940/syn_08.png,940,1
/content/dataset/synthetic/room_940/syn_09.png,940,1
/content/dataset/real/room_941.jpeg,941,0
/content/dataset/synthetic/room_941/syn_00.png,941,1
/content/dataset/synthetic/room_941/syn_01.png,941,1
/content/dataset/synthetic/room_941/syn_02.png,941,1
/content/dataset/synthetic/room_941/syn_03.png,941,1
/content/dataset/synthetic/room_941/syn_04.png,941,1
/content/dataset/synthetic/room_941/syn_05.png,941,1
/content/dataset/synthetic/room_941/syn_06.png,941,1
/content/dataset/synthetic/room_941/syn_07.png,941,1
/content/dataset/synthetic/room_941/syn_08.png,941,1
/content/dataset/synthetic/room_941/syn_09.png,941,1
/content/dataset/real/room_942.jpg,942,0
/content/dataset/synthetic/room_942/syn_00.png,942,1
/content/dataset/synthetic/room_942/syn_01.png,942,1
/content/dataset/synthetic/room_942/syn_02.png,942,1
/content/dataset/synthetic/room_942/syn_03.png,942,1
/content/dataset/synthetic/room_942/syn_04.png,942,1
/content/dataset/synthetic/room_942/syn_05.png,942,1
/content/dataset/synthetic/room_942/syn_06.png,942,1
/content/dataset/synthetic/room_942/syn_07.png,942,1
/content/dataset/synthetic/room_942/syn_08.png,942,1
/content/dataset/synthetic/room_942/syn_09.png,942,1
/content/dataset/real/room_943.jpeg,943,0
/content/dataset/synthetic/room_943/syn_00.png,943,1
/content/dataset/synthetic/room_943/syn_01.png,943,1
/content/dataset/synthetic/room_943/syn_02.png,943,1
/content/dataset/synthetic/room_943/syn_03.png,943,1
/content/dataset/synthetic/room_943/syn_04.png,943,1
/content/dataset/synthetic/room_943/syn_05.png,943,1
/content/dataset/synthetic/room_943/syn_06.png,943,1
/content/dataset/synthetic/room_943/syn_07.png,943,1
/content/dataset/synthetic/room_943/syn_08.png,943,1
/content/dataset/synthetic/room_943/syn_09.png,943,1
/content/dataset/real/room_944.jpg,944,0
/content/dataset/synthetic/room_944/syn_00.png,944,1
/content/dataset/synthetic/room_944/syn_01.png,944,1
/content/dataset/synthetic/room_944/syn_02.png,944,1
/content/dataset/synthetic/room_944/syn_03.png,944,1
/content/dataset/synthetic/room_944/syn_04.png,944,1
/content/dataset/synthetic/room_944/syn_05.png,944,1
/content/dataset/synthetic/room_944/syn_06.png,944,1
/content/dataset/synthetic/room_944/syn_07.png,944,1
/content/dataset/synthetic/room_944/syn_08.png,944,1
/content/dataset/synthetic/room_944/syn_09.png,944,1
/content/dataset/real/room_945.jpeg,945,0
/content/dataset/synthetic/room_945/syn_00.png,945,1
/content/dataset/synthetic/room_945/syn_01.png,945,1
/content/dataset/synthetic/room_945/syn_02.png,945,1
/content/dataset/synthetic/room_945/syn_03.png,945,1
/content/dataset/synthetic/room_945/syn_04.png,945,1
/content/dataset/synthetic/room_945/syn_05.png,945,1
/content/dataset/synthetic/room_945/syn_06.png,945,1
/content/dataset/synthetic/room_945/syn_07.png,945,1
/content/dataset/synthetic/room_945/syn_08.png,945,1
/content/dataset/synthetic/room_945/syn_09.png,945,1
/content/dataset/real/room_946.jpg,946,0
/content/dataset/synthetic/room_946/syn_00.png,946,1
/content/dataset/synthetic/room_946/syn_01.png,946,1
/content/dataset/synthetic/room_946/syn_02.png,946,1
/content/dataset/synthetic/room_946/syn_03.png,946,1
/content/dataset/synthetic/room_946/syn_04.png,946,1
/content/dataset/synthetic/room_946/syn_05.png,946,1
/content/dataset/synthetic/room_946/syn_06.png,946,1
/content/dataset/synthetic/room_946/syn_07.png,946,1
/content/dataset/synthetic/room_946/syn_08.png,946,1
/content/dataset/synthetic/room_946/syn_09.png,946,1
/content/dataset/real/room_947.jpeg,947,0
/content/dataset/synthetic/room_947/syn_00.png,947,1
/content/dataset/synthetic/room_947/syn_01.png,947,1
/content/dataset/synthetic/room_947/syn_02.png,947,1
/content/dataset/synthetic/room_947/syn_03.png,947,1
/content/dataset/synthetic/room_947/syn_04.png,947,1
/content/dataset/synthetic/room_947/syn_05.png,947,1
/content/dataset/synthetic/room_947/syn_06.png,947,1
/content/dataset/synthetic/room_947/syn_07.png,947,1
/content/dataset/synthetic/room_947/syn_08.png,947,1
/content/dataset/synthetic/room_947/syn_09.png,947,1
/content/dataset/real/room_948.jpg,948,0
/content/dataset/synthetic/room_948/syn_00.png,948,1
/content/dataset/synthetic/room_948/syn_01.png,948,1
/content/dataset/synthetic/room_948/syn_02.png,948,1
/content/dataset/synthetic/room_948/syn_03.png,948,1
/content/dataset/synthetic/room_948/syn_04.png,948,1
/content/dataset/synthetic/room_948/syn_05.png,948,1
/content/dataset/synthetic/room_948/syn_06.png,948,1
/content/dataset/synthetic/room_948/syn_07.png,948,1
/content/dataset/synthetic/room_948/syn_08.png,948,1
/content/dataset/synthetic/room_948/syn_09.png,948,1
/content/dataset/real/room_949.jpeg,949,0
/content/dataset/synthetic/room_949/syn_00.png,949,1
/content/dataset/synthetic/room_949/syn_01.png,949,1
/content/dataset/synthetic/room_949/syn_02.png,949,1
/content/dataset/synthetic/room_949/syn_03.png,949,1
/content/dataset/synthetic/room_949/syn_04.png,949,1
/content/dataset/synthetic/room_949/syn_05.png,949,1
/content/dataset/synthetic/room_949/syn_06.png,949,1
/content/dataset/synthetic/room_949/syn_07.png,949,1
/content/dataset/synthetic/room_949/syn_08.png,949,1
/content/dataset/synthetic/room_949/syn_09.png,949,1
/content/dataset/real/room_950.jpg,950,0
/content/dataset/synthetic/room_950/syn_00.png,950,1
/content/dataset/synthetic/room_950/syn_01.png,950,1
/content/dataset/synthetic/room_950/syn_02.png,950,1
/content/dataset/synthetic/room_950/syn_03.png,950,1
/content/dataset/synthetic/room_950/syn_04.png,950,1
/content/dataset/synthetic/room_950/syn_05.png,950,1
/content/dataset/synthetic/room_950/syn_06.png,950,1
/content/dataset/synthetic/room_950/syn_07.png,950,1
/content/dataset/synthetic/room_950/syn_08.png,950,1
/content/dataset/synthetic/room_950/syn_09.png,950,1
/content/dataset/real/room_951.jpeg,951,0
/content/dataset/synthetic/room_951/syn_00.png,951,1
/content/dataset/synthetic/room_951/syn_01.png,951,1
/content/dataset/synthetic/room_951/syn_02.png,951,1
/content/dataset/synthetic/room_951/syn_03.png,951,1
/content/dataset/synthetic/room_951/syn_04.png,951,1
/content/dataset/synthetic/room_951/syn_05.png,951,1
/content/dataset/synthetic/room_951/syn_06.png,951,1
/content/dataset/synthetic/room_951/syn_07.png,951,1
/content/dataset/synthetic/room_951/syn_08.png,951,1
/content/dataset/synthetic/room_951/syn_09.png,951,1
/content/dataset/real/room_952.jpg,952,0
/content/dataset/synthetic/room_952/syn_00.png,952,1
/content/dataset/synthetic/room_952/syn_01.png,952,1
/content/dataset/synthetic/room_952/syn_02.png,952,1
/content/dataset/synthetic/room_952/syn_03.png,952,1
/content/dataset/synthetic/room_952/syn_04.png,952,1
/content/dataset/synthetic/room_952/syn_05.png,952,1
/content/dataset/synthetic/room_952/syn_06.png,952,1
/content/dataset/synthetic/room_952/syn_07.png,952,1
/content/dataset/synthetic/room_952/syn_08.png,952,1
/content/dataset/synthetic/room_952/syn_09.png,952,1
/content/dataset/real/room_953.jpeg,953,0
/content/dataset/synthetic/room_953/syn_00.png,953,1
/content/dataset/synthetic/room_953/syn_01.png,953,1
/content/dataset/synthetic/room_953/syn_02.png,953,1
/content/dataset/synthetic/room_953/syn_03.png,953,1
/content/dataset/synthetic/room_953/syn_04.png,953,1
/content/dataset/synthetic/room_953/syn_05.png,953,1
/content/dataset/synthetic/room_953/syn_06.png,953,1
/content/dataset/synthetic/room_953/syn_07.png,953,1
/content/dataset/synthetic/room_953/syn_08.png,953,1
/content/dataset/synthetic/room_953/syn_09.png,953,1
/content/dataset/real/room_954.jpg,954,0
/content/dataset/synthetic/room_954/syn_00.png,954,1
/content/dataset/synthetic/room_954/syn_01.png,954,1
/content/dataset/synthetic/room_954/syn_02.png,954,1
/content/dataset/synthetic/room_954/syn_03.png,954,1
/content/dataset/synthetic/room_954/syn_04.png,954,1
/content/dataset/synthetic/room_954/syn_05.png,954,1
/content/dataset/synthetic/room_954/syn_06.png,954,1
/content/dataset/synthetic/room_954/syn_07.png,954,1
/content/dataset/synthetic/room_954/syn_08.png,954,1
/content/dataset/synthetic/room_954/syn_09.png,954,1
/content/dataset/real/room_955.jpeg,955,0
/content/dataset/synthetic/room_955/syn_00.png,955,1
/content/dataset/synthetic/room_955/syn_01.png,955,1
/content/dataset/synthetic/room_955/syn_02.png,955,1
/content/dataset/synthetic/room_955/syn_03.png,955,1
/content/dataset/synthetic/room_955/syn_04.png,955,1
/content/dataset/synthetic/room_955/syn_05.png,955,1
/content/dataset/synthetic/room_955/syn_06.png,955,1
/content/dataset/synthetic/room_955/syn_07.png,955,1
/content/dataset/synthetic/room_955/syn_08.png,955,1
/content/dataset/synthetic/room_955/syn_09.png,955,1
/content/dataset/real/room_956.jpg,956,0
/content/dataset/synthetic/room_956/syn_00.png,956,1
/content/dataset/synthetic/room_956/syn_01.png,956,1
/content/dataset/synthetic/room_956/syn_02.png,956,1
/content/dataset/synthetic/room_956/syn_03.png,956,1
/content/dataset/synthetic/room_956/syn_04.png,956,1
/content/dataset/synthetic/room_956/syn_05.png,956,1
/content/dataset/synthetic/room_956/syn_06.png,956,1
/content/dataset/synthetic/room_956/syn_07.png,956,1
/content/dataset/synthetic/room_956/syn_08.png,956,1
/content/dataset/synthetic/room_956/syn_09.png,956,1
/content/dataset/real/room_957.jpeg,957,0
/content/dataset/synthetic/room_957/syn_00.png,957,1
/content/dataset/synthetic/room_957/syn_01.png,957,1
/content/dataset/synthetic/room_957/syn_02.png,957,1
/content/dataset/synthetic/room_957/syn_03.png,957,1
/content/dataset/synthetic/room_957/syn_04.png,957,1
/content/dataset/synthetic/room_957/syn_05.png,957,1
/content/dataset/synthetic/room_957/syn_06.png,957,1
/content/dataset/synthetic/room_957/syn_07.png,957,1
/content/dataset/synthetic/room_957/syn_08.png,957,1
/content/dataset/synthetic/room_957/syn_09.png,957,1
/content/dataset/real/room_958.jpg,958,0
/content/dataset/synthetic/room_958/syn_00.png,958,1
/content/dataset/synthetic/room_958/syn_01.png,958,1
/content/dataset/synthetic/room_958/syn_02.png,958,1
/content/dataset/synthetic/room_958/syn_03.png,958,1
/content/dataset/synthetic/room_958/syn_04.png,958,1
/content/dataset/synthetic/room_958/syn_05.png,958,1
/content/dataset/synthetic/room_958/syn_06.png,958,1
/content/dataset/synthetic/room_958/syn_07.png,958,1
/content/dataset/synthetic/room_958/syn_08.png,958,1
/content/dataset/synthetic/room_958/syn_09.png,958,1
/content/dataset/real/room_959.jpeg,959,0
/content/dataset/synthetic/room_959/syn_00.png,959,1
/content/dataset/synthetic/room_959/syn_01.png,959,1
/content/dataset/synthetic/room_959/syn_02.png,959,1
/content/dataset/synthetic/room_959/syn_03.png,959,1
/content/dataset/synthetic/room_959/syn_04.png,959,1
/content/dataset/synthetic/room_959/syn_05.png,959,1
/content/dataset/synthetic/room_959/syn_06.png,959,1
/content/dataset/synthetic/room_959/syn_07.png,959,1
/content/dataset/synthetic/room_959/syn_08.png,959,1
/content/dataset/synthetic/room_959/syn_09.png,959,1
/content/dataset/real/room_960.jpg,960,0
/content/dataset/synthetic/room_960/syn_00.png,960,1
/content/dataset/synthetic/room_960/syn_01.png,960,1
/content/dataset/synthetic/room_960/syn_02.png,960,1
/content/dataset/synthetic/room_960/syn_03.png,960,1
/content/dataset/synthetic/room_960/syn_04.png,960,1
/content/dataset/synthetic/room_960/syn_05.png,960,1
/content/dataset/synthetic/room_960/syn_06.png,960,1
/content/dataset/synthetic/room_960/syn_07.png,960,1
/content/dataset/synthetic/room_960/syn_08.png,960,1
/content/dataset/synthetic/room_960/syn_09.png,960,1
/content/dataset/real/room_961.jpeg,961,0
/content/dataset/synthetic/room_961/syn_00.png,961,1
/content/dataset/synthetic/room_961/syn_01.png,961,1
/content/dataset/synthetic/room_961/syn_02.png,961,1
/content/dataset/synthetic/room_961/syn_03.png,961,1
/content/dataset/synthetic/room_961/syn_04.png,961,1
/content/dataset/synthetic/room_961/syn_05.png,961,1
/content/dataset/synthetic/room_961/syn_06.png,961,1
/content/dataset/synthetic/room_961/syn_07.png,961,1
/content/dataset/synthetic/room_961/syn_08.png,961,1
/content/dataset/synthetic/room_961/syn_09.png,961,1
/content/dataset/real/room_962.jpg,962,0
/content/dataset/synthetic/room_962/syn_00.png,962,1
/content/dataset/synthetic/room_962/syn_01.png,962,1
/content/dataset/synthetic/room_962/syn_02.png,962,1
/content/dataset/synthetic/room_962/syn_03.png,962,1
/content/dataset/synthetic/room_962/syn_04.png,962,1
/content/dataset/synthetic/room_962/syn_05.png,962,1
/content/dataset/synthetic/room_962/syn_06.png,962,1
/content/dataset/synthetic/room_962/syn_07.png,962,1
/content/dataset/synthetic/room_962/syn_08.png,962,1
/content/dataset/synthetic/room_962/syn_09.png,962,1
/content/dataset/real/room_963.jpeg,963,0
/content/dataset/synthetic/room_963/syn_00.png,963,1
/content/dataset/synthetic/room_963/syn_01.png,963,1
/content/dataset/synthetic/room_963/syn_02.png,963,1
/content/dataset/synthetic/room_963/syn_03.png,963,1
/content/dataset/synthetic/room_963/syn_04.png,963,1
/content/dataset/synthetic/room_963/syn_05.png,963,1
/content/dataset/synthetic/room_963/syn_06.png,963,1
/content/dataset/synthetic/room_963/syn_07.png,963,1
/content/dataset/synthetic/room_963/syn_08.png,963,1
/content/dataset/synthetic/room_963/syn_09.png,963,1
/content/dataset/real/room_964.jpg,964,0
/content/dataset/synthetic/room_964/syn_00.png,964,1
/content/dataset/synthetic/room_964/syn_01.png,964,1
/content/dataset/synthetic/room_964/syn_02.png,964,1
/content/dataset/synthetic/room_964/syn_03.png,964,1
/content/dataset/synthetic/room_964/syn_04.png,964,1
/content/dataset/synthetic/room_964/syn_05.png,964,1
/content/dataset/synthetic/room_964/syn_06.png,964,1
/content/dataset/synthetic/room_964/syn_07.png,964,1
/content/dataset/synthetic/room_964/syn_08.png,964,1
/content/dataset/synthetic/room_964/syn_09.png,964,1
/content/dataset/real/room_965.jpeg,965,0
/content/dataset/synthetic/room_965/syn_00.png,965,1
/content/dataset/synthetic/room_965/syn_01.png,965,1
/content/dataset/synthetic/room_965/syn_02.png,965,1
/content/dataset/synthetic/room_965/syn_03.png,965,1
/content/dataset/synthetic/room_965/syn_04.png,965,1
/content/dataset/synthetic/room_965/syn_05.png,965,1
/content/dataset/synthetic/room_965/syn_06.png,965,1
/content/dataset/synthetic/room_965/syn_07.png,965,1
/content/dataset/synthetic/room_965/syn_08.png,965,1
/content/dataset/synthetic/room_965/syn_09.png,965,1
/content/dataset/real/room_966.jpg,966,0
/content/dataset/synthetic/room_966/syn_00.png,966,1
/content/dataset/synthetic/room_966/syn_01.png,966,1
/content/dataset/synthetic/room_966/syn_02.png,966,1
/content/dataset/synthetic/room_966/syn_03.png,966,1
/content/dataset/synthetic/room_966/syn_04.png,966,1
/content/dataset/synthetic/room_966/syn_05.png,966,1
/content/dataset/synthetic/room_966/syn_06.png,966,1
/content/dataset/synthetic/room_966/syn_07.png,966,1
/content/dataset/synthetic/room_966/syn_08.png,966,1
/content/dataset/synthetic/room_966/syn_09.png,966,1
/content/dataset/real/room_967.jpeg,967,0
/content/dataset/synthetic/room_967/syn_00.png,967,1
/content/dataset/synthetic/room_967/syn_01.png,967,1
/content/dataset/synthetic/room_967/syn_02.png,967,1
/content/dataset/synthetic/room_967/syn_03.png,967,1
/content/dataset/synthetic/room_967/syn_04.png,967,1
/content/dataset/synthetic/room_967/syn_05.png,967,1
/content/dataset/synthetic/room_967/syn_06.png,967,1
/content/dataset/synthetic/room_967/syn_07.png,967,1
/content/dataset/synthetic/room_967/syn_08.png,967,1
/content/dataset/synthetic/room_967/syn_09.png,967,1
/content/dataset/real/room_968.jpg,968,0
/content/dataset/synthetic/room_968/syn_00.png,968,1
/content/dataset/synthetic/room_968/syn_01.png,968,1
/content/dataset/synthetic/room_968/syn_02.png,968,1
/content/dataset/synthetic/room_968/syn_03.png,968,1
/content/dataset/synthetic/room_968/syn_04.png,968,1
/content/dataset/synthetic/room_968/syn_05.png,968,1
/content/dataset/synthetic/room_968/syn_06.png,968,1
/content/dataset/synthetic/room_968/syn_07.png,968,1
/content/dataset/synthetic/room_968/syn_08.png,968,1
/content/dataset/synthetic/room_968/syn_09.png,968,1
/content/dataset/real/room_969.jpeg,969,0
/content/dataset/synthetic/room_969/syn_00.png,969,1
/content/dataset/synthetic/room_969/syn_01.png,969,1
/content/dataset/synthetic/room_969/syn_02.png,969,1
/content/dataset/synthetic/room_969/syn_03.png,969,1
/content/dataset/synthetic/room_969/syn_04.png,969,1
/content/dataset/synthetic/room_969/syn_05.png,969,1
/content/dataset/synthetic/room_969/syn_06.png,969,1
/content/dataset/synthetic/room_969/syn_07.png,969,1
/content/dataset/synthetic/room_969/syn_08.png,969,1
/content/dataset/synthetic/room_969/syn_09.png,969,1
/content/dataset/real/room_970.jpg,970,0
/content/dataset/synthetic/room_970/syn_00.png,970,1
/content/dataset/synthetic/room_970/syn_01.png,970,1
/content/dataset/synthetic/room_970/syn_02.png,970,1
/content/dataset/synthetic/room_970/syn_03.png,970,1
/content/dataset/synthetic/room_970/syn_04.png,970,1
/content/dataset/synthetic/room_970/syn_05.png,970,1
/content/dataset/synthetic/room_970/syn_06.png,970,1
/content/dataset/synthetic/room_970/syn_07.png,970,1
/content/dataset/synthetic/room_970/syn_08.png,970,1
/content/dataset/synthetic/room_970/syn_09.png,970,1
/content/dataset/real/room_971.jpeg,971,0
/content/dataset/synthetic/room_971/syn_00.png,971,1
/content/dataset/synthetic/room_971/syn_01.png,971,1
/content/dataset/synthetic/room_971/syn_02.png,971,1
/content/dataset/synthetic/room_971/syn_03.png,971,1
/content/dataset/synthetic/room_971/syn_04.png,971,1
/content/dataset/synthetic/room_971/syn_05.png,971,1
/content/dataset/synthetic/room_971/syn_06.png,971,1
/content/dataset/synthetic/room_971/syn_07.png,971,1
/content/dataset/synthetic/room_971/syn_08.png,971,1
/content/dataset/synthetic/room_971/syn_09.png,971,1
/content/dataset/real/room_972.jpg,972,0
/content/dataset/synthetic/room_972/syn_00.png,972,1
/content/dataset/synthetic/room_972/syn_01.png,972,1
/content/dataset/synthetic/room_972/syn_02.png,972,1
/content/dataset/synthetic/room_972/syn_03.png,972,1
/content/dataset/synthetic/room_972/syn_04.png,972,1
/content/dataset/synthetic/room_972/syn_05.png,972,1
/content/dataset/synthetic/room_972/syn_06.png,972,1
/content/dataset/synthetic/room_972/syn_07.png,972,1
/content/dataset/synthetic/room_972/syn_08.png,972,1
/content/dataset/synthetic/room_972/syn_09.png,972,1
/content/dataset/real/room_973.jpeg,973,0
/content/dataset/synthetic/room_973/syn_00.png,973,1
/content/dataset/synthetic/room_973/syn_01.png,973,1
/content/dataset/synthetic/room_973/syn_02.png,973,1
/content/dataset/synthetic/room_973/syn_03.png,973,1
/content/dataset/synthetic/room_973/syn_04.png,973,1
/content/dataset/synthetic/room_973/syn_05.png,973,1
/content/dataset/synthetic/room_973/syn_06.png,973,1
/content/dataset/synthetic/room_973/syn_07.png,973,1
/content/dataset/synthetic/room_973/syn_08.png,973,1
/content/dataset/synthetic/room_973/syn_09.png,973,1
/content/dataset/real/room_974.jpg,974,0
/content/dataset/synthetic/room_974/syn_00.png,974,1
/content/dataset/synthetic/room_974/syn_01.png,974,1
/content/dataset/synthetic/room_974/syn_02.png,974,1
/content/dataset/synthetic/room_974/syn_03.png,974,1
/content/dataset/synthetic/room_974/syn_04.png,974,1
/content/dataset/synthetic/room_974/syn_05.png,974,1
/content/dataset/synthetic/room_974/syn_06.png,974,1
/content/dataset/synthetic/room_974/syn_07.png,974,1
/content/dataset/synthetic/room_974/syn_08.png,974,1
/content/dataset/synthetic/room_974/syn_09.png,974,1
/content/dataset/real/room_975.jpeg,975,0
/content/dataset/synthetic/room_975/syn_00.png,975,1
/content/dataset/synthetic/room_975/syn_01.png,975,1
/content/dataset/synthetic/room_975/syn_02.png,975,1
/content/dataset/synthetic/room_975/syn_03.png,975,1
/content/dataset/synthetic/room_975/syn_04.png,975,1
/content/dataset/synthetic/room_975/syn_05.png,975,1
/content/dataset/synthetic/room_975/syn_06.png,975,1
/content/dataset/synthetic/room_975/syn_07.png,975,1
/content/dataset/synthetic/room_975/syn_08.png,975,1
/content/dataset/synthetic/room_975/syn_09.png,975,1
/content/dataset/real/room_976.jpg,976,0
/content/dataset/synthetic/room_976/syn_00.png,976,1
/content/dataset/synthetic/room_976/syn_01.png,976,1
/content/dataset/synthetic/room_976/syn_02.png,976,1
/content/dataset/synthetic/room_976/syn_03.png,976,1
/content/dataset/synthetic/room_976/syn_04.png,976,1
/content/dataset/synthetic/room_976/syn_05.png,976,1
/content/dataset/synthetic/room_976/syn_06.png,976,1
/content/dataset/synthetic/room_976/syn_07.png,976,1
/content/dataset/synthetic/room_976/syn_08.png,976,1
/content/dataset/synthetic/room_976/syn_09.png,976,1
/content/dataset/real/room_977.jpeg,977,0
/content/dataset/synthetic/room_977/syn_00.png,977,1
/content/dataset/synthetic/room_977/syn_01.png,977,1
/content/dataset/synthetic/room_977/syn_02.png,977,1
/content/dataset/synthetic/room_977/syn_03.png,977,1
/content/dataset/synthetic/room_977/syn_04.png,977,1
/content/dataset/synthetic/room_977/syn_05.png,977,1
/content/dataset/synthetic/room_977/syn_06.png,977,1
/content/dataset/synthetic/room_977/syn_07.png,977,1
/content/dataset/synthetic/room_977/syn_08.png,977,1
/content/dataset/synthetic/room_977/syn_09.png,977,1
/content/dataset/real/room_978.jpg,978,0
/content/dataset/synthetic/room_978/syn_00.png,978,1
/content/dataset/synthetic/room_978/syn_01.png,978,1
/content/dataset/synthetic/room_978/syn_02.png,978,1
/content/dataset/synthetic/room_978/syn_03.png,978,1
/content/dataset/synthetic/room_978/syn_04.png,978,1
/content/dataset/synthetic/room_978/syn_05.png,978,1
/content/dataset/synthetic/room_978/syn_06.png,978,1
/content/dataset/synthetic/room_978/syn_07.png,978,1
/content/dataset/synthetic/room_978/syn_08.png,978,1
/content/dataset/synthetic/room_978/syn_09.png,978,1
/content/dataset/real/room_979.jpeg,979,0
/content/dataset/synthetic/room_979/syn_00.png,979,1
/content/dataset/synthetic/room_979/syn_01.png,979,1
/content/dataset/synthetic/room_979/syn_02.png,979,1
/content/dataset/synthetic/room_979/syn_03.png,979,1
/content/dataset/synthetic/room_979/syn_04.png,979,1
/content/dataset/synthetic/room_979/syn_05.png,979,1
/content/dataset/synthetic/room_979/syn_06.png,979,1
/content/dataset/synthetic/room_979/syn_07.png,979,1
/content/dataset/synthetic/room_979/syn_08.png,979,1
/content/dataset/synthetic/room_979/syn_09.png,979,1
/content/dataset/real/room_980.jpg,980,0
/content/dataset/synthetic/room_980/syn_00.png,980,1
/content/dataset/synthetic/room_980/syn_01.png,980,1
/content/dataset/synthetic/room_980/syn_02.png,980,1
/content/dataset/synthetic/room_980/syn_03.png,980,1
/content/dataset/synthetic/room_980/syn_04.png,980,1
/content/dataset/synthetic/room_980/syn_05.png,980,1
/content/dataset/synthetic/room_980/syn_06.png,980,1
/content/dataset/synthetic/room_980/syn_07.png,980,1
/content/dataset/synthetic/room_980/syn_08.png,980,1
/content/dataset/synthetic/room_980/syn_09.png,980,1
/content/dataset/real/room_981.jpeg,981,0
/content/dataset/synthetic/room_981/syn_00.png,981,1
/content/dataset/synthetic/room_981/syn_01.png,981,1
/content/dataset/synthetic/room_981/syn_02.png,981,1
/content/dataset/synthetic/room_981/syn_03.png,981,1
/content/dataset/synthetic/room_981/syn_04.png,981,1
/content/dataset/synthetic/room_981/syn_05.png,981,1
/content/dataset/synthetic/room_981/syn_06.png,981,1
/content/dataset/synthetic/room_981/syn_07.png,981,1
/content/dataset/synthetic/room_981/syn_08.png,981,1
/content/dataset/synthetic/room_981/syn_09.png,981,1
/content/dataset/real/room_982.jpg,982,0
/content/dataset/synthetic/room_982/syn_00.png,982,1
/content/dataset/synthetic/room_982/syn_01.png,982,1
/content/dataset/synthetic/room_982/syn_02.png,982,1
/content/dataset/synthetic/room_982/syn_03.png,982,1
/content/dataset/synthetic/room_982/syn_04.png,982,1
/content/dataset/synthetic/room_982/syn_05.png,982,1
/content/dataset/synthetic/room_982/syn_06.png,982,1
/content/dataset/synthetic/room_982/syn_07.png,982,1
/content/dataset/synthetic/room_982/syn_08.png,982,1
/content/dataset/synthetic/room_982/syn_09.png,982,1
/content/dataset/real/room_983.jpeg,983,0
/content/dataset/synthetic/room_983/syn_00.png,983,1
/content/dataset/synthetic/room_983/syn_01.png,983,1
/content/dataset/synthetic/room_983/syn_02.png,983,1
/content/dataset/synthetic/room_983/syn_03.png,983,1
/content/dataset/synthetic/room_983/syn_04.png,983,1
/content/dataset/synthetic/room_983/syn_05.png,983,1
/content/dataset/synthetic/room_983/syn_06.png,983,1
/content/dataset/synthetic/room_983/syn_07.png,983,1
/content/dataset/synthetic/room_983/syn_08.png,983,1
/content/dataset/synthetic/room_983/syn_09.png,983,1
/content/dataset/real/room_984.jpg,984,0
/content/dataset/synthetic/room_984/syn_00.png,984,1
/content/dataset/synthetic/room_984/syn_01.png,984,1
/content/dataset/synthetic/room_984/syn_02.png,984,1
/content/dataset/synthetic/room_984/syn_03.png,984,1
/content/dataset/synthetic/room_984/syn_04.png,984,1
/content/dataset/synthetic/room_984/syn_05.png,984,1
/content/dataset/synthetic/room_984/syn_06.png,984,1
/content/dataset/synthetic/room_984/syn_07.png,984,1
/content/dataset/synthetic/room_984/syn_08.png,984,1
/content/dataset/synthetic/room_984/syn_09.png,984,1
/content/dataset/real/room_985.jpeg,985,0
/content/dataset/synthetic/room_985/syn_00.png,985,1
/content/dataset/synthetic/room_985/syn_01.png,985,1
/content/dataset/synthetic/room_985/syn_02.png,985,1
/content/dataset/synthetic/room_985/syn_03.png,985,1
/content/dataset/synthetic/room_985/syn_04.png,985,1
/content/dataset/synthetic/room_985/syn_05.png,985,1
/content/dataset/synthetic/room_985/syn_06.png,985,1
/content/dataset/synthetic/room_985/syn_07.png,985,1
/content/dataset/synthetic/room_985/syn_08.png,985,1
/content/dataset/synthetic/room_985/syn_09.png,985,1
/content/dataset/real/room_986.jpg,986,0
/content/dataset/synthetic/room_986/syn_00.png,986,1
/content/dataset/synthetic/room_986/syn_01.png,986,1
/content/dataset/synthetic/room_986/syn_02.png,986,1
/content/dataset/synthetic/room_986/syn_03.png,986,1
/content/dataset/synthetic/room_986/syn_04.png,986,1
/content/dataset/synthetic/room_986/syn_05.png,986,1
/content/dataset/synthetic/room_986/syn_06.png,986,1
/content/dataset/synthetic/room_986/syn_07.png,986,1
/content/dataset/synthetic/room_986/syn_08.png,986,1
/content/dataset/synthetic/room_986/syn_09.png,986,1
/content/dataset/real/room_987.jpeg,987,0
/content/dataset/synthetic/room_987/syn_00.png,987,1
/content/dataset/synthetic/room_987/syn_01.png,987,1
/content/dataset/synthetic/room_987/syn_02.png,987,1
/content/dataset/synthetic/room_987/syn_03.png,987,1
/content/dataset/synthetic/room_987/syn_04.png,987,1
/content/dataset/synthetic/room_987/syn_05.png,987,1
/content/dataset/synthetic/room_987/syn_06.png,987,1
/content/dataset/synthetic/room_987/syn_07.png,987,1
/content/dataset/synthetic/room_987/syn_08.png,987,1
/content/dataset/synthetic/room_987/syn_09.png,987,1
/content/dataset/real/room_988.jpg,988,0
/content/dataset/synthetic/room_988/syn_00.png,988,1
/content/dataset/synthetic/room_988/syn_01.png,988,1
/content/dataset/synthetic/room_988/syn_02.png,988,1
/content/dataset/synthetic/room_988/syn_03.png,988,1
/content/dataset/synthetic/room_988/syn_04.png,988,1
/content/dataset/synthetic/room_988/syn_05.png,988,1
/content/dataset/synthetic/room_988/syn_06.png,988,1
/content/dataset/synthetic/room_988/syn_07.png,988,1
/content/dataset/synthetic/room_988/syn_08.png,988,1
/content/dataset/synthetic/room_988/syn_09.png,988,1
/content/dataset/real/room_989.jpeg,989,0
/content/dataset/synthetic/room_989/syn_00.png,989,1
/content/dataset/synthetic/room_989/syn_01.png,989,1
/content/dataset/synthetic/room_989/syn_02.png,989,1
/content/dataset/synthetic/room_989/syn_03.png,989,1
/content/dataset/synthetic/room_989/syn_04.png,989,1
/content/dataset/synthetic/room_989/syn_05.png,989,1
/content/dataset/synthetic/room_989/syn_06.png,989,1
/content/dataset/synthetic/room_989/syn_07.png,989,1
/content/dataset/synthetic/room_989/syn_08.png,989,1
/content/dataset/synthetic/room_989/syn_09.png,989,1
/content/dataset/real/room_990.jpg,990,0
/content/dataset/synthetic/room_990/syn_00.png,990,1
/content/dataset/synthetic/room_990/syn_01.png,990,1
/content/dataset/synthetic/room_990/syn_02.png,990,1
/content/dataset/synthetic/room_990/syn_03.png,990,1
/content/dataset/synthetic/room_990/syn_04.png,990,1
/content/dataset/synthetic/room_990/syn_05.png,990,1
/content/dataset/synthetic/room_990/syn_06.png,990,1
/content/dataset/synthetic/room_990/syn_07.png,990,1
/content/dataset/synthetic/room_990/syn_08.png,990,1
/content/dataset/synthetic/room_990/syn_09.png,990,1
/content/dataset/real/room_991.jpeg,991,0
/content/dataset/synthetic/room_991/syn_00.png,991,1
/content/dataset/synthetic/room_991/syn_01.png,991,1
/content/dataset/synthetic/room_991/syn_02.png,991,1
/content/dataset/synthetic/room_991/syn_03.png,991,1
/content/dataset/synthetic/room_991/syn_04.png,991,1
/content/dataset/synthetic/room_991/syn_05.png,991,1
/content/dataset/synthetic/room_991/syn_06.png,991,1
/content/dataset/synthetic/room_991/syn_07.png,991,1
/content/dataset/synthetic/room_991/syn_08.png,991,1
/content/dataset/synthetic/room_991/syn_09.png,991,1
/content/dataset/real/room_992.jpg,992,0
/content/dataset/synthetic/room_992/syn_00.png,992,1
/content/dataset/synthetic/room_992/syn_01.png,992,1
/content/dataset/synthetic/room_992/syn_02.png,992,1
/content/dataset/synthetic/room_992/syn_03.png,992,1
/content/dataset/synthetic/room_992/syn_04.png,992,1
/content/dataset/synthetic/room_992/syn_05.png,992,1
/content/dataset/synthetic/room_992/syn_06.png,992,1
/content/dataset/synthetic/room_992/syn_07.png,992,1
/content/dataset/synthetic/room_992/syn_08.png,992,1
/content/dataset/synthetic/room_992/syn_09.png,992,1
/content/dataset/real/room_993.jpeg,993,0
/content/dataset/synthetic/room_993/syn_00.png,993,1
/content/dataset/synthetic/room_993/syn_01.png,993,1
/content/dataset/synthetic/room_993/syn_02.png,993,1
/content/dataset/synthetic/room_993/syn_03.png,993,1
/content/dataset/synthetic/room_993/syn_04.png,993,1
/content/dataset/synthetic/room_993/syn_05.png,993,1
/content/dataset/synthetic/room_993/syn_06.png,993,1
/content/dataset/synthetic/room_993/syn_07.png,993,1
/content/dataset/synthetic/room_993/syn_08.png,993,1
/content/dataset/synthetic/room_993/syn_09.png,993,1
/content/dataset/real/room_994.jpg,994,0
/content/dataset/synthetic/room_994/syn_00.png,994,1
/content/dataset/synthetic/room_994/syn_01.png,994,1
/content/dataset/synthetic/room_994/syn_02.png,994,1
/content/dataset/synthetic/room_994/syn_03.png,994,1
/content/dataset/synthetic/room_994/syn_04.png,994,1
/content/dataset/synthetic/room_994/syn_05.png,994,1
/content/dataset/synthetic/room_994/syn_06.png,994,1
/content/dataset/synthetic/room_994/syn_07.png,994,1
/content/dataset/synthetic/room_994/syn_08.png,994,1
/content/dataset/synthetic/room_994/syn_09.png,994,1
/content/dataset/real/room_995.jpeg,995,0
/content/dataset/synthetic/room_995/syn_00.png,995,1
/content/dataset/synthetic/room_995/syn_01.png,995,1
/content/dataset/synthetic/room_995/syn_02.png,995,1
/content/dataset/synthetic/room_995/syn_03.png,995,1
/content/dataset/synthetic/room_995/syn_04.png,995,1
/content/dataset/synthetic/room_995/syn_05.png,995,1
/content/dataset/synthetic/room_995/syn_06.png,995,1
/content/dataset/synthetic/room_995/syn_07.png,995,1
/content/dataset/synthetic/room_995/syn_08.png,995,1
/content/dataset/synthetic/room_995/syn_09.png,995,1
/content/dataset/real/room_996.jpg,996,0
/content/dataset/synthetic/room_996/syn_00.png,996,1
/content/dataset/synthetic/room_996/syn_01.png,996,1
/content/dataset/synthetic/room_996/syn_02.png,996,1
/content/dataset/synthetic/room_996/syn_03.png,996,1
/content/dataset/synthetic/room_996/syn_04.png,996,1
/content/dataset/synthetic/room_996/syn_05.png,996,1
/content/dataset/synthetic/room_996/syn_06.png,996,1
/content/dataset/synthetic/room_996/syn_07.png,996,1
/content/dataset/synthetic/room_996/syn_08.png,996,1
/content/dataset/synthetic/room_996/syn_09.png,996,1
/content/dataset/real/room_997.jpeg,997,0
/content/dataset/synthetic/room_997/syn_00.png,997,1
/content/dataset/synthetic/room_997/syn_01.png,997,1
/content/dataset/synthetic/room_997/syn_02.png,997,1
/content/dataset/synthetic/room_997/syn_03.png,997,1
/content/dataset/synthetic/room_997/syn_04.png,997,1
/content/dataset/synthetic/room_997/syn_05.png,997,1
/content/dataset/synthetic/room_997/syn_06.png,997,1
/content/dataset/synthetic/room_997/syn_07.png,997,1
/content/dataset/synthetic/room_997/syn_08.png,997,1
/content/dataset/synthetic/room_997/syn_09.png,997,1
/content/dataset/real/room_998.jpg,998,0
/content/dataset/synthetic/room_998/syn_00.png,998,1
/content/dataset/synthetic/room_998/syn_01.png,998,1
/content/dataset/synthetic/room_998/syn_02.png,998,1
/content/dataset/synthetic/room_998/syn_03.png,998,1
/content/dataset/synthetic/room_998/syn_04.png,998,1
/content/dataset/synthetic/room_998/syn_05.png,998,1
/content/dataset/synthetic/room_998/syn_06.png,998,1
/content/dataset/synthetic/room_998/syn_07.png,998,1
/content/dataset/synthetic/room_998/syn_08.png,998,1
/content/dataset/synthetic/room_998/syn_09.png,998,1
/content/dataset/real/room_999.jpeg,999,0
/content/dataset/synthetic/room_999/syn_00.png,999,1
/content/dataset/synthetic/room_999/syn_01.png,999,1
/content/dataset/synthetic/room_999/syn_02.png,999,1
/content/dataset/synthetic/room_999/syn_03.png,999,1
/content/dataset/synthetic/room_999/syn_04.png,999,1
/content/dataset/synthetic/room_999/syn_05.png,999,1
/content/dataset/synthetic/room_999/syn_06.png,999,1
/content/dataset/synthetic/room_999/syn_07.png,999,1
/content/dataset/synthetic/room_999/syn_08.png,999,1
/content/dataset/synthetic/room_999/syn_09.png,999,1
